"id","original_prompt","used_prompt","generated_text_raw","generated_text_clean","p_value","z_score"
"0","tv future in the hands of viewers with home theatre systems  plasma high-definition tvs  and digital video recorders moving into the living room  the way people watch tv will be radically different in five years  time.  that is according to an expert panel which gathered at the annual consumer electronics show in las vegas to discuss how these new technologies will impact one of our favourite pastimes. with the us leading the trend  programmes and other content will be delivered to viewers via home networks  through cable  satellite  telecoms companies  and broadband service providers to front rooms and portable devices.  one of the most talked-about technologies of ces has been digital and personal video recorders (dvr and pvr). these set-top boxes  like the us s tivo and the uk s sky+ system  allow people to record  store  play  pause and forward wind tv programmes when they want.  essentially  the technology allows for much more personalised tv. they are also being built-in to high-definition tv sets  which are big business in japan and the us  but slower to take off in europe because of the lack of high-definition programming. not only can people forward wind through adverts  they can also forget about abiding by network and channel schedules  putting together their own a-la-carte entertainment. but some us networks and cable and satellite companies are worried about what it means for them in terms of advertising revenues as well as  brand identity  and viewer loyalty to channels. although the us leads in this technology at the moment  it is also a concern that is being raised in europe  particularly with the growing uptake of services like sky+.  what happens here today  we will see in nine months to a years  time in the uk   adam hume  the bbc broadcast s futurologist told the bbc news website. for the likes of the bbc  there are no issues of lost advertising revenue yet. it is a more pressing issue at the moment for commercial uk broadcasters  but brand loyalty is important for everyone.  we will be talking more about content brands rather than network brands   said tim hanlon  from brand communications firm starcom mediavest.  the reality is that with broadband connections  anybody can be the producer of content.  he added:  the challenge now is that it is hard to promote a programme with so much choice.   what this means  said stacey jolna  senior vice president of tv guide tv group  is that the way people find the content they want to watch has to be simplified for tv viewers. it means that networks  in us terms  or channels could take a leaf out of google s book and be the search engine of the future  instead of the scheduler to help people find what they want to watch. this kind of channel model might work for the younger ipod generation which is used to taking control of their gadgets and what they play on them. but it might not suit everyone  the panel recognised. older generations are more comfortable with familiar schedules and channel brands because they know what they are getting. they perhaps do not want so much of the choice put into their hands  mr hanlon suggested.  on the other end  you have the kids just out of diapers who are pushing buttons already - everything is possible and available to them   said mr hanlon.  ultimately  the consumer will tell the market they want.   of the 50 000 new gadgets and technologies being showcased at ces  many of them are about enhancing the tv-watching experience. high-definition tv sets are everywhere and many new models of lcd (liquid crystal display) tvs have been launched with dvr capability built into them  instead of being external boxes. one such example launched at the show is humax s 26-inch lcd tv with an 80-hour tivo dvr and dvd recorder. one of the us s biggest satellite tv companies  directtv  has even launched its own branded dvr at the show with 100-hours of recording capability  instant replay  and a search function. the set can pause and rewind tv for up to 90 hours. and microsoft chief bill gates announced in his pre-show keynote speech a partnership with tivo  called tivotogo  which means people can play recorded programmes on windows pcs and mobile devices. all these reflect the increasing trend of freeing up multimedia so that people can watch what they want  when they want.","tv future in the hands of viewers with home theatre systems plasma high-definition tvs and digital video recorders moving into the living room the way people watch tv will be radically different in five years time. that is according to an expert panel which gathered at the annual consumer electronics show in las vegas to discuss how these new technologies will impact one of our favourite pastimes. with the us leading the trend programmes and other content will be delivered to viewers via home networks through cable satellite telecoms companies and"," some of the largest cable providers, including AT&T and Verizon, including T-Mobile US, T-mobile and Verizon.

In the coming years there will be a lot of changes to home technology, including:

 Television will no longer have to be as expensively made. This means less advertising.
 Internet speed is going down. Incentives for using home internet services are also going down, particularly when it comes to broadband speeds.
This is by no small","some of the largest cable providers, including AT&T and Verizon, including T-Mobile US, T-mobile and Verizon. In the coming years there will be a lot of changes to home technology, including:  Television will no longer have to be as expensively made. This means less advertising.  Internet speed is going down. Incentives for using home internet services are also going down, particularly when it comes to broadband speeds.","3.399424987395955e-08","5.396407334626633"
"1","worldcom boss  left books alone  former worldcom boss bernie ebbers  who is accused of overseeing an $11bn (5.8bn) fraud  never made accounting decisions  a witness has told jurors.  david myers made the comments under questioning by defence lawyers who have been arguing that mr ebbers was not responsible for worldcom s problems. the phone company collapsed in 2002 and prosecutors claim that losses were hidden to protect the firm s shares. mr myers has already pleaded guilty to fraud and is assisting prosecutors.  on monday  defence lawyer reid weingarten tried to distance his client from the allegations. during cross examination  he asked mr myers if he ever knew mr ebbers  make an accounting decision  .  not that i am aware of   mr myers replied.  did you ever know mr ebbers to make an accounting entry into worldcom books   mr weingarten pressed.  no   replied the witness. mr myers has admitted that he ordered false accounting entries at the request of former worldcom chief financial officer scott sullivan. defence lawyers have been trying to paint mr sullivan  who has admitted fraud and will testify later in the trial  as the mastermind behind worldcom s accounting house of cards.  mr ebbers  team  meanwhile  are looking to portray him as an affable boss  who by his own admission is more pe graduate than economist. whatever his abilities  mr ebbers transformed worldcom from a relative unknown into a $160bn telecoms giant and investor darling of the late 1990s. worldcom s problems mounted  however  as competition increased and the telecoms boom petered out. when the firm finally collapsed  shareholders lost about $180bn and 20 000 workers lost their jobs. mr ebbers  trial is expected to last two months and if found guilty the former ceo faces a substantial jail sentence. he has firmly declared his innocence.","worldcom boss left books alone former worldcom boss bernie ebbers who is accused of overseeing an $11bn (5.8bn) fraud never made accounting decisions a witness has told jurors. david myers made the comments under questioning by defence lawyers who have been arguing that mr ebbers was not responsible for worldcom s problems. the phone company collapsed in 2002 and prosecutors claim that losses were hidden to protect the firm s shares. mr myers has already pleaded guilty to fraud"," over a 13m cash loan to worldcom. but his guilty plea to fraud in 2013 will make it harder for him to be sentenced.

worldcom: I don't want to see you.
(LAUGHTER)

David Burt: I think he's made a mistake.
Michael.
David.
MICHAEL BARBES: No, it isn't.
davidmyers: I'm sure you know what you're doing is wrong because you","over a 13m cash loan to worldcom. but his guilty plea to fraud in 2013 will make it harder for him to be sentenced. worldcom: I don't want to see you. (LAUGHTER) David Burt: I think he's made a mistake. Michael. David. MICHAEL BARBES: No, it isn't.","4.0654247701977057e-07","4.932200252078106"
"2","tigers wary of farrell  gamble  leicester say they will not be rushed into making a bid for andy farrell should the great britain rugby league captain decide to switch codes.   we and anybody else involved in the process are still some way away from going to the next stage   tigers boss john wells told bbc radio leicester.  at the moment  there are still a lot of unknowns about andy farrell  not least his medical situation.  whoever does take him on is going to take a big  big gamble.  farrell  who has had persistent knee problems  had an operation on his knee five weeks ago and is expected to be out for another three months. leicester and saracens are believed to head the list of rugby union clubs interested in signing farrell if he decides to move to the 15-man game.  if he does move across to union  wells believes he would better off playing in the backs  at least initially.  i m sure he could make the step between league and union by being involved in the centre   said wells.  i think england would prefer him to progress to a position in the back row where they can make use of some of his rugby league skills within the forwards.  the jury is out on whether he can cross that divide.  at this club  the balance will have to be struck between the cost of that gamble and the option of bringing in a ready-made replacement.","tigers wary of farrell gamble leicester say they will not be rushed into making a bid for andy farrell should the great britain rugby league captain decide to switch codes. we and anybody else involved in the process are still some way away from going to the next stage tigers boss john wells told bbc radio leicester. at the moment there are still a lot of unknowns about andy farrell not least his medical situation. whoever does take him on is going to take a"," risk he is going through. andy and our team-mates and our management have been absolutely delighted with his development and progress. we are so happy. i am truly honoured that he is getting such positive reviews. it is difficult for me to begrudge him being a part of this great club. the good thing, however, is that he has developed a lot since taking the reins in 2013 but the best way out now is to make sure his health is well taken care of. a few","risk he is going through. andy and our team-mates and our management have been absolutely delighted with his development and progress. we are so happy. i am truly honoured that he is getting such positive reviews. it is difficult for me to begrudge him being a part of this great club. the good thing, however, is that he has developed a lot since taking the reins in 2013 but the best way out now is to make sure his health is well taken care of.","2.7464302917418046e-11","6.556925040997952"
"3","yeading face newcastle in fa cup premiership side newcastle united face a trip to ryman premier league leaders yeading in the fa cup third round.  the game - arguably the highlight of the draw - is a potential money-spinner for non-league yeading  who beat slough in the second round. conference side exeter city  who knocked out doncaster on saturday  will travel to old trafford to meet holders manchester united in january. arsenal were drawn at home to stoke and chelsea will play host to scunthorpe. the only other non-league side in the draw are hinckley united  who held brentford to a goalless draw on sunday. they will meet league one leaders luton if they win their replay against martin allen s team at griffin park.  a number of premiership teams face difficult away games against championship sides on the weekend of 8/9 january. third-placed everton visit plymouth  liverpool travel to burnley  crystal palace go to sunderland  fulham face carling cup semi-finalists watford  bolton meet ipswich  while aston villa were drawn against sheffield united. premiership strugglers norwich  blackburn  west brom are away at west ham  cardiff and preston north end respectively. southampton visit northampton  having already beaten the league two side in the carling cup earlier this season. middlesbrough were drawn away against either swindon or notts county  while spurs entertain brighton at white hart lane.  arsenal v stoke  swindon/notts co v middlesbrough  man utd v exeter  plymouth v everton  leicester v blackpool  derby v wigan  sunderland v crystal palace  wolves v millwall  yeading v newcastle  hull v colchester  tottenham v brighton  reading v stockport/swansea  birmingham v leeds  hartlepool v boston  milton keynes dons v peterborough  oldham v man city  chelsea v scunthorpe  cardiff v blackburn  charlton v rochdale  west ham v norwich  sheff utd v aston villa  preston v west brom  rotherham v yeovil  burnley v liverpool  bournemouth v chester  coventry v crewe  watford v fulham  ipswich v bolton  portsmouth v gillingham  northampton v southampton  qpr v nottm forest  luton v hinckley/brentford  matches to be played on weekend of 8/9 january.","yeading face newcastle in fa cup premiership side newcastle united face a trip to ryman premier league leaders yeading in the fa cup third round. the game - arguably the highlight of the draw - is a potential money-spinner for non-league yeading who beat slough in the second round. conference side exeter city who knocked out doncaster on saturday will travel to old trafford to meet holders manchester united in january. arsenal were drawn"," 4-4 with two strikers and an assist, as well as a striker scoring a brace.

This year, there's no better time to get a grip on Arsenal than today (the final day of the season). this past weekend was another great one, with Manchester United winning the FA Cup for the first time. we're all hoping that the team can keep on winning, and it means they've done a good job so far this season and deserve to be in the top four. we","4-4 with two strikers and an assist, as well as a striker scoring a brace. This year, there's no better time to get a grip on Arsenal than today (the final day of the season). this past weekend was another great one, with Manchester United winning the FA Cup for the first time. we're all hoping that the team can keep on winning, and it means they've done a good job so far this season and deserve to be in the top four.","3.947841320552369e-06","4.467993169529578"
"4","ocean s twelve raids box office ocean s twelve  the crime caper sequel starring george clooney  brad pitt and julia roberts  has gone straight to number one in the us box office chart.  it took $40.8m (21m) in weekend ticket sales  according to studio estimates. the sequel follows the master criminals as they try to pull off three major heists across europe. it knocked last week s number one  national treasure  into third place. wesley snipes  blade: trinity was in second  taking $16.1m (8.4m). rounding out the top five was animated fable the polar express  starring tom hanks  and festive comedy christmas with the kranks.  ocean s twelve box office triumph marks the fourth-biggest opening for a december release in the us  after the three films in the lord of the rings trilogy. the sequel narrowly beat its 2001 predecessor  ocean s eleven which took $38.1m (19.8m) on its opening weekend and $184m (95.8m) in total. a remake of the 1960s film  starring frank sinatra and the rat pack  ocean s eleven was directed by oscar-winning director steven soderbergh. soderbergh returns to direct the hit sequel which reunites clooney  pitt and roberts with matt damon  andy garcia and elliott gould. catherine zeta-jones joins the all-star cast.  it s just a fun  good holiday movie   said dan fellman  president of distribution at warner bros. however  us critics were less complimentary about the $110m (57.2m) project  with the los angeles times labelling it a  dispiriting vanity project . a milder review in the new york times dubbed the sequel  unabashedly trivial .","ocean s twelve raids box office ocean s twelve the crime caper sequel starring george clooney brad pitt and julia roberts has gone straight to number one in the us box office chart. it took $40.8m (21m) in weekend ticket sales according to studio estimates. the sequel follows the master criminals as they try to pull off three major heists across europe. it knocked last week s number one national treasure into third place. wesley snipes"," was released in cinemas on sunday night, as well as being screened on BBC 1 on sundays and christmas eve.

nostalgia of the past: the new movie from the oceania-era director is so much fun.the first part of the movie was just a short film about a guy who, as he's the main character, is trying to figure out where his girlfriend went missing from.it didn't have to be that bad of an experience.the rest","was released in cinemas on sunday night, as well as being screened on BBC 1 on sundays and christmas eve. nostalgia of the past: the new movie from the oceania-era director is so much fun.the first part of the movie was just a short film about a guy who, as he's the main character, is trying to figure out where his girlfriend went missing from.it didn't have to be that bad of an experience.","2.7464302917418046e-11","6.556925040997952"
"5","howard hits back at mongrel jibe michael howard has said a claim by peter hain that the tory leader is acting like an  attack mongrel  shows labour is  rattled  by the opposition.  in an upbeat speech to his party s spring conference in brighton  he said labour s campaigning tactics proved the tories were hitting home. mr hain made the claim about tory tactics in the anti-terror bill debate.  something tells me that someone  somewhere out there is just a little bit rattled   mr howard said. mr hain  leader of the commons  told bbc radio four s today programme that mr howard s stance on the government s anti-terrorism legislation was putting the country at risk. he then accused the tory leader of behaving like an  attack mongrel  and  playing opposition for opposition sake .  mr howard told his party that labour would  do anything  say anything  claim anything to cling on to office at all costs .  so far this year they have compared me to fagin  to shylock and to a flying pig. this morning peter hain even called me a mongrel.  i don t know about you  but something tells me that someone  somewhere out there is just a little bit rattled.  environment secretary margaret beckett rejected mr howard s comment  telling radio 4 s pm programme that labour was not  rattled .  we have a very real duty to try to get people to focus on michael howard s record  what the proposals are that he is trying to put forward to the country and also the many examples we are seeing now of what we believe is really poor judgement on his behalf.   mr howard said tory policies on schools  taxes  immigration and crime were striking a chord with voters.   since the beginning of this year - election year - we ve been making the political weather   he told the party conference. mr howard denied he had been  playing politics  by raising the case of margaret dixon  whose operation had been cancelled seven times  which grabbed headlines for the party two weeks ago. and he hit back at labour claims he had used mrs dixon as a  human shield .  she s not a human shield mr blair  she s a human being.  mr howard said his party plans for immigration quotas  which have also been the focus of much media coverage  were not  racist  - just  common sense .  he pledged cleaner hospitals and better school discipline  with a promise to get rid of  political correctness  in the national curriculum and give everyone to the same chance of a  decent  state education as he had.  i come from an ordinary family. if the teenage michael howard were applying to cambridge today  gordon brown would love me.   and he stressed his party s commitment to cut taxes and red tape and increase the basic state pension in line with earnings. he finished with a personal appeal to party activists to go out and win the next election.  one day you will be able to tell your children and grandchildren as i will tell mine   i was there. i did my bit. i played my part. i helped to win that famous election - the election that transformed our country for the better .  labour election co-ordinator alan milburn said:  michael howard s speech today confirms what we have always said - that his only strategy is opportunism but he has no forward vision for the country. in reference to the appearance of mr howard s family on the conference stage with him  mr milburn said:  michael howard is perfectly entitled to pose with his family today.  but it is the hard working families across britain that will be damaged by his plan to cut 35bn from public spending.","howard hits back at mongrel jibe michael howard has said a claim by peter hain that the tory leader is acting like an attack mongrel shows labour is rattled by the opposition. in an upbeat speech to his party s spring conference in brighton he said labour s campaigning tactics proved the tories were hitting home. mr hain made the claim about tory tactics in the anti-terror bill debate. something tells me that someone somewhere out there is just"," really confused. he is going to have to answer.

Aboriginal:the fact is is this bill is going through. it is going right into the hands of, yes, a lot of the people who are on this side of the border...and I think they have, I think the people in this room, all over this place, a feeling that this bill and its, it is so much different.
So I think were not, I","really confused. he is going to have to answer. Aboriginal:the fact is is this bill is going through. it is going right into the hands of, yes, a lot of the people who are on this side of the border...and I think they have, I think the people in this room, all over this place, a feeling that this bill and its, it is so much different.","5.934340569241363e-15","7.717442747369271"
"6","blair prepares to name poll date tony blair is likely to name 5 may as election day when parliament returns from its easter break  the bbc s political editor has learned.  andrew marr says mr blair will ask the queen on 4 or 5 april to dissolve parliament at the end of that week. mr blair has so far resisted calls for him to name the day but all parties have stepped up campaigning recently. downing street would not be drawn on the claim  saying election timing was a matter for the prime minister.  a number 10 spokeswoman would only say:  he will announce an election when he wants to announce an election.  the move will signal a frantic week at westminster as the government is likely to try to get key legislation through parliament. the government needs its finance bill  covering the budget plans  to be passed before the commons closes for business at the end of the session on 7 april.  but it will also seek to push through its serious and organised crime bill and id cards bill. mr marr said on wednesday s today programme:  there s almost nobody at a senior level inside the government or in parliament itself who doesn t expect the election to be called on 4 or 5 april.  as soon as the commons is back after the short easter recess  tony blair whips up to the palace  asks the queen to dissolve parliament ... and we re going.  the labour government officially has until june 2006 to hold general election  but in recent years governments have favoured four-year terms.","blair prepares to name poll date tony blair is likely to name 5 may as election day when parliament returns from its easter break the bbc s political editor has learned. andrew marr says mr blair will ask the queen on 4 or 5 april to dissolve parliament at the end of that week. mr blair has so far resisted calls for him to name the day but all parties have stepped up campaigning recently. downing street would not be drawn on the claim"," she wants to dissolve Parliament. in her bid to become prime minister she will need to win support of both houses of parliament. it is widely expected she will announce a three party government, including one led by one of the most progressive members of parliament, tyler blair.

In the last few months theresa mueller has been running a campaign against president trump. this year, however, there was speculation that he might try to oust her. and it is expected she would take a more","she wants to dissolve Parliament. in her bid to become prime minister she will need to win support of both houses of parliament. it is widely expected she will announce a three party government, including one led by one of the most progressive members of parliament, tyler blair. In the last few months theresa mueller has been running a campaign against president trump. this year, however, there was speculation that he might try to oust her.","0.00047070479296677613","3.307475463158259"
"7","henman hopes ended in dubai third seed tim henman slumped to a straight sets defeat in his rain-interrupted dubai open quarter-final against ivan ljubicic.  the croatian eighth seed booked his place in the last four with a 7-5 6-4 victory over the british number one. henman had looked on course to level the match after going 2-0 up in the second set  but his progress was halted as the rain intervened again. ljubicic hit back after the break to seal a fourth straight win over henman. earlier in the day  spanish fifth seed tommy robredo secured his semi-final place when he beat nicolas kiefer of germany 6-4 6-4. afterwards  henman was left cursing the weather and the umpire after seven breaks for rain during the match.  it was incredibly frustrating   henman said.  it s raining and the umpire doesn t take control.  he kept telling us to play till the end of the game. but if it s raining  you come off - the score s irrelevant.  it couldn t be more frustrating as i was very happy with my form until now. you don t expect this in the desert.","henman hopes ended in dubai third seed tim henman slumped to a straight sets defeat in his rain-interrupted dubai open quarter-final against ivan ljubicic. the croatian eighth seed booked his place in the last four with a 7-5 6-4 victory over the british number one. henman had looked on course to level the match after going 2-0 up in the second set but his progress was halted as the rain intervened again. l","jugicic dropped serve, leaving him with only five games to play in this year's finals.
""We had a good run. It was just a bit slow and I didn't have much of a chance,"" said the Croatian, who has lost both of his first three matches, including his final set when he beat the world No.7 Kei Nishikori 6-2 6-0. ""That was disappointing for me because it is so hard to keep playing. I felt","jugicic dropped serve, leaving him with only five games to play in this year's finals. ""We had a good run. It was just a bit slow and I didn't have much of a chance,"" said the Croatian, who has lost both of his first three matches, including his final set when he beat the world No.7 Kei Nishikori 6-2 6-0. ""That was disappointing for me because it is so hard to keep playing.","2.2278545302028113e-05","4.0824829046386295"
"8","wilkinson fit to face edinburgh england captain jonny wilkinson will make his long-awaited return from injury against edinburgh on saturday.  wilkinson  who has not played since injuring his bicep on 17 october  took part in full-contact training with newcastle falcons on wednesday. and the 25-year-old fly-half will start saturday s heineken cup match at murrayfield on the bench. but newcastle director of rugby rob andrew said:  he s fine and we hope to get him into the game at some stage.  the 25-year-old missed england s autumn internationals after aggravating the haematoma in his upper right arm against saracens. he was subsequently replaced as england captain by full-back jason robinson. sale s charlie hodgson took over the number 10 shirt in the internationals against canada  south africa and australia. wilkinson s year has been disrupted by injury as his muscle problem followed eight months on the sidelines with a shoulder injury sustained in the world cup final.","wilkinson fit to face edinburgh england captain jonny wilkinson will make his long-awaited return from injury against edinburgh on saturday. wilkinson who has not played since injuring his bicep on 17 october took part in full-contact training with newcastle falcons on wednesday. and the 25-year-old fly-half will start saturday s heineken cup match at murrayfield on the bench. but newcastle director of rugby rob and"," cooney said the talisman is happy to be back and want to play again soon.

more:wilkins fit to be face edgingale captain jonsonsonsonny, centre back johnnyson has returned from injury this past weekend. and edisons' head coach, cooney says: ""he is pleased with his health, fitness, and character; there is hope for him to make his debut this season."" wilkinson suffered an ankle injury while training with","cooney said the talisman is happy to be back and want to play again soon. more:wilkins fit to be face edgingale captain jonsonsonsonny, centre back johnnyson has returned from injury this past weekend. and edisons' head coach, cooney says: ""he is pleased with his health, fitness, and character; there is hope for him to make his debut this season.","1.368201015877903e-13","7.306770072260992"
"9","last star wars  not for children  the sixth and final star wars movie may not be suitable for young children  film-maker george lucas has said.  he told us tv show 60 minutes that revenge of the sith would be the darkest and most violent of the series.  i don t think i would take a five or six-year-old to this   he told the cbs programme  to be aired on sunday. lucas predicted the film would get a us rating advising parents some scenes may be unsuitable for under-13s. it opens in the uk and us on 19 may. he said he expected the film would be classified pg-13 - roughly equivalent to a british 12a rating.  the five previous star wars films have all carried less restrictive pg - parental guidance - ratings in the us. in the uk  they have all been passed u - suitable for all - with the exception of attack of the clones  which got a pg rating in 2002. revenge of the sith - the third prequel to the original 1977 star wars film - chronicles the transformation of the heroic anakin skywalker into the evil darth vader as he travels to a hell-like planet composed of erupting volcanoes and molten lava.  we re going to watch him make a pact with the devil   lucas said.  the film is much more dark  more emotional. it s much more of a tragedy.","last star wars not for children the sixth and final star wars movie may not be suitable for young children film-maker george lucas has said. he told us tv show 60 minutes that revenge of the sith would be the darkest and most violent of the series. i don t think i would take a five or six-year-old to this he told the cbs programme to be aired on sunday. lucas predicted the film would get a us rating advising parents some scenes may be"," too dark. he explained: the first thing you want to do is have your kids watch it with you. the director also said the film will not be watched at midnight as he is planning to have it close by 6 oclock in the morning. star wars, star wars: The Rise Of Skywalker, Star Wars: The Last Jedi, Starwars: The Force Awakens  What To Expect From The Last Star Wars? Where Will It Be Inaugurated? Watch","too dark. he explained: the first thing you want to do is have your kids watch it with you. the director also said the film will not be watched at midnight as he is planning to have it close by 6 oclock in the morning. star wars, star wars: The Rise Of Skywalker, Star Wars: The Last Jedi, Starwars: The Force Awakens  What To Expect From The Last Star Wars? Where Will It Be Inaugurated?","1.2066773532761895e-07","5.164303793352369"
"10","berlin cheers for anti-nazi film a german movie about an anti-nazi resistance heroine has drawn loud applause at berlin film festival.  sophie scholl - the final days portrays the final days of the member of the white rose movement. scholl  21  was arrested and beheaded with her brother  hans  in 1943 for distributing leaflets condemning the  abhorrent tyranny  of adolf hitler. director marc rothemund said:  i have a feeling of responsibility to keep the legacy of the scholls going.   we must somehow keep their ideas alive   he added.  the film drew on transcripts of gestapo interrogations and scholl s trial preserved in the archive of communist east germany s secret police. their discovery was the inspiration behind the film for rothemund  who worked closely with surviving relatives  including one of scholl s sisters  to ensure historical accuracy on the film. scholl and other members of the white rose resistance group first started distributing anti-nazi leaflets in the summer of 1942. they were arrested as they dropped leaflets at munich university calling for a  day of reckoning  with adolf hitler s regime. the film focuses on the six days from scholl s arrest to the intense trial which saw scholl initially deny the charges and ended with a defiant appearance. it is one of three german films vying for a top prize at the festival.  a south african film version of bizet s tragic opera carmen shot in cape town in the xhosa language has also premiered at the berlin festival. the film is entitled u-carmen ekhayelitsha or carmen in khayelitsha after the township in which the story is set. it is performed by a 40-strong music and theatre troupe in their debut film performance. the film is the first south african feature in 25 years and only the second to be nominated for a golden bear award.","berlin cheers for anti-nazi film a german movie about an anti-nazi resistance heroine has drawn loud applause at berlin film festival. sophie scholl - the final days portrays the final days of the member of the white rose movement. scholl 21 was arrested and beheaded with her brother hans in 1943 for distributing leaflets condemning the abhorrent tyranny of adolf hitler. director marc rothemund said: i have a feeling of responsibility to keep the legacy of"," the struggle in mind. the film is based on true events from the first days after the war, with many of the participants being members of the anti-fascism movement. the story focuses around two teenage girls. it is based upon real life experiences: a young woman, sbastien, was attacked by Nazi sympathizers in 1939 and left a year later to live her life as a refugee. the other was an 18-year-old woman, hakmani.s","the struggle in mind. the film is based on true events from the first days after the war, with many of the participants being members of the anti-fascism movement. the story focuses around two teenage girls. it is based upon real life experiences: a young woman, sbastien, was attacked by Nazi sympathizers in 1939 and left a year later to live her life as a refugee. the other was an 18-year-old woman, hakmani.","5.550477317542801e-10","6.092717958449424"
"11","virgin blue shares plummet 20% shares in australian budget airline virgin blue plunged 20% after it warned of a steep fall in full year profits.  virgin blue said profits after tax for the year to march would be between 10% to 15% lower than the previous year.  sluggish demand reported previously for november and now december 2004 continues   said virgin blue chief executive brett godfrey. virgin blue  which is 25% owned by richard branson  has been struggling to fend off pressure from rival jetstar. it cut its full year passenger number forecast by  approximately 2.5% . virgin blue reported a 22% fall in first quarter profits in august 2004 due to tough competition. in november  first half profits were down due to slack demand and rising fuel costs. virgin blue was launched four years ago and now has roughly one third of australia s domestic airline market. but the national carrier  qantas  has fought back with its own budget airline  jetstar  which took to the skies in may 2004. sydney-listed virgin blue s shares recovered slightly to close 12% down on wednesday. shares in its major shareholder  patrick corporation - which owns 46% of virgin blue - had dropped 31% by the close.","virgin blue shares plummet 20% shares in australian budget airline virgin blue plunged 20% after it warned of a steep fall in full year profits. virgin blue said profits after tax for the year to march would be between 10% to 15% lower than the previous year. sluggish demand reported previously for november and now december 2004 continues said virgin blue chief executive brett godfrey. virgin blue which is 25% owned by richard branson has been struggling to fend off pressure from"," some investors to sell its assets, including virgin blue. virginblue said revenue was flat sequentially while net profit fell 8% to $5m and net loss widened to $3m from $1.7m a year earlier. virgin Blue has said the impact of the financial crisis, including pension and interest costs. virginBlue also said the cost of its debt restructuring this year, including over $200bn of debt restructuring charges, was on track to increase by 15%. virginblue had said","some investors to sell its assets, including virgin blue. virginblue said revenue was flat sequentially while net profit fell 8% to $5m and net loss widened to $3m from $1.7m a year earlier. virgin Blue has said the impact of the financial crisis, including pension and interest costs. virginBlue also said the cost of its debt restructuring this year, including over $200bn of debt restructuring charges, was on track to increase by 15%.","4.196794270574786e-16","8.048323440573299"
"12","crude oil prices back above $50 cold weather across parts of the united states and much of europe has pushed us crude oil prices above $50 a barrel for the first time in almost three months.  freezing temperatures and heavy snowfall have increased demand for heating fuel in the us  where stocks are low. fresh falls in the value of the dollar helped carry prices above the $50 mark for the first time since november. a barrel of us crude oil closed up $2.80 to $51.15 in new york on tuesday. opec members said on tuesday that it saw no reason to cut its output.  although below last year s peak of $55.67 a barrel  which was reached in october  prices are now well above 2004 s average of $41.48.  brent crude also rose in london trading  adding $1.89 to $48.62 at the close. much of western europe and the north east of america has been shivering under unseasonably low temperatures in recent days. the decline in the us dollar to a five-week low against the euro has also served to inflate prices.  the dollar moved sharply overnight and oil is following it   said chris furness  senior market strategist at 4cast.  if the dollar continues to weaken  oil will be obviously higher.   several opec members said a cut in production was unlikely  citing rising prices and strong demand for oil from asia.  i agree that we do not need to cut supply if the prices are as much as this   fathi bin shatwan  libya s oil minister  told reuters.  i do not think we need to cut unless the prices are falling below $35 a barrel   he added. opec closely watches global stocks to ensure that there is not an excessive supply in the market. the arrival of spring in the northern hemisphere will focus attention on stockpiles of us crude and gasoline  which are up to 9% higher than at this time last year. heavy stockpiles could help force prices lower when demand eases.","crude oil prices back above $50 cold weather across parts of the united states and much of europe has pushed us crude oil prices above $50 a barrel for the first time in almost three months. freezing temperatures and heavy snowfall have increased demand for heating fuel in the us where stocks are low. fresh falls in the value of the dollar helped carry prices above the $50 mark for the first time since november. a barrel of us crude oil closed up $2.80 to $","51.10 this past week, a move that was only slightly higher than it is today as the price of US crude oil dipped by more than 1%, to settle at around $49.70 after hitting its highest level since February.

Ahead of the coldest of the winter months (December and January) and summertime (July-October), oil producer Saudi Arabia cut oil exports. The country also announced that it is considering cutting its output by 50 million barrels per day (bpd","51.10 this past week, a move that was only slightly higher than it is today as the price of US crude oil dipped by more than 1%, to settle at around $49.70 after hitting its highest level since February. Ahead of the coldest of the winter months (December and January) and summertime (July-October), oil producer Saudi Arabia cut oil exports.","3.5681289972117485e-14","7.4853392060950075"
"13","hague  given up  his pm ambition former conservative leader william hague says he will not stand for the leadership again  having given up his ambition to be prime minister.  mr hague  43  told the daily telegraph he would now find a life dominated by politics too  boring  and unfulfilling. mr hague  who stepped down after his party s 2001 election defeat  does not rule out a return to the front bench. he also told the paper he hopes to remain mp for richmond  north yorks  and start a family with wife ffion. mr hague  who recently had published the biography of william pitt the younger  also said he wanted to continue writing books and speech-writing.  he told the newspaper:  i don t know whether i will ever go back on to the front  but don t rush me.  asked if he would stand for the leadership again  mr hague replied:  no. definitely not.  his determination to stay away from a central role will disappoint some senior conservative members  who say the party needs him. tim collins  the shadow education secretary  said last week it would be a  huge boost  to the party if mr hague returned to the front bench. mr hague became an mp at 27 and leader of the opposition at 36. he said:  i feel fortunate that  by the age of 40  i had crammed in an entire political career.  i had been in the cabinet and been leader of the party  so now i can branch out into other things...it is a very liberating feeling.  mr hague added that he may have misjudged his own ambition to be prime minister.  maybe i wasn t as driven by politics as i thought i was   he said.","hague given up his pm ambition former conservative leader william hague says he will not stand for the leadership again having given up his ambition to be prime minister. mr hague 43 told the daily telegraph he would now find a life dominated by politics too boring and unfulfilling. mr hague who stepped down after his party s 2001 election defeat does not rule out a return to the front bench. he also told the paper he hopes to remain mp for richmond north y","ork. mrs hague, who was first elected to parliament in 2005, is well known in her constituency. she has had to spend time away from politics since she was just 10 years old. she became the first woman to hold the office of a member of parliament. she also said she will never give up her ambition to become prime minister in her own right. she said she was proud to have been part of the government that brought the country out of the recession. mrnhague said","ork. mrs hague, who was first elected to parliament in 2005, is well known in her constituency. she has had to spend time away from politics since she was just 10 years old. she became the first woman to hold the office of a member of parliament. she also said she will never give up her ambition to become prime minister in her own right. she said she was proud to have been part of the government that brought the country out of the recession.","0.04621168370527735","1.6827506742384124"
"14","moya emotional after davis cup win carlos moya described spain s davis cup victory as the highlight of his career after he beat andy roddick to end the usa s challenge in seville.  moya made up for missing spain s 2000 victory through injury by beating roddick 6-2 7-6 (7-1) 7-6 (7-5) to give the hosts an unassailable 3-1 lead.  i have woken up so many nights dreaming of this day   said moya.  all my energy has been focused on today.  what i have lived today i do not think i will live again.  spain s only other davis cup title came two years ago in valencia  when they beat australia. and moya  nicknamed charly  admitted:  the davis cup is my dream and i was a bit nervous at the outset.  some people have said that i am obsessed but i think that it is better this way. it helps me reach my goals if i am obsessed.  it s really incredible - to get the winning point is really something.  spanish captain jordi arrese said:  charly played a great game. it was his opportunity and he hasn t let us down.  he had lost three times to roddick  and this was his day to beat him.  he had been waiting years to be in this position.  spain s victory was also remarkable for the performance of rafael nadal  who beat roddick in the opening singles.  aged 18 years and 185 days  the mallorcan became the youngest player to win the davis cup.  what a great way to finish the year   said nadal afterwards. us coach patrick mcenroe wants roddick and the rest of his team to play more tennis on clay and hone their skills on the surface.  i think it will help these guys even on slow hard courts to learn how to mix things up a little bit and to play a little bit smarter and tactically better.   obviously it s unrealistic to say that we re going to just start playing constantly on clay  with the schedule.  but certainly i think we can put the work in at the appropriate time and play a couple more events and play against these guys who are the best on this stuff   said mcenroe. roddick was left frustrated after losing both his singles on the slow clay of seville s olympic stadium.  it s just tough because i felt like i was in it the whole time against one of the top three clay-courters in the world   said the american.  i had my chances and just didn t convert them. the bottom line is they were just better than us this weekend.  they came out  took care of business and they beat us. it s as simple as that.","moya emotional after davis cup win carlos moya described spain s davis cup victory as the highlight of his career after he beat andy roddick to end the usa s challenge in seville. moya made up for missing spain s 2000 victory through injury by beating roddick 6-2 7-6 (7-1) 7-6 (7-5) to give the hosts an unassailable 3-1 lead. i have woken up"," this morning with my heart pounding, my legs are sore, my mind is trying not to think about how many times i will need to be reminded that this game is only one match, it is only a season and it is going to get more difficult. i am proud of my son who, despite being the most determined player on earth, was unable to hold back the tears from his mother during the final.i hope i can be there for him to feel sorry for himself when it is all said","this morning with my heart pounding, my legs are sore, my mind is trying not to think about how many times i will need to be reminded that this game is only one match, it is only a season and it is going to get more difficult. i am proud of my son who, despite being the most determined player on earth, was unable to hold back the tears from his mother during the final.","1.3001915629892368e-06","4.700096710803842"
"15","s korean credit card firm rescued south korea s largest credit card firm has averted liquidation following a one trillion won ($960m; 499m) bail-out.  lg card had been threatened with collapse because of its huge debts but the firm s creditors and its former parent have stepped in to rescue it. a consortium of creditors and lg group  a family owned conglomerate  have each put up $480m to stabilise the firm. lg card has seven million customers and its collapse would have sent shockwaves through the country s economy.  the firm s creditors - which own 99% of lg card - have been trying to agree a deal to secure its future for several weeks. they took control of the company in january when it avoided bankruptcy only through a $4.5bn bail-out.  they had threatened to delist the company  a move which would have triggered massive debt redemptions and forced the company into bankruptcy  unless agreement was reached on its future funding.  lg card will not need any more financial aid after this   laah chong-gyu  executive director of korea development bank - one of the firm s creditors - said.  the agreement will see some 12 trillion won of debt converted into equity.  the purpose of the capital injection is to avoid delisting and the goal will be met   david kim  an analyst at sejong securities  told reuters. south korea s consumer credit market has been slowly recovering from a crisis in 2002 when a credit bubble burst and millions of consumers fell behind on their debt repayments. lg card returned to profit in september but needed further capital to avoid being thrown off the market. south korea s stock exchange can delist any firm if its debt exceeds its assets two years running.","s korean credit card firm rescued south korea s largest credit card firm has averted liquidation following a one trillion won ($960m; 499m) bail-out. lg card had been threatened with collapse because of its huge debts but the firm s creditors and its former parent have stepped in to rescue it. a consortium of creditors and lg group a family owned conglomerate have each put up $480m to stabilise the firm. lg card has seven million customers and its collapse"," could be avoided if its debt ceiling is breached, a company statement said Tuesday.
(This story has not been edited by Devdiscourse staff and is auto-generated from a syndicated feed.)
Download The Devdiscretionary Service!","could be avoided if its debt ceiling is breached, a company statement said Tuesday. (This story has not been edited by Devdiscourse staff and is auto-generated from a syndicated feed.) Download The Devdiscretionary Service!","0.36944134018176367","0.3333333333333333"
"16","howard backs stem cell research michael howard has backed stem cell research  saying it is important people are not frightened of the future.  the controversial issue was a feature of the recent us presidential election  where george bush opposed extending it. but the tory leader argued there was a moral case for embracing science which could help victims of alzheimer s  parkinson s and motor neurone disease.  i believe we have a duty to offer hope to the millions of people who suffer devastating illnesses   he said. the use of embryonic stem cells in the uk is already allowed. stem cells are master cells that have the ability to develop into any of the body s tissue types. scientists hope that by growing such cells in the laboratory they can programme them to form specific tissue such as kidney  heart or even brain tissue.  mr howard acknowledged there were genuine concerns about stem cell research. but he argued:  we mustn t be frightened of change or nostalgic about the past - we must be optimistic about the future.  politicians must create the right framework so that the great potential of science can be harnessed for the benefit of mankind.  with the life expectancy of the average briton now around the mid-70s  society has a responsibility to enhance the quality of people s lives as they grow older.  i know many people are concerned about stem-cell research. they are fearful of meddling with what they see as the stuff of souls.  i respect those concerns. but i also believe we have a duty to offer hope to the millions of people who suffer devastating illnesses like parkinson s  multiple sclerosis  motor neurone disease  alzheimer s and - as we saw in the papers today - now possibly heart problems.   mr howard acknowledged there were  no easy answers  over such an issue but it was necessary to  have the courage to do what we know to be morally right . he added:  of course  stem cells are still a recent discovery. more research needs to be done. but we must look at their potential in a responsible and grown-up way. the hopes of millions of people rest on what could be achieved.  former superman actor the late christopher reeve was an advocate for the research after he was paralysed in a horse riding accident. mr howard made his remarks during a speech in westminster to the conservative national women s committee on ambitions and values.","howard backs stem cell research michael howard has backed stem cell research saying it is important people are not frightened of the future. the controversial issue was a feature of the recent us presidential election where george bush opposed extending it. but the tory leader argued there was a moral case for embracing science which could help victims of alzheimer s parkinson s and motor neurone disease. i believe we have a duty to offer hope to the millions of people who suffer devastating illnesses he said.","

The government has pledged to invest 50m over three years to develop the technology that will make it easier, smarter and faster to live with. i think you need to understand why we have this problem, it is because it is so easy to lose track of time. in my book i am the expert on how to get things done from the top down, how to do it well and how.
]]>http://on.the.nypost.com/2015/08/","The government has pledged to invest 50m over three years to develop the technology that will make it easier, smarter and faster to live with. i think you need to understand why we have this problem, it is because it is so easy to lose track of time. in my book i am the expert on how to get things done from the top down, how to do it well and how. ]]>http://on.the.nypost.","4.0654247701977057e-07","4.932200252078106"
"17","connors boost for british tennis former world number one jimmy connors is planning a long-term relationship with the lawn tennis association to help unearth the next tim henman.  the american spent three days at the lta s annual elite performance winter camp in la manga earlier this week.  britain has the right attitude   said connors.  the more involved i can be with the lta  the better.  a short-term arrangement is just confusing. the kids will ask:  what am i doing there    lta chief executive  john crowther  added:  the relationship that jimmy s already started to develop with the coaches and the players has said to us that we d like some more of it.  we want to use jimmy for a number of weeks a year and we hope this is the beginning of a good long-term relationship.   the camp played host to more than 30 leading senior and junior players  including greg rusedski  arvind parmar and anne keothavong.  la manga is an amazing site to take a bunch of kids who want to be the best   said connors  speaking at queen s club in london.  what impressed me most was not only the coaches but the way the kids went about their workouts and the feeling they put into every practice they had.  it was interesting to me to see kids of 15  16  17  with that desire and passion  and that can only be brought about by the coaches surrounding them.  instilling the importance of work and practice is something you can t buy.  they know what s been given to them and all they have to do is give back the effort  and every minute of practice they were doing that.   speaking from la manga  lta performance director david felgate told bbc sport:  jimmy was fantastic with the players and the coaches  and very humble considering what he s achieved.  he worked through the coaches and hopefully it will grow and he ll get to have more of an individual relationship with some of the players and get to know them.  he made it clear from the word go he didn t want it to be short-term. this is a 52-week-a-year job for me  it s my life and my passion and it s the same with the coaches.  he respects that but he wants to be involved and have real input. and why would he stake his reputation on something that s not going to be successful   connors has also agreed to commentate for the bbc at next year s wimbledon championships. he will work during the second week of the tournament.","connors boost for british tennis former world number one jimmy connors is planning a long-term relationship with the lawn tennis association to help unearth the next tim henman. the american spent three days at the lta s annual elite performance winter camp in la manga earlier this week. britain has the right attitude said connors. the more involved i can be with the lta the better. a short-term arrangement is just confusing. the kids will ask:"," what are you doing there? no wonder theyre not having fun. theyve been told that theyll have to wait till next year. johnsons golf and tennis teams are playing at france's top 10 national championships this past weekend. the young men's and women's tennis teams made their professional debut this past summer with a 3rd place finish in its fourth edition. the men's tennis team was named the best team in all of sports last night. bwisden tennis academy,","what are you doing there? no wonder theyre not having fun. theyve been told that theyll have to wait till next year. johnsons golf and tennis teams are playing at france's top 10 national championships this past weekend. the young men's and women's tennis teams made their professional debut this past summer with a 3rd place finish in its fourth edition. the men's tennis team was named the best team in all of sports last night.","9.088602153646792e-09","5.628510875900897"
"18","japanese banking battle at an end japan s sumitomo mitsui financial has withdrawn its takeover offer for rival bank ufj holdings  enabling the latter to merge with mitsubishi tokyo.  sumitomo bosses told counterparts at ufj of its decision on friday  clearing the way for it to conclude a 3 trillion yen ($29bn) deal with mitsubishi. the deal would create the world s biggest bank with assets of about 189 trillion yen ($1.8 trillion). sumitomo s exit ends the most high profile fight in japanese bank history.  ufj holdings  japan s fourth-largest bank  has been at the centre of a fierce bid battle over the last year. sumitomo  japan s third-largest bank  tabled a higher offer for ufj than its rival  valuing the company at $35bn.  however  ufj s management was known to prefer the offer from mitsubishi tokyo financial group (mtfg)  japan s second-largest bank. concerns were also raised about sumitomo s ability to absorb ufj and the former has now admitted defeat.  we believe the market and most investors accept a ufj-mtfg merger   sumitomo said in a statement.  given the ongoing integration of ufj and mtfg operations  persisting with our proposal may not be in the best interests of our shareholders or ufj s.   mitsubishi s takeover of ufj - which will be japan s largest-ever takeover deal - will still have to be approved by shareholders of the two firms. however  this is expected to be a formality. sumitomo may now turn its attention to deepening its ties with daiwa securities  another japanese financial firm. the two are set to merge their venture capital operations and there has been speculation that this could lead to a full-blown merger. japanese banks are increasingly seeking alliances to boost profits.","japanese banking battle at an end japan s sumitomo mitsui financial has withdrawn its takeover offer for rival bank ufj holdings enabling the latter to merge with mitsubishi tokyo. sumitomo bosses told counterparts at ufj of its decision on friday clearing the way for it to conclude a 3 trillion yen ($29bn) deal with mitsubishi. the deal would create the world s biggest bank with assets of about 189 trillion yen ($1",".7trn). sumitomi, a unit of sumitomu, is expected to make a profit of about 40% of total sales. sumita-finance, a subsidiary of sumita, is said to be seeking funds from investors to fund future mergers. sumitsugu.com.uk.uk .
This story has been published from a wire agency feed without modifications to the text. Only the headline has been changed.
Subscribe to Mint Newsletters * Enter a",".7trn). sumitomi, a unit of sumitomu, is expected to make a profit of about 40% of total sales. sumita-finance, a subsidiary of sumita, is said to be seeking funds from investors to fund future mergers. sumitsugu.com.uk.uk. This story has been published from a wire agency feed without modifications to the text. Only the headline has been changed.","5.550477317542801e-10","6.092717958449424"
"19","games maker fights for survival one of britain s largest independent game makers  argonaut games  has been put up for sale.  the london-based company behind the harry potter games has sacked about 100 employees due to a severe cash crisis. the administrators told bbc news online that selling argonaut was the only way to save it as it had run out of cash. argonaut warned that it was low on cash 10 days ago when its shares were suspended from trading on the london stock exchange.  argonaut has been making games for some 18 years and is one the largest independent games developers in the uk.  along with its headquarters in north london  it operates studios in cambridge and sheffield. argonaut was behind the harry potter games which provided a healthy flow of cash into the company. but  like all software developers  argonaut needed a constant flow of deals with publishers. signs that it was in trouble emerged in august  when it warned it was heading for losses of 6m in the financial year due to delays in signing new contracts for games. those new deals were further delayed  leading argonaut to warn in mid-october that it was running out of cash and suspend trading of its shares on the london stock exchange. as part of cost-cutting measures  some 100 employees were fired.  when the news about the 6m loss came out  we knew there were going to be redundancies   said jason parkinson  one of the game developers sacked by argonaut.  a lot of people suspected that argonaut had been in trouble for some time   he told bbc news online. mr parkinson said staff were told the job losses were necessary to save argonaut from going under. at the start of the year  the company employed 268 people. after the latest round of cuts there are 80 staff at argonaut headquarters in edgware in north london  with 17 at its morpheme offices in kentish town  london  and 22 at the just add monsters base in cambridge.  argonaut called in administrators david rubin & partners on friday to find a way to rescue the company from collapse. it spent the weekend going over the company s finances and concluded that the only way to save the business was to put it up for sale. the administrator told bbc news online that the costs of restructuing would be too high  partly because of the overheads from the company s four premises across the uk. it said it was hopeful that it could save some 110 jobs by selling the business  saying it had had expressions of interest from several quarters and were looking for a quick sale. the administrator said it would ensure that staff made redundant would receive any wages  redundancy or holiday pay due to them  hopefully by christmas.","games maker fights for survival one of britain s largest independent game makers argonaut games has been put up for sale. the london-based company behind the harry potter games has sacked about 100 employees due to a severe cash crisis. the administrators told bbc news online that selling argonaut was the only way to save it as it had run out of cash. argonaut warned that it was low on cash 10 days ago when its shares were suspended from trading on the"," London Stock Exchange. arganaut says: ""Argoton has no business in this region.""
Argotone said it is unable to support itself, and may have to close its doors or sell its assets. The company added: ""With no business left to survive, Argoton's share price has fallen. ""Argatone's CEO has apologised to shareholders for any losses caused by this loss, including customers, suppliers, service teams and staff. ""At the same time, Ar","London Stock Exchange. arganaut says: ""Argoton has no business in this region."" Argotone said it is unable to support itself, and may have to close its doors or sell its assets. The company added: ""With no business left to survive, Argoton's share price has fallen. ""Argatone's CEO has apologised to shareholders for any losses caused by this loss, including customers, suppliers, service teams and staff.","3.2475713214718147e-09","5.803482779429437"
"20","security warning over  fbi virus  the us federal bureau of investigation is warning that a computer virus is being spread via e-mails that purport to be from the fbi.  the e-mails show that they have come from an fbi.gov address and tell recipients that they have accessed illegal websites. the messages warn that their internet use has been monitored by the fbi s internet fraud complaint center. an attachment in the e-mail contains the virus  the fbi said. the message asks recipients to click on the attachment and answer some questions about their internet use. but rather than being a questionnaire  the attachment contains a virus that infects the recipient s computer  according to the agency. it is not clear what the virus does once it has infected a computer. users are warned never to open attachment from unsolicited e-mails or from people they do not know.   recipients of this or similar solicitations should know that the fbi does not engage in the practice of sending unsolicited e-mails to the public in this manner   the fbi said in a statement. the bureau is investigating the phoney e-mails. the agency earlier this month shut down fbi.gov accounts  used to communicate with the public  because of a security breach. a spokeswoman said the two incidents appear to be unrelated.","security warning over fbi virus the us federal bureau of investigation is warning that a computer virus is being spread via e-mails that purport to be from the fbi. the e-mails show that they have come from an fbi.gov address and tell recipients that they have accessed illegal websites. the messages warn that their internet use has been monitored by the fbi s internet fraud complaint center. an attachment in the e-mail contains the virus the fbi said. the message asks recipients"," to send money or any cash, to:

e-Mail: fbi, email:fbi, fax:fbs.gov/ecomms

end, [s]phere: fb/ecommons/ecmms
.@fbi.org.us@fbs..[n]rv:fib/eccomms
(https://webb.fbi.)c:fcc.fcc/ecemms
","to send money or any cash, to: e-Mail: fbi, email:fbi, fax:fbs.gov/ecomms end, [s]phere: fb/ecommons/ecmms.@fbi.org.us@fbs..[n]rv:fib/eccomms (https://webb.fbi.)c:fcc.","4.056305191956326e-34","12.12163328101209"
"21","halo 2 heralds traffic explosion the growing popularity of online gaming could spell problems for net service firms  warns network monitoring company sandvine.  it issued the warning following analysis which shows that traffic on the xbox game network increased fourfold on the launch day of halo 2. the 9 november traffic explosion has continued into december  said sandvine. service providers now need to make sure that their networks can cope with the increasing demands for bandwidth. as well as being a popular single-player title  halo 2 can be connected to microsoft s subscription-based broadband network  xbox live. gamers who want to play online can create their own clan  or team  and take on others to see how well they compare.  but the surge in numbers and huge demands for bandwidth should be a wake-up call to the industry which must ensure that their networks can cope with the increases in traffic  said sandvine s chief technology officer marc morin.  in a bid to cope and ease congestion  providers are increasingly making their networks intelligent  finding out who is using bandwidth and for what. it could become common to charge people for the amount of bandwidth they use.  the explosion in xbox live traffic attributed to halo 2 should be seen as a clarion call   he said.  isps need to enhance the broadband experience for these high-end users by prioritising or reserving bandwidth for games   he added.  one of the main factors that spoils online gaming is  lag  in which there is a noticeable delay between a gamer clicking on a mouse or keyboard and what happens in the online gaming world. gamers tend to migrate toward networks with the lowest  lag . analysing traffic will become increasingly important for service providers if they are to hold on to bandwidth-hungry gamers said lindsay schroth  an analyst with research firm the yankee group.  in the competitive broadband environment  operators need to differentiate the way they offer access to services like live-play gaming   she said. in countries such as korea  which has high levels of fast net connections to homes  online gaming is hugely popular.","halo 2 heralds traffic explosion the growing popularity of online gaming could spell problems for net service firms warns network monitoring company sandvine. it issued the warning following analysis which shows that traffic on the xbox game network increased fourfold on the launch day of halo 2. the 9 november traffic explosion has continued into december said sandvine. service providers now need to make sure that their networks can cope with the increasing demands for bandwidth. as well as being a popular single-player title",", it is expected that the number of users who play it daily will increase by more than 60,000 over three years. aswell as having the potential to become one of the most popular video games in the world. it is widely believed that the growth of online games is going to be the biggest driver of this year. there are also several other reasons why the internet was so heavily used during the early 2000s. the internet helped provide many of the services that were available. a large",", it is expected that the number of users who play it daily will increase by more than 60,000 over three years. aswell as having the potential to become one of the most popular video games in the world. it is widely believed that the growth of online games is going to be the biggest driver of this year. there are also several other reasons why the internet was so heavily used during the early 2000s. the internet helped provide many of the services that were available.","0.0022326725999624137","2.8432683806097314"
"22","bates seals takeover ken bates has completed his takeover of leeds united.  the 73-year-old former chelsea chairman sealed the deal at 0227 gmt on friday  and has bought a 50% stake in the club. he said:  i m delighted to be stepping up to the mantel at such a fantastic club. i recognise leeds as a great club that has fallen on hard times.  we have a lot of hard work ahead to get the club back where it belongs in the premiership  and with the help of our fans we will do everything we can.  bates bought his stake under the guise of a geneva-based company known as the forward sports fund. he revealed that part of his plan is to buy back leeds  elland road stadium and thorp arch training ground in due course.   it s going to be a tough jon and the first task is to stabilise the cash flow and sort out the remaining creditors   bates added.  but there is light at the end of a very long tunnel. for the past year it has been a matter of firefighting - now we can start running the club again.  outgoing leeds chairman gerald krasner said:  this deal ensures the medium to long term survival of the club and i believe mr bates  proposals are totally for the benefit of the club.  we are content that under mr bates  leeds united will continue to consolidate and move forward.  when we took over leeds united in march 2004  the club had a debt of 103m  since that date  my board has succeeded in reducing the debt to under 25m.  we worked tirelessly to solve all of the problems at leeds united.  eighty percent of the problems have already been overcome and we came to this agreement with mr bates to secure its ongoing success.  krasner revealed that his consortium has been asked to remain in the background at the club for an undisclosed period to help ensure a smooth hand-over. he will stay on in an unpaid capacity while peter lorimer will continue in his role as director and point of contact for the fans and peter mccormick will serve as a consultant to the incoming board. the other outgoing directors have agreed to leave their loans of 4.5m in the company for the next four years. on leeds  new-look board it is understood that lorimer will be joined by former chelsea finance director yvonne todd and bates  lawyer mark taylor.  krasner refused to give any details of the finances involved in the takeover. he told bbc five live:  i am not going into the figures. if ken wants to give them up that is up to him. i can not tell you what the money will be used for.  this dea l is not about money for the current board. in the last four months i never saw any cheques until this week from one person. i am not stretching figures  we don t discuss internal arrangements.  bates stepped down as chelsea chairman in march last year following roman abramovich s 140m takeover at stamford bridge. in may  he made a proposal to invest 10m in sheffield wednesday  but this was rejected by the club. sebastien sainsbury had been close to a takeover of leeds but withdrew his 25m offer last week.  his efforts failed after he revealed it would take 40m to stage a takeover  and that the club will also lose 10m over the next six months. the club was on the brink of administration - and the deduction of 10 points by the football league - before bates  arrival but his investment has spared them that prospect.","bates seals takeover ken bates has completed his takeover of leeds united. the 73-year-old former chelsea chairman sealed the deal at 0227 gmt on friday and has bought a 50% stake in the club. he said: i m delighted to be stepping up to the mantel at such a fantastic club. i recognise leeds as a great club that has fallen on hard times. we have a lot of hard work ahead to get the club back where it"," should be. i have seen our team perform well and our players have been phenomenal. we are just not as good as we need to be. we know we need a new man, a new manager, a different coaching staff and some new ideas to take us into the future. i am happy to be at this great club.

i am happy with my signing. i feel like i have put myself under pressure from the start. i did not feel that we could keep the club competitive because","should be. i have seen our team perform well and our players have been phenomenal. we are just not as good as we need to be. we know we need a new man, a new manager, a different coaching staff and some new ideas to take us into the future. i am happy to be at this great club. i am happy with my signing. i feel like i have put myself under pressure from the start.","0.04621168370527735","1.6827506742384124"
"23","cole faces lengthy injury lay-off aston villa s carlton cole could be out for six weeks with a knee injury.  the striker  who is on a season-long loan from chelsea  picked up the knock in an england under-21 match against holland earlier this month.  carlton will be out of action for four to six weeks after a bad challenge   said villa boss david o leary.  i won t be able to tell you whether he will need an operation until maybe next week. whether he has an operation has got to be left to chelsea.  cole  who also struggled with an ankle problem earlier in the season  was unable to rest because o leary had a shortage of strikers. the return to fitness of darius vassell after four months out with a broken ankle and the emergence of luke moore has alleviated some of the villa s manager s problems in that department.","cole faces lengthy injury lay-off aston villa s carlton cole could be out for six weeks with a knee injury. the striker who is on a season-long loan from chelsea picked up the knock in an england under-21 match against holland earlier this month. carlton will be out of action for four to six weeks after a bad challenge said villa boss david o leary. i won t be able to tell you whether he will need"," to be out until next week, however there are speculations that the striker will miss at least three games as he recovers from a thigh problem. cole has been ruled out by liverpool for the last two rounds of fixtures. he is expected to play a key role in helping sanchez, cole and cole's cause. he's one of the best strikers i know and it makes me sad when i see him leave for a club like stoke. coly will miss the entire campaign","to be out until next week, however there are speculations that the striker will miss at least three games as he recovers from a thigh problem. cole has been ruled out by liverpool for the last two rounds of fixtures. he is expected to play a key role in helping sanchez, cole and cole's cause. he's one of the best strikers i know and it makes me sad when i see him leave for a club like stoke.","3.399424987395955e-08","5.396407334626633"
"24","mobile audio enters new dimension as mobile phones move closer to being a ubiquitous  all-in-one media player  audio is becoming ever more important. but how good can that sound be from such a small device   the sound of a buzzing bee jumps from left to right before disappearing around the back of my head. the surround sound demo is unremarkable when heard on a multi-speaker home cinema system but startling when emerging from a small mobile phone. british firm sonaptic is one of a number of companies to have developed 3d audio technology that emerges from stereo speakers. firms am3d and srs both offer stereo-widening technology for mobile phones. but sonaptic s managing director david monteith says his firm is the only company to offer positional 3d audio on a mobile.   there are quite a few basic technologies out there  making the sound seem a bit bigger  headphones a bit nicer.   no-one has really tried before to make proper 3d positional audio - where an individual channel can be moved around.  sonaptic has been working with japanese mobile network ntt docomo to set standards for 3d audio on mobile phones. in the last few months handsets from nec  fujitsu and mitsubishi have been released on to the japanese marker which have chips produced by yamaha and rohm with sonaptic s technology.  the technology has been around on pcs and games consoles for some time but what we are doing is making it more efficient so it can go on a small consumer device like a mobile phone   said mr monteith.  the technology works through applying the science of psychoacoustics and grew out of medical research done by the company s research director dr alastair sibbald.  we are basically trying to fool your ears into thinking sound is coming from areas it actually isn t.  your brain uses certain bits of information which we are effectively synthesising on a mobile phone handset.  the structure of the ear works as a 3d encoder for sound - helping the brain understand from where sound is emanating. sonaptic s audio processing algorithms mimic that 3d encoding  giving the impression that sound is coming from the left  right  and behind a listener when in fact it is coming from a single source. mr montieth says:  if the sound is off to one side it will get to one ear before the other - if it is on the right it has to bend around your head to get to your left ear.   the shape of your ear causes differences in sound from one ear to the other. we are synthesising those differences.  sonaptic hopes the technology will have a big impact in the growing market of mobile gaming and music downloading.  handhelds often have limitations - screens will be small by definition.  if you want to get impact from media you are running - either a movie  a game or watching tv - if you want it to be more immersive then our technology can help.  a fishing game is the first title to use the technology  creating a 3d sound field while the gamer plays. driving games and shoot  em ups using the technology are in development. the technology can also be used for music - giving songs a much more expansive and immersive feel. sonaptic offers its technology on a chip or in software and is about to release a new version which significantly improves the efficiency of the audio processing.  it s important we only use 10 or 15% of the processor otherwise you won t be able to play a game on the handset   explained mr montieth. the company is now looking to the us and european markets  where it has been working with network vodafone.  we have focused first on japan because it has a very advanced mobile phone market.  we knew japan would be the first place to have the handsets that could use our technology.  there should be handsets out in the uk in the next six months.","mobile audio enters new dimension as mobile phones move closer to being a ubiquitous all-in-one media player audio is becoming ever more important. but how good can that sound be from such a small device the sound of a buzzing bee jumps from left to right before disappearing around the back of my head. the surround sound demo is unremarkable when heard on a multi-speaker home cinema system but startling when emerging from a small mobile phone. british firm sonaptic is one of a number of"," speakers to offer a soundstage to the user, combining the power and clarity of a microphone with its powerful low end. the first thing you should know though if you're trying to get into a room where the soundstage is this high you'll have to be prepared to listen to your own audio through your earpiece. it's probably best to use the full speakers, including headphones, to avoid overburdening the speaker. the speakerphone also comes with two integrated stereo soundtracked speakerphone","speakers to offer a soundstage to the user, combining the power and clarity of a microphone with its powerful low end. the first thing you should know though if you're trying to get into a room where the soundstage is this high you'll have to be prepared to listen to your own audio through your earpiece. it's probably best to use the full speakers, including headphones, to avoid overburdening the speaker.","4.0654247701977057e-07","4.932200252078106"
"25","moya fights back for indian title carlos moya became the first man to successfully defend the chennai open title by beating four-times finalist paradorn srichaphan 3-6 6-4 7-6 (7/5).  the spaniard then donated his 28 000 prize money to relief efforts for the victims of the asian tsunami. the final was close throughout  with thai second seed srichaphan - the 2003 winner - closing out the first set. but moya took the second set  before bouncing back from 5-2 down in the decider to force and win a tie-break. moya confirmed afterwards:  i m donating my prize money from this tournament for the tsunami victims  hoping it makes some difference to their lives. his contribution follows pledges by four other players to donate their prize money from the tournament  which went ahead after the 26 december disaster which has so far claimed at least 150 000 lives. scrichapan said he would donate an unspecified amount for relief work in thailand  where more than 5 000 people were killed. the atp has announced that it would contribute the us$25 000 tournament fee to unicef s emergency relief fund in tamil nadu. the atp tour s sponsor  mercedes  said it would also contribute  increasing the atp donation to us$40 000.","moya fights back for indian title carlos moya became the first man to successfully defend the chennai open title by beating four-times finalist paradorn srichaphan 3-6 6-4 7-6 (7/5). the spaniard then donated his 28 000 prize money to relief efforts for the victims of the asian tsunami. the final was close throughout with thai second seed srichaphan - the 2003 winner - closing out the first set.","

moya vs paradorn: who won?

Athlete: dheem

wwe: dhailmohan

nepal: dhawak

philippines: darya

maquis: dhanush

madhya Pradesh: dhsudeshwar

marathore: dheshwar
.sri lanka: dhonjavurra
.korea: dhasidesh","moya vs paradorn: who won? Athlete: dheem wwe: dhailmohan nepal: dhawak philippines: darya maquis: dhanush madhya Pradesh: dhsudeshwar marathore: dheshwar.sri lanka: dhonjavurra.","2.583976856532042e-17","8.382808459175854"
"26","career honour for actor dicaprio actor leonardo dicaprio s  exceptional career  has been honoured at the santa barbara international film festival.  the star was presented with the award by martin scorsese  who directed him in oscar-nominated movie the aviator.  it s a lifetime achievement award  which is completely and utterly surreal  given i m only 30 years old   dicaprio said.  but what has it been  almost 17 years now. i ve done quite a few films.  a retrospective of his movies was shown.   what s really exciting  for me  is that this is what i really love doing   he added.  it s what i want to do for the rest of my life.  dicaprio began his movie career in horror film critters 3  before moving onto roles in the basketball diaries  romeo and juliet  titanic and gangs of new york. the achievement award was created to commemorate the california festival s 20th anniversary and coincided with dicaprio s portrayal of millionaire howard hughes in the aviator.  veteran actress jane russell  who starred in hughes  1943 film the outlaw  said was impressed by dicaprio s quest for authenticity when he previously discussed the role with her.  i was very happy that (dicaprio) came and cared to come up and find out what (hughes) was really like   she said. the aviator has taken pole position in this year s oscars race with 11 nominations  including nominations for best film  best actor for dicaprio and best director for scorsese.","career honour for actor dicaprio actor leonardo dicaprio s exceptional career has been honoured at the santa barbara international film festival. the star was presented with the award by martin scorsese who directed him in oscar-nominated movie the aviator. it s a lifetime achievement award which is completely and utterly surreal given i m only 30 years old dicaprio said. but what has it been almost 17 years now. i ve done quite a"," few different movies and tv shows, including one of my best friends and co-stars laurie keselowski who had to be shot dead. i have been doing these films since i was 13. the first one i did was walt jones' dreamland as an adult which became a film about how. the second one i made was paul freddy and it ended up on netflix where i was able to see it 3 times. it is based on true events and","few different movies and tv shows, including one of my best friends and co-stars laurie keselowski who had to be shot dead. i have been doing these films since i was 13. the first one i did was walt jones' dreamland as an adult which became a film about how. the second one i made was paul freddy and it ended up on netflix where i was able to see it 3 times.","1.100388069780592e-12","7.021132123546479"
"27","mobile gig aims to rock 3g forget about going to a crowded bar to enjoy a gig by the latest darlings of the music press.  now you could also be at a live gig on your mobile  via the latest third generation (3g) video phones. rock outfit rooster are playing what has been billed as the first ever concert broadcast by phone on tuesday evening from a london venue. the 45-minute gig is due to be  phone cast  by the 3g mobile phone operator  3. 3g technology lets people take  watch and send video clips on their phones  as well as swap data much faster than with 2g networks like gsm. people with 3g phones in the uk can already download football and music clips on their handsets.  some 1 000 fans of the london-based band will have to pay five pounds for a ticket and need a 3g handset.   once you have paid  you can come and go as much as you like  because we expect the customers to be mobile   said 3 spokesperson belinda henderson.  it s like going to a concert hall  except that you are virtually there.  the company behind the trial hopes to learn more about how people use their video phones.  we are looking on how long people will stay on average on the streams. some people may stay the whole time  some may dip in and out   said ms henderson.  we actually expect people to dip in and out because they are mobile and they will be doing other things.  3 is looking to music as a way of persuading more people to take up the latest video phones. it is already planning regular gigs throughout 2005. and during the intermission  of course  you would still be able to make a phone call.","mobile gig aims to rock 3g forget about going to a crowded bar to enjoy a gig by the latest darlings of the music press. now you could also be at a live gig on your mobile via the latest third generation (3g) video phones. rock outfit rooster are playing what has been billed as the first ever concert broadcast by phone on tuesday evening from a london venue. the 45-minute gig is due to be phone cast by the 3g mobile phone operator 3","G. its, says 3G:

A unique, live streaming experience.

This new technology enables anyone connected to the internet to access the best of 3G/5G.
(Plus the ability to connect to the Internet through your phone with your 3GS, T-Mobile phone and any other device)

As a result, people who want to watch a concert, for example at an event or a business meeting in your city, may not have to","G. its, says 3G: A unique, live streaming experience. This new technology enables anyone connected to the internet to access the best of 3G/5G.","9.088602153646792e-09","5.628510875900897"
"28","terror suspects face house arrest uk citizens suspected of involvement in terrorism could face house arrest as part of a series of new measures outlined by the home secretary.  it comes after law lords ruled that the detention of 12 foreign terror suspects without trial breached human rights. charles clarke s planned  control orders  mean anyone suspected of being involved in terrorism could be subject to house arrest  curfews or tagging. the law society dubbed mr clarke s new proposals an  abuse of power . deals are already being sought to deport some of the foreign detainees who are mainly held in belmarsh prison in london under the current laws introduced after the us terror attacks on 11 september 2001. mr clarke said efforts would continue to deport them to their countries of origin algeria  tunisia  egypt and jordan without them facing torture or death.  under the proposed changes - prompted by the house of lords ruling - the home secretary could order british citizens or foreign suspects who could not be deported  to face house arrest or other measures such as restrictions on their movements or limits on their use of telephones and the internet.  british citizens are being included in the changes after the law lords said the current powers were discriminatory because they could only be used on foreign suspects. mr clarke also said intelligence reports showed some british nationals were now playing a more significant role in terror threats. human rights lawyer clive stafford-smith said the plans were a  further abuse of human rights in britain .  mr clarke said prosecutions were the government s first preference and promised the powers would only be used in  serious  cases  with independent scrutiny from judges.  he told mps:  there remains a public emergency threatening the life of the nation.  he accepted the law lords  ruling but argued detention powers had helped prevent attacks and deter terrorists. the current detainees would not be freed until the new powers were in place as they were still considered a national security threat  he told mps.  there have been calls for the rules for wire-tap and intercept evidence to be allowed to be used in courts but mr clarke refused to back that change.  he said intercept evidence was only a small part of the case against the men and some of it could not be used because it could put sources  lives at risk. most of the terror suspects are being held indefinitely at belmarsh prison  in london. conservative shadow home secretary david davis was worried about extending special powers to cover british citizens. he warned:  throughout history  internment has generally backfired because of the resentment it creates.  so unless the process is clearly just  the home secretary could find himself confining one known terrorist only to recruit 10 unknown terrorists.  he suggested changing the law to let security-cleared judges view evidence gathered by phone-tapping could allow more terror cases to come to court.  liberal democrat spokesman mark oaten also backed use of wire-tap evidence. he said the standard of proof for the new powers would have to be  very high indeed  and he asked whether ministers had looked at measures which fitted with human rights laws. shami chakrabarti  from human rights group liberty  joined calls for intercept evidence to be allowed in trials. she said:  adherence to the rule of law should not be a game of cat and mouse. the government should not swap one human rights  opt out  for another.","terror suspects face house arrest uk citizens suspected of involvement in terrorism could face house arrest as part of a series of new measures outlined by the home secretary. it comes after law lords ruled that the detention of 12 foreign terror suspects without trial breached human rights. charles clarke s planned control orders mean anyone suspected of being involved in terrorism could be subject to house arrest curfews or tagging. the law society dubbed mr clarke s new proposals an abuse of power. deals are already being sought"," over a string of domestic terror plots including one at eastampton. and two at easthampton.
This article originally appeared at The Conversation.","over a string of domestic terror plots including one at eastampton. and two at easthampton. This article originally appeared at The Conversation.","8.150253438276673e-08","5.237229365663818"
"29","halloween writer debra hill dies screenwriter and producer debra hill  best known for her work on the 70s horror classic halloween  has died in los angeles aged 54.  hill  who had been suffering from cancer  co-wrote the 1978 film  which starred jamie lee curtis as a babysitter terrorised by a psychopath. directed by john carpenter  it made over $60m (31.3m) worldwide - a record for independent film at that time. hill also worked with carpenter on escape from new york and the fog. born in new jersey  hill began her career as a production assistant and worked her way through the ranks  becoming an assistant director and second-unit director before she began collaborating with carpenter.  she was regarded by many as a pioneering woman in film  taking on jobs in the 70s that were more commonly taken by men.  back when i started in 1974  there were very few women in the industry   she said in 2003.  i was assumed to be the make-up and hair person  or the script person. i was never assumed to be the writer or producer.   i took a look around and realised there weren t that many women  so i had to carve a niche for myself.  carpenter said that working with hill was  one of the greatest experiences of my life .  the ground that she trailblazed in the beginning can now be followed by anyone. she was incredibly capable and talented   he said. carpenter and hill collaborated on a number of halloween sequels  including halloween ii  halloween: resurrection and halloween: the curse of michael myers.  later in her career  hill formed a production company with her friend lynda obst  making a string of hit films including oscar nominee the fisher king and teen comedy adventures in babysitting. other films included the stephen king adaptation the dead zone in 1983 and 1985 s clue  a comedy based on the board game cluedo. in the 90s she pursued work in tv  although she was reunited with carpenter in 1996 for escape from la  the sequel to escape from new york. at the time of her death she was working on a film about the last two men pulled from the rubble of the twin towers following the 11 september terror attacks in 2001. she was also co-producing the remake of the fog  which is due for release early next year.","halloween writer debra hill dies screenwriter and producer debra hill best known for her work on the 70s horror classic halloween has died in los angeles aged 54. hill who had been suffering from cancer co-wrote the 1978 film which starred jamie lee curtis as a babysitter terrorised by a psychopath. directed by john carpenter it made over $60m (31.3m) worldwide - a record for independent film at that time. hill also worked with"," her ex-husband, co-director of the movie hale and mighty star star in their remake of the 1978 classic halloomen. she was named in her will as the director of the film but died the day after. hill passed away peacefully surrounded by her family and friends.","her ex-husband, co-director of the movie hale and mighty star star in their remake of the 1978 classic halloomen. she was named in her will as the director of the film but died the day after. hill passed away peacefully surrounded by her family and friends.","0.06141132405069629","1.543033499620919"
"30","royal couple watch nation s mood prince charles and camilla parker bowles are awaiting the nation s reaction after announcing they are to be married on 8 april.  mrs parker bowles will take the title hrh duchess of cornwall after a civil ceremony to be held at windsor castle. a daily telegraph poll of 1 313 people suggests two-thirds of britons support the couple s decision to marry. but only 40% think mrs parker bowles should become princess consort as planned after charles becomes king. some 47% believe she should have no title  while 7% think she should become queen.  the poll also found that the majority of britons would prefer the monarchy to miss a generation  with the queen handing the throne to her grandson prince william  22  on her death or abdication. on thursday night  prince charles  56  and mrs parker bowles  57  hosted a dinner at windsor castle  their first public appearance since announcing their engagement. mrs parker bowles said the prince went down on one knee to propose and added:  i m just coming down to earth.  she displayed her diamond engagement ring - a royal family heirloom - to reporters. charles said he and his wife-to-be were  absolutely delighted . their marriage will end years of speculation on a relationship which dates back to 1970.  the queen and duke of edinburgh said the news had made them  very happy . princes william and harry said they are  very happy  and wish the couple  all the luck in the future . the wedding will be a civil ceremony followed by a service of prayer and dedication in st george s chapel at which the archbishop of canterbury  dr rowan williams  will preside.  the marriage is likely to be a sensitive issue because mrs parker bowles is divorced and her former husband is still alive. if he became king  charles would be the supreme governor of the church of england and some anglicans remain opposed to the remarriage of divorcees.  his divorce from diana and the disappointment the country felt over how diana had been treated... opened up a sense of disillusionment with [prince charles]   said ros coward  who wrote the authorised biography of diana  princess of wales. the archbishop of canterbury said:  i am pleased that prince charles and mrs camilla parker bowles have decided to take this important step.  tony blair said he was  delighted  for the couple and offered his congratulations  as did conservative leader michael howard and liberal democrat leader charles kennedy. australia s prime minister john howard also offered his congratulations  adding that their decision to marry was a  sensible and a good thing . mrs parker bowles has joined the prince at numerous engagements in recent years - mostly at evening events for the prince s trust. clarence house staff were at pains to point out that she attended these events in a private capacity.","royal couple watch nation s mood prince charles and camilla parker bowles are awaiting the nation s reaction after announcing they are to be married on 8 april. mrs parker bowles will take the title hrh duchess of cornwall after a civil ceremony to be held at windsor castle. a daily telegraph poll of 1 313 people suggests two-thirds of britons support the couple s decision to marry. but only 40% think mrs parker bow","els are right. more: royalss official statement from the ducat

royal-glamour-breathing-heart and royal-heart-breath-in-a-glass.britons and ducats to be wed in April, with ducateship.ducateshipshipshipshiphiphip.breeke-barkley is expected.mrs.dukee-bethsonshiphip-b","els are right. more: royalss official statement from the ducat royal-glamour-breathing-heart and royal-heart-breath-in-a-glass.britons and ducats to be wed in April, with ducateship.ducateshipshipshipshiphiphip.breeke-barkley is expected.mrs.","9.554076928300491e-32","11.66558659703493"
"31","firefox browser takes on microsoft microsoft s internet explorer has a serious rival in the long-awaited firefox 1.0 web browser  which has just been released.  few people get excited when some new software is released  especially when the program is not a game or a music or movie player. but the release of the first full version of firefox has managed to drum up a respectable amount of pre-launch fervour. fans of the software have banded together to raise cash to pay for an advert in the new york times announcing that version 1.0 of the browser is available. the release of firefox 1.0 on 9 november might even cause a few heads to turn at microsoft because the program is steadily winning people away from the software giant s internet explorer browser.  firefox has been created by the mozilla foundation which was started by former browser maker netscape back in 1998. much of the development work done since then has gone into firefox which made its first appearance under this name in february. earlier incarnations  but which had the same core technology  were called phoenix and firebird. since then the software has been gaining praise and converts  not least because of the large number of security problems that have come to light in microsoft s internet explorer. rivals to ie got a boost in late june when two us computer security organisations warned people to avoid the microsoft program to avoid falling victim to a serious vulnerability.  internet monitoring firm websidestory has charted the growing population of people using the firefox browser and says it is responsible for slowly eroding the stranglehold of ie. before july this year  according to websidestory  internet explorer was used by about 95% of web surfers. that figure had remained static for years. in july the ie using population dropped to 94.7% and by the end of october stood at 92.9%. the mozilla foundation claims that firefox has been downloaded almost eight million times and has publicly said it would be happy to garner 10% of the windows- using  net-browsing population. firefox is proving popular because  at the moment  it has far fewer security holes than internet explorer and has some innovations lacking in microsoft s program. for instance  firefox allows the pages of different websites to be arranged as tabs so users can switch easily between them. it blocks pop-ups  has a neat way of finding text on a page and lets you search through the pages you have browsed.  one of the most powerful features of firefox is the many hundreds of extras  or extensions  produced for it. the mozilla foundation is an open source organisation which means that the creators of the browser are happy for others to play around with the core code for the program. this has resulted in many different add-ons or extensions for the browser which now include everything from a version of the familiar google toolbar to a homeland security monitor that keep users aware of current threat levels. firefox  which used to be called firebird and before that phoenix  also has a growing number of vocal net-based fans. a campaign co-ordinated by the spread firefox website attempted to raise the $50 000 needed for a full page advert in the new york times. the campaign set itself a target of recruiting 2500 volunteers. ten days in to the campaign 10 000 people had signed up and now about $250 000 has been raised. the ad is due to run sometime in a three-week period in late november/early december. the surplus cash will be used to help keep the mozilla foundation running. microsoft is facing a growing challenge to ie s hold on the web using population. from alternative browsers such as opera  safari  amaya and even netscape.","firefox browser takes on microsoft microsoft s internet explorer has a serious rival in the long-awaited firefox 1.0 web browser which has just been released. few people get excited when some new software is released especially when the program is not a game or a music or movie player. but the release of the first full version of firefox has managed to drum up a respectable amount of pre-launch fervour. fans of the software have banded together to raise cash to pay for an"," early release. the launch has seen a good number of downloads and it is expected that more will follow. if you are interested, see the official blog post: https://ftwinc.com/2015/03/14/firefox-browser/

iMac vs MacOS: The battle: The iPhone X/AndroidOS fight: Apple and Microsoft's rivalry is evident. Apple and Sony have been pushing each other hard since their last iPhones were launched, with Microsoft seemingly always making a","early release. the launch has seen a good number of downloads and it is expected that more will follow. if you are interested, see the official blog post: https://ftwinc.com/2015/03/14/firefox-browser/ iMac vs MacOS: The battle: The iPhone X/AndroidOS fight: Apple and Microsoft's rivalry is evident.","1.100388069780592e-12","7.021132123546479"
"32","celebrities get their skates on former england footballer paul gascoigne will join eastenders  actress scarlett johnson on bbc one s strictly ice dancing.  the one-off christmas special will also star television presenter carol smillie and jessica taylor from liberty-x. each celebrity will be paired with a professional skater to impress a panel of judges and win the audience vote. the bbc is yet to confirm the final two stars who will battle it out to become ice king or queen.  veteran presenter bruce forsyth and tess daly will host the programme  which follows hot on the heels of the current saturday night series strictly come dancing. the celebrities will have to practise a stipulated ice dance and perform it at an ice rink with their partner. the judges will have 50% of the vote to decide who wins the contest  with the ice rink audience making up the rest of the vote. the show forms part of the bbc s festive schedule. ice skating duo jayne torvill and christopher dean are to front a similar celebrity ice dance show for itv  titled stars on thin ice. the contestants on stars on thin ice will each be paired up with a professional skater and will learn a new routine every week. at the end of the series  one celebrity will be crowned the winner.","celebrities get their skates on former england footballer paul gascoigne will join eastenders actress scarlett johnson on bbc one s strictly ice dancing. the one-off christmas special will also star television presenter carol smillie and jessica taylor from liberty-x. each celebrity will be paired with a professional skater to impress a panel of judges and win the audience vote. the bbc is yet to confirm the final two stars who will battle it"," out in tonight's competition.

This content is imported from YouTube. You may be able to find the same content in another format, or you may beable to find more information, at their web site.
this content is created and maintained by a third party, and imported onto this page to help users provide their email addresses. Youmay be ableto find more info about this and similar content at piano.io","out in tonight's competition. This content is imported from YouTube. You may be able to find the same content in another format, or you may beable to find more information, at their web site. this content is created and maintained by a third party, and imported onto this page to help users provide their email addresses. Youmay be ableto find more info about this and similar content at piano.","0.843250027208206","-1.0079052613579391"
"33","show over for mtv s the osbournes rock star ozzy osbourne has said his family will not make any more episodes of reality tv show the osbournes.   at the end of it i didn t like having cameras around the house all the time   the black sabbath singer told reporters at the mtv europe awards in rome. his wife sharon  who also appears in the popular mtv show based on the osbournes  family life  agreed.  now everybody s doing reality shows. he s done it  he s been there  he s got to do something else   she said.  ozzy osbourne said he had had enough of the work involved in making the series.  when you watch a 25-minute episode  i ve been filming all day   he said. sharon osbourne is currently appearing as a judge and mentor in itv1 talent show the x-factor alongside simon cowell and louis walsh.  earlier this year she topped a poll of the most important people in rock  for her part in guiding the career of husband ozzy and her family. she was the driving force behind the osbournes  which ran for three series  earning the family a reported $85m (46m). the renewed popularity for ozzy has seen sales of his merchandise hit the $50m (27.2m) mark  a record for a heavy metal artist. sales of t-shirts  accessories and action figures have rocketed since the osbournes hit screens. at its peak  the osbournes had a regular audience of eight million  with america s tv guide magazine describing the series as  a cross between the simpsons and this is spinal tap . osbourne himself was at a loss to explain its popularity:  i suppose americans get a kick out of watching a crazy brit family like us make complete fools of ourselves every week.","show over for mtv s the osbournes rock star ozzy osbourne has said his family will not make any more episodes of reality tv show the osbournes. at the end of it i didn t like having cameras around the house all the time the black sabbath singer told reporters at the mtv europe awards in rome. his wife sharon who also appears in the popular mtv show based on the osbournes family life agreed. now everybody s"," going to be upset that he is keeping them quiet and they are just going to have to get over it or leave.

i think there should be a little bit of a debate. i don t mind all the things that ozzy is saying, but i do find him very very disrespectful. he doesn t know how to handle his own family and how important it is to them. if they were not, it is probably not a good thing. and it is never okay. so when i","going to be upset that he is keeping them quiet and they are just going to have to get over it or leave. i think there should be a little bit of a debate. i don t mind all the things that ozzy is saying, but i do find him very very disrespectful. he doesn t know how to handle his own family and how important it is to them. if they were not, it is probably not a good thing. and it is never okay.","1.138242922895398e-05","4.235889628255314"
"34","insurance bosses plead guilty another three us insurance executives have pleaded guilty to fraud charges stemming from an ongoing investigation into industry malpractice.  two executives from american international group (aig) and one from marsh & mclennan were the latest. the investigation by new york attorney general eliot spitzer has now obtained nine guilty pleas. the highest ranking executive pleading guilty on tuesday was former marsh senior vice president joshua bewlay.  he admitted one felony count of scheming to defraud and faces up to four years in prison. a marsh spokeswoman said mr bewlay was no longer with the company. mr spitzer s investigation of the us insurance industry looked at whether companies rigged bids and fixed prices. last month marsh agreed to pay $850m (415m) to settle a lawsuit filed by mr spitzer  but under the settlement it  neither admits nor denies the allegations .","insurance bosses plead guilty another three us insurance executives have pleaded guilty to fraud charges stemming from an ongoing investigation into industry malpractice. two executives from american international group (aig) and one from marsh & mclennan were the latest. the investigation by new york attorney general eliot spitzer has now obtained nine guilty pleas. the highest ranking executive pleading guilty on tuesday was former marsh senior vice president joshua bewlay. he admitted one felony count of scheming to"," defraud a federal bank, one of those counts counts is conspiracy to commit wire fraud, two counts of theft by deception, one count of criminal breach of trust and three counts of criminal negligence.

and the grand jury indicted two senior associates of marsh. in this case, marshs' co-associate, grand marshal, marshian and marshman, was identified as:

Jasminee kirkpatrick: marshman.com/marshman.jss
","defraud a federal bank, one of those counts counts is conspiracy to commit wire fraud, two counts of theft by deception, one count of criminal breach of trust and three counts of criminal negligence. and the grand jury indicted two senior associates of marsh. in this case, marshs' co-associate, grand marshal, marshian and marshman, was identified as: Jasminee kirkpatrick: marshman.com/marshman.","5.934340569241363e-15","7.717442747369271"
"35","sayeed to stand down as tory mp tory mp jonathan sayeed is to stand down on the grounds of ill health.  the decision comes after mr sayeed survived an attempt to de-select him in a row over allegations he had profited from private tours of parliament. the mid-bedfordshire mp had denied a claim that he was paid for guiding visitors around the palace of westminster. conservative leader michael howard has now accepted the mp s resignation  it has been announced.  mr sayeed was suspended from parliament for two weeks last month after the commons standards and privileges committee said his conduct had fallen  well below the standards expected . the conservative party had already been withdrawn the whip for a month. but his constituency association voted against a move to deselect him  with mr sayeed winning 173 of the 299 votes. after the vote  mr sayeed said only a fifth of association members had voted against him and he intended to get on with winning the election. but the vote prompted constituency association president sir stanley odell to resign in protest. the standards and privileges committee inquiry was launched after the sunday times alleged english manner limited charged clients for access to westminster through mr sayeed. mr sayeed had denied the claims  saying the suspension was  unjust and wrong  but he made an  unreserved  apology to mps in the commons chamber. he insisted that the committee s report had contained a  few errors of fact . mr sayeed has been mp for mid-bedfordshire since 1997. he represented bristol east from 1983 to 1992.","sayeed to stand down as tory mp tory mp jonathan sayeed is to stand down on the grounds of ill health. the decision comes after mr sayeed survived an attempt to de-select him in a row over allegations he had profited from private tours of parliament. the mid-bedfordshire mp had denied a claim that he was paid for guiding visitors around the palace of westminster. conservative leader michael howard has now accepted the mp s resignation it has been"," reported he is going through medical and dental issues.

(Getty)

migration:

wedding:
.migration-time-trackdown-in.s-news-updated-news.hts.news.vn.hats/migration.s_article/articles_16.pdf.s&id=170128e2f04c5b4a34ac1f14e8e8f09ce6eb","reported he is going through medical and dental issues. (Getty) migration: wedding:.migration-time-trackdown-in.s-news-updated-news.hts.news.vn.hats/migration.s_article/articles_16.pdf.","1.3600371213536468e-40","13.287927737951602"
"36","gamers snap up new sony psp gamers have bought almost all of the first batch of sony s new playstation portable (psp) games console  which went on sale in japan on sunday.  thousands of people queued for hours to get hold of one of the 200 000 psps which were shipped to retailers. the handheld console can play games  music and movies and goes on sale in europe and north america next year. despite the demand sony said it would not increase the 500 000-strong stock of psps it plans to ship by year s end.  sony says it intends to ship three million of the consoles by march 2005. the company is hoping to challenge the dominance of nintendo in the handheld market. nintendo released its new ds console earlier this year and has already raised shipment targets for the device by 40%. the psp is selling in japan for 19 800 yen ($188; 98) while nintendo s ds console sells in the us and japan for $150 (78). nintendo s goal is to ship 5 million of its new nintendo ds handheld consoles by march 2005.","gamers snap up new sony psp gamers have bought almost all of the first batch of sony s new playstation portable (psp) games console which went on sale in japan on sunday. thousands of people queued for hours to get hold of one of the 200 000 psps which were shipped to retailers. the handheld console can play games music and movies and goes on sale in europe and north america next year. despite the demand sony said it would not increase"," prices or sell them.

Athlete: The Game and The Game
is a video game released by Sega. The original series, with its story and content, was released in 1993 and in 1997 it spawned its own arcade-themed video game called The Game.
In this article, I will tell you more about The Game as well as how it changed the way we live our lives every day. If you enjoyed this article read on, I hope you enjoy reading it!http://","prices or sell them. Athlete: The Game and The Game is a video game released by Sega. The original series, with its story and content, was released in 1993 and in 1997 it spawned its own arcade-themed video game called The Game. In this article, I will tell you more about The Game as well as how it changed the way we live our lives every day. If you enjoyed this article read on, I hope you enjoy reading it!","1.2676273926722297e-10","6.324821499723688"
"37","row threatens hendrix museum plan proposals to open a museum dedicated to jimi hendrix are flailing because of a row over the home of his late father.  the run-down house in seattle has already been moved wholesale once and local authorities are now demanding it be moved to another site. hendrix supporters hoped to turn the home into a museum for the guitarist.  the mayor is going to go down as the mayor who destroyed jimi hendrix s house   said ray rae marshall of the james marshall hendrix foundation. the foundation moved the building  in which al hendrix lived between 1953 and 1956  when the land it was built on was to be developed for housing in 2002. now the city of seattle wants its new plot to be used for development  giving a deadline of 22 february for the home to be moved. mr goldman said the authority had promised the house could remain on its new site and be turned into a memorial and community centre. seattle officials said no such deal had been offered.   we never said   you can own this property    said john franklin  chief of its operations department.  from our perspective  it was a temporary situation. we have not threatened to demolish the house. we ve simply asked that they have to move it.  now mr goldman is calling for the authority to pay to move the building to seattle s central district  where hendrix grew up. janie hendrix  the guitarist s stepsister  said the family were still hoping the guitarist would be honoured by having a road named after him.  that s something my father really wanted to see   she said.  it would be nice if we didn t have to fight for everything to get it.  hendrix was widely considered one of the most important guitarists of his time. he died of drug overdose in 1970 at the age of 27.","row threatens hendrix museum plan proposals to open a museum dedicated to jimi hendrix are flailing because of a row over the home of his late father. the run-down house in seattle has already been moved wholesale once and local authorities are now demanding it be moved to another site. hendrix supporters hoped to turn the home into a museum for the guitarist. the mayor is going to go down as the mayor who destroyed jimi hendrix s house said ray rae"," was only interested in selling the house to fund a ""private"" venture. he is fighting back.

wwenewsnewsnewsmedia.com.au  is this the end? as we reported last week, a group of conservative activists have threatened a campaign to shut down the new WWE.com website - which would allow fans access to the company's top titles from around the world. The website offers a free, live feed of matches and live events from its headquarters, including WrestleMania","was only interested in selling the house to fund a ""private"" venture. he is fighting back. wwenewsnewsnewsmedia.com.au  is this the end? as we reported last week, a group of conservative activists have threatened a campaign to shut down the new WWE.com website - which would allow fans access to the company's top titles from around the world.","1.4793186858838465e-11","6.648615016125769"
"38","debate needed  on donations cap a cap on donations to political parties should not be introduced yet  the elections watchdog has said.  fears that big donors can buy political favours have sparked calls for a limit. in a new report  the electoral commission says it is worth debating a 10 000 cap for the future but now is not the right time to introduce it. it also says there should be more state funding for political parties and candidates should be able to spend more on election campaigning.  there were almost 68m in reported donations to political parties in 2001  2002 and 2003  with nearly 12m of them from individual gifts worth more than 1m. the rules have already been changed so the public can see who gives how much to the parties but the report says there are still public suspicions. the commission says capping donations would mean taxpayers giving parties more cash - something which would first have to be acceptable to the public and shown to work.  while we are not in principle opposed to the introduction of a donation cap  we do not believe that such a major departure from the existing system now would be sensible   says its report. if there was to be a cap  it should be 10 000 - a small enough amount to make a difference but which would have banned 56m in donations between 2001 and 2003.  even without changes the commission does urge political parties to seek out more small-scale donations and suggests there should be income tax relief for gifts under 200. it also suggests increasing state funding for parties to 3m so help can be extended to all parties with at least two members in the house of commons  european parliament  scottish parliament  welsh assembly or northern ireland assembly. and it suggests new ways of boosting election campaigning  seen as a way of improving voter turnout. all local election candidates should be entitled to a free mailshot for campaign leaflets  says the watchdog. and there should be a shift in the amount of money allowed to be spent at elections from a national level to a local level to help politicians engage better with voters.  the report suggests doubling the money which can be spent by candidates  while cutting national spending limits from 20m to 15m. the commission also says the spending limits for general elections should cover the four months before the poll - as happens with other elections. electoral commission chairman sam younger said:  there is no doubt that political parties have a vital role to play in maintaining the health of our democracy and for this they need to be adequately resourced.  our research has shown that people want to be more informed about party politics and that they want politicians to be more visible and accessible.  the public are reluctant for the state to fund parties but at the same time are unhappy with large private donations.  he called for a wider public debate on party funding to find the consensus needed for radical changes to the current system.","debate needed on donations cap a cap on donations to political parties should not be introduced yet the elections watchdog has said. fears that big donors can buy political favours have sparked calls for a limit. in a new report the electoral commission says it is worth debating a 10 000 cap for the future but now is not the right time to introduce it. it also says there should be more state funding for political parties and candidates should be able to spend more on election campaigning. there were almost 68m in"," 2013 but they are expected to fall to around 36 million in 2015 with only 5% of that coming from private donors. the commission says this needs to change because it is difficult to establish a clear standard in which money should be spent on campaigning. the body said the cap was too broad, especially for political campaigns. the government has repeatedly rejected suggestions that the cap might be too broad. it is particularly important because it means political parties may have more influence than ever before in their local and international markets.","2013 but they are expected to fall to around 36 million in 2015 with only 5% of that coming from private donors. the commission says this needs to change because it is difficult to establish a clear standard in which money should be spent on campaigning. the body said the cap was too broad, especially for political campaigns. the government has repeatedly rejected suggestions that the cap might be too broad. it is particularly important because it means political parties may have more influence than ever before in their local and international markets.","3.1168367625803447e-05","4.003786086981051"
"39","german growth goes into reverse germany s economy shrank 0.2% in the last three months of 2004  upsetting hopes of a sustained recovery.  the figures confounded hopes of a 0.2% expansion in the fourth quarter in europe s biggest economy. the federal statistics office said growth for the whole of 2004 was 1.6%  after a year of contraction in 2003  down from an earlier estimate of 1.7%. it said growth in the third quarter had been zero  putting the economy at a standstill from july onward. germany has been reliant on exports to get its economy back on track  as unemployment of more than five million and impending cuts to welfare mean german consumers have kept their money to themselves. major companies including volkswagen  daimlerchrysler and siemens have spent much of 2004 in tough talks with unions about trimming jobs and costs. according to the statistics office  destatis  rising exports were outweighed in the fourth quarter by the continuing weakness of domestic demand.  but the relentless rise in the value of the euro last year has also hit the competitiveness of german products overseas. the effect has been to depress prospects for the 12-nation eurozone as a whole  as well as germany. eurozone interest rates are at 2%  but senior officials at the rate-setting european central bank are beginning to talk about the threat of inflation  prompting fears that interest rates may rise. the ecb s mandate is to fight rising prices by boosting interest rates - and that could further threaten germany s hopes of recovery.","german growth goes into reverse germany s economy shrank 0.2% in the last three months of 2004 upsetting hopes of a sustained recovery. the figures confounded hopes of a 0.2% expansion in the fourth quarter in europe s biggest economy. the federal statistics office said growth for the whole of 2004 was 1.6% after a year of contraction in 2003 down from an earlier estimate of 1.7%. it said growth in the third quarter had been zero putting the economy"," on track to shrink more than 1%, with consumption growing at an annual rate of 2.9% in 2005.the gross domestic product (GDP) was flat, with retail sales declining by 4.7% in 2004.the prime minister said the government expected to achieve its target of reducing inflation to 1.5% by end-2004.the fiscal deficit was reduced to 1 billion euros in 2005 from 1 billion.the debt ratio was reduced again to 1 bt from 1 btrs","on track to shrink more than 1%, with consumption growing at an annual rate of 2.9% in 2005.the gross domestic product (GDP) was flat, with retail sales declining by 4.7% in 2004.the prime minister said the government expected to achieve its target of reducing inflation to 1.5% by end-2004.the fiscal deficit was reduced to 1 billion euros in 2005 from 1 billion.","3.5681289972117485e-14","7.4853392060950075"
"40","labour targets  hardcore truants  a fresh crackdown on persistent truants in england has been launched by education secretary ruth kelly.  serial truants make up one in 13 pupils. previous initiatives brought 40 000 pupils back to school since 1997  according to official statistics. parenting contracts  penalty notices and  fast track  prosecution systems have been used to tackle what has been a stubborn problem. it is thought that nearly half a million children skip school each day. tories say labour s previous success regarding the issue came because it tackled the easy part of the problem by reducing authorised absence  where parents are permitted to take children out of school. such absences are often due to family holidays.  however  serial truants avoid the classroom despite government schemes costing 885m. those missing classes are more likely to become involved in crime as well as failing academically. measures such as parenting contracts and penalty notices were adopted by most local education authorities last term and come into force in the remainder this term. in one local education authority alone 800 parents were warned they would receive a penalty notice unless their child s attendance improved. the tough stance paid off with just 24 issued  while attendance improved in 776 cases. truancy has been reduced by 5% at the 128 worst hit schools through the government s behaviour improvement programme. this is the equivalent of 200 pupils back in classes since september.  the new measures come on top of national truancy sweeps - the sixth of which will take place on monday. police and education welfare officers patrol problem hotspots picking up truants and returning them to school. held twice each year  in addition to routine local patrols  previous country-wide sweeps have apprehended 31 000 pupils dodging school. in almost 14 000 of those cases  the youngsters were accompanied by their parents. a department for education and skills source said:  every day in school counts.  it is clear form these figures that schools and local education authorities are now seizing the tools we have given them to improve school attendance and crack down hard on the very small numbers of pupils which account for almost half of the nation s truancy.","labour targets hardcore truants a fresh crackdown on persistent truants in england has been launched by education secretary ruth kelly. serial truants make up one in 13 pupils. previous initiatives brought 40 000 pupils back to school since 1997 according to official statistics. parenting contracts penalty notices and fast track prosecution systems have been used to tackle what has been a stubborn problem. it is thought that nearly half a million children skip school each day. tories say labour s previous success regarding the issue came because it"," was only a matter of time before the government started to consider other measures to keep truancy under control. if you are suffering from truancy and want to get help, I would be happy to assist.

Education Secretary ruth kellie

welfare: a new way of doing things

i am an academic myself and i am the headteacher and i do not believe there is a better way. i want to make sure all of my children will be taught by people who","was only a matter of time before the government started to consider other measures to keep truancy under control. if you are suffering from truancy and want to get help, I would be happy to assist. Education Secretary ruth kellie welfare: a new way of doing things i am an academic myself and i am the headteacher and i do not believe there is a better way.","3.1168367625803447e-05","4.003786086981051"
"41","federer claims dubai crown world number one roger federer added the dubai championship trophy to his long list of successes - but not before he was given a test by ivan ljubicic.  top seed federer looked to be on course for a easy victory when he thumped the eighth seed 6-1 in the first set. but ljubicic  who beat tim henman in the last eight  dug deep to secure the second set after a tense tiebreak. swiss star federer was not about to lose his cool  though  turning on the style to win the deciding set 6-3. the match was a re-run of last week s final at the world indoor tournament in rotterdam  where federer triumphed  but not until ljubicic had stretched him for five sets.  i really wanted to get off to a good start this time  and i did  and i could really play with confidence while he still looking for his rhythm   federer said.   that took me all the way through to 6-1 3-1 0-30 on his serve and i almost ran away with it. but he came back  and that was a good effort on his side.  ljubicic was at a loss to explain his poor showing in the first set.  i didn t start badly  but then suddenly i felt like my racket was loose and the balls were flying a little bit too much. and with roger  if you relax for a second it just goes very quick   he said.  after those first three games it was no match at all. i don t know  it was really weird. i was playing really well the whole year  and then suddenly i found myself in trouble just to put the ball in the court.  but despite his defeat  the world number 14 was pleased with his overall performance.  i had a chance in the third  and for me it s really positive to twice in two weeks have a chance against roger to win the match.  it s an absolutely great boost to my confidence that i m up there and belong with top-class players.","federer claims dubai crown world number one roger federer added the dubai championship trophy to his long list of successes - but not before he was given a test by ivan ljubicic. top seed federer looked to be on course for a easy victory when he thumped the eighth seed 6-1 in the first set. but ljubicic who beat tim henman in the last eight dug deep to secure the second set after a tense tiebreak. sw","iss netter federer on, to win the title but federer kept on winning, as he won seven match points. it is widely expected that this year's final will be between federer and china's top seed seungri wang.

and the winner.","iss netter federer on, to win the title but federer kept on winning, as he won seven match points. it is widely expected that this year's final will be between federer and china's top seed seungri wang. and the winner.","3.9523201961760374e-07","4.937707198786941"
"42","house prices show slight increase prices of homes in the uk rose a seasonally adjusted 0.5% in february  says the nationwide building society.  the figure means the annual rate of increase in the uk is down to 10.2%  the lowest rate since june 2001. the annual rate has halved since august last year  as interest rises have cooled the housing market. at the same time  the number of mortgage approvals fell in january to a near 10-year low  official bank of england figures have shown.  nationwide said that in january house prices went up by 0.4% on the month and by 12.6% on a year earlier.  we are not seeing the market collapsing in the way some had feared   said nationwide economist alex bannister. there have been a number of warnings that the uk housing market may be heading for a downturn after four years of strong growth to 2004. in november  barclays  which owns former building society the woolwich  forecast an 8% fall in property prices in 2005  followed by further declines in 2006 and 2007. and last summer  economists at pricewaterhousecoopers (pwc) warned house prices were overvalued and could fall by between 10% and 15% by 2009.  the price of an average uk property now stands at 152 879. homeowners now expect house prices to rise by 1% over the next six months  mr bannister said. he said if the growth continued at this level then the bank of england may increase interest rates from their current 4.75%.   i think the key is what the bank expects to happen to the housing market. we always thought we would see a small rise  they thought they would see a small decline.  house prices have risen 0.9% this year  nationwide said  and if this pace of increase persists  prices would rise by just under 6% in the year to december. this is slightly above the 0-5% range nationwide predicts.  further evidence of a slowdown in the housing market emerged from bank of england lending figures released on tuesday. new mortgage loans in january fell to 79 000 from 82 000 in december  the bank said. the past few months have seen approvals fall to levels last seen in 1995. the bank revealed that 48 000 fewer mortgages were approved in january than for the same month in 2004. overall  mortgage lending rose by 7.2bn in january  marginally up on the 7.1bn rise in december.","house prices show slight increase prices of homes in the uk rose a seasonally adjusted 0.5% in february says the nationwide building society. the figure means the annual rate of increase in the uk is down to 10.2% the lowest rate since june 2001. the annual rate has halved since august last year as interest rises have cooled the housing market. at the same time the number of mortgage approvals fell in january to a near 10-year low official bank"," data showed that the number on applications for loanen loans dropped by around three million in February after falling by more than one billion. the numberof applications for mortgage forbearance fell 1.9% from the previous month, with new applicationsforfinance increasing 4.9%, whileforbundles increased by morethan 8.7%. the numberon forbearance program, which allows borrowers who are makingloans for up to 30 days to obtain ancertainment financing under a secured","data showed that the number on applications for loanen loans dropped by around three million in February after falling by more than one billion. the numberof applications for mortgage forbearance fell 1.9% from the previous month, with new applicationsforfinance increasing 4.9%, whileforbundles increased by morethan 8.7%.","1.368201015877903e-13","7.306770072260992"
"43","disappointed scott in solid start allan scott is confident of winning a medal at next week s european indoor championships after a solid debut on the international circuit.  the 22-year-old scot finished fourth in the 60m hurdles at the jose m cagigal memorial meeting in madrid.  it was definitely a learning curve and i certainly haven t ruled out challenging for a medal next week   said the east kilbride athlete. the race was won by felipe vivancos  who equalled the spanish record.  sweden s robert kronberg was second  with haiti s dudley dorival in third. scott was slightly disappointed with his run in the final. he won his heat in 7.64secs but ran 0.04secs slower in his first iaaf indoor grand prix circuit final.  i should have done better than that   he said.  i felt i could have won it. i got a poor start - but i still felt i should have ran faster.  vivancos slashed his personal best to equal the spanish record with a time of 7.60secs while kronberg and dorival clocked 7.62secs and 7.63secs respectively.","disappointed scott in solid start allan scott is confident of winning a medal at next week s european indoor championships after a solid debut on the international circuit. the 22-year-old scot finished fourth in the 60m hurdles at the jose m cagigal memorial meeting in madrid. it was definitely a learning curve and i certainly haven t ruled out challenging for a medal next week said the east kilbride athlete. the race was won by felipe v","ena de gallo, a native of montreal who had been invited to come to scott's countryman. scott had to beep to get into the lead when he got into a crash and hurt his back. this led to him being sent home by coach. now he is going through his own set-back and it makes me sad i have no confidence in this young man. there are so many talented youngsters coming up this year. scot was lucky enough not to miss a chance","ena de gallo, a native of montreal who had been invited to come to scott's countryman. scott had to beep to get into the lead when he got into a crash and hurt his back. this led to him being sent home by coach. now he is going through his own set-back and it makes me sad i have no confidence in this young man. there are so many talented youngsters coming up this year.","9.088602153646792e-09","5.628510875900897"
"44","pandas benefit from wireless net the world s dwindling panda population is getting a helping hand from a wireless internet network.  the wolong nature reserve in the sichuan province of southwest china is home to 20% of the remaining 1 500 giant pandas in the world. a broadband and wireless network installed on the reserve has allowed staff to chronicle the pandas  daily activities. the data and images can be shared with colleagues around the world. the reserve conducts vital research on both panda breeding and bamboo ecology.  using the network  vets have been able to observe how infant pandas feed and suggest changes to improve the tiny cubs  chances of survival.   digital technology has transformed the way we communicate and share information inside wolong and with the rest of the world   said zhang hemin  director of the wolong nature reserve.  our researchers now have state-of-the-art digital technology to help foster the panda population and manage our precious surroundings.  the network has been developed by intel  working closely with the staff at wolong. it includes a 802.11b wireless network and a video monitoring system using five cameras to observe pandas around the clock.  before the new infrastructure arrived at the panda park  staff walked or drove to deliver floppy disks across the reserve. infant panda health was recorded on paper notebooks and research teams in the field had little access to the data. to foster cultural links across the globe  a children s learning lab has been incorporated in the network  in collaboration with globio (federation for global biodiversity education for children)  an international non-profit organisation. it will enable children at local primary schools to hook up with their peers in portland  oregon in the us.  digital technology brings this story to life by enabling a global dialogue to help bridge cultures around the world   said globio founder gerry ellis.","pandas benefit from wireless net the world s dwindling panda population is getting a helping hand from a wireless internet network. the wolong nature reserve in the sichuan province of southwest china is home to 20% of the remaining 1 500 giant pandas in the world. a broadband and wireless network installed on the reserve has allowed staff to chronicle the pandas daily activities. the data and images can be shared with colleagues around the world. the reserve conducts vital research on both p","anda survival and pandas' health. pandas' living conditions are also closely monitored through its wildlife wardens. the panda wardens have been involved in conducting the most detailed research on how pandas live their lives for more than 70 years.
This article originally appeared at The Conversation. Read the original article here.","anda survival and pandas' health. pandas' living conditions are also closely monitored through its wildlife wardens. the panda wardens have been involved in conducting the most detailed research on how pandas live their lives for more than 70 years. This article originally appeared at The Conversation. Read the original article here.","1.9298082184642186e-06","4.618802153517007"
"45","franz man seeks government help franz ferdinand frontman alex kapranos has called for more government help for musicians  while taking part in an edinburgh lectures discussion.   for any cultural output to thrive there needs to be some kind of state input to that as well   he said. but kapranos warned against musicians being too closely linked with mps  at the university of edinburgh event.  i think the role of musicians is to question politicians rather than to go to bed with them   he said.  kapranos joined the prestigious lecture series to discuss scotland s role in making 21st century music.  there are elements of our musical output which require sustenance because they aren t self-sufficient   he said.  but so-called commercial music would benefit from investment as well.  he warned musicians against being allied to a particular party  however.  i don t know if having tea with politicians is always a good idea.   kapranos and his glasgow four-piece band have been nominated for five prizes at next week s brit awards  including best group and best album. their self-titled debut album won last year s mercury music prize and spawned three top 20 singles. he told the 300-strong audience at the university s reid hall that musicians should listen to a wide range of music and should not be restricted by stereotypes.  we say  i like this . because i listen to nirvana and korn i am a troubled individual  i m riddled with angst because i listen to chopin and debussy  i listen to kylie minogue and scissor sisters because i m upbeat and i like to party  i listen to wagner because i like the smell of napalm in the morning.  kapranos said there was a general  hostility  towards classical music  adding:  there is very little done to break that hostility other than classic fm.   he concluded:  we define ourselves as a nation by the way we encourage our creativity.  fellow speaker and classical composer james macmillan agreed:  we need to rediscover our ability to listen.  previous speakers at the edinburgh lectures series have included former soviet leader mikhail gorbachev and author professor stephen hawking. kapranos described his appearance on wednesday as  more daunting by a long way  than their upcoming brits performance.  i don t really care about the brits   he said.  it s going to be great to go down but i have actually had to exercise part of my brain tonight.   i think the government should do more to help up-and-coming artists be discovered by scrapping the entertainment licences for live venues. also they should do more to help independent record labels have a louder voice within an industry dominated by commercialised major labels.  rather than expecting the government - i.e. the taxpayer - to fork out  why don t some of the megastars put something back in  some of britain s wealthiest people are musicians who have raked it in from albums  concerts etc. there are far more important demands on government funds.  if they can fund football  why not fund music   areas of the arts are funded by government and lottery grants  so why not music  we already have the opera receiving huge grants and it would clearly be beneficial for diversity in music to have the same opportunities in other areas of the music. the only problem would be how to judge what merits state cash.  the government has enough problems funding schools and health services. if alex kapranos genuinely thinks a multi-billion pound industry should also have government funding then his own education was seriously lacking and more money should be put into that.  as a scot living in england  i appreciate the value of scottish music and culture being a success  so i can see no problem with it! franz ferdinand  travis and snow patrol are just recent examples of the success scottish music can have in the world  so we should do what we scots are good at and support our own goods!  i think the issue is more fundamental: should the government be spending money on subsidising a multi-million pound industry when health and education are in such a sorry state  the answer is most definitely no. those people who are lucky enough to pursue their passion to get their pay cheque shouldn t be looking for government subsidies. i know that if i was lucky enough to be able to pursue my dream of show jumping i would want to finance myself until i was in a position to pursue corporate sponsorship.  yes the government should fund music - it brings joy to the masses.  there are already thousands of state-funded musicians out there sitting around  twiddling their thumbs on the  new deal . getting the government even more involved would only waste money that could be put to better use.  as long as the government was funding real talent it would be a great move. i would hate to see more pop idol-type funding of music though  as it would only serve to reinforce the stereotypes that alex talked about.  only if the proposals make financial sense. franz ferdinand must be paying serious amounts of tax on their record sales - if they d had a government grant to get started they d have more than paid it back by now  so the treasury would be making far more than it paid out. however  the government has better things to spend its money on than to give charity to everyone who decides they re a musician. the government shouldn t  fund  music - it should  invest  in music and those investments should be treated like any other investment.  i think the government needs to provide facilities and for young groups and bands to form and practise. the equipment is not cheap and can be well beyond the means of many people. however  i do feel this should be the extent of their role  to provide the conditions for the talent to flourish and let it go from there.  i do agree that the government should help to fund music but there is also a responsibility held by record companies! they generally always opt for the tried and tested and tend not to want to break any moulds or risk losing any money which ultimately  the directors are in the business for! if labels were more willing to put money forward towards smaller breakthrough acts then the government wouldn t have to fork out a great deal.  yeah  why not  music should be government funded  particularly the work of modern composers and veteran bands/artists and stuff. pop music pretty much rules the earth  so more attention should go to the other fraternities  i agree with funding the arts to make it more accessible to the public but i am not convinced that pop music requires financial support from the taxpayer. there is a great deal of money generated through pop music - perhaps a tax on pop could be ploughed into the public performance of other forms of music for everyone to enjoy. perhaps we could financially penalise really bad pop idol-style music - that is  the music industry sector without any artistic merit or originality whatsoever and that which is specifically designed to line the pockets of music producers. call it a tax on music  pollution   if you like.  though i really like franz ferdinand  i have to disagree with mr kapranos. once government gets their hand into the private sector  it will destroy the creative and possibly controversial avenues the artist pursues. many years ago  this was the case with the us nea  when the government started to question what was considered art for the money they were allotting. the solution mr kapranos should pursue would be privately-funded organizations  like save the music in the us.","franz man seeks government help franz ferdinand frontman alex kapranos has called for more government help for musicians while taking part in an edinburgh lectures discussion. for any cultural output to thrive there needs to be some kind of state input to that as well he said. but kapranos warned against musicians being too closely linked with mps at the university of edinburgh event. i think the role of musicians is to question politicians rather than to go to bed with them he"," said from his speech. on how musicians should be treated in their own country culture is so much about how we are governed and how we can live our lives through art you need to understand why we have this problem the first thing that comes to mind in my mind is music itself. in my opinion this needs to change because it means the freedom to express your opinions as you like. and its not just about whatll happen, it' s going to be about how,","said from his speech. on how musicians should be treated in their own country culture is so much about how we are governed and how we can live our lives through art you need to understand why we have this problem the first thing that comes to mind in my mind is music itself. in my opinion this needs to change because it means the freedom to express your opinions as you like.","3.947841320552369e-06","4.467993169529578"
"46","jamieson issues warning to bigots scotland s justice minister has warned bigoted soccer fans that she wants to hit them  where it hurts most  by banning them from matches.  cathy jamieson said exclusion orders are one of a series of measures being considered in the scottish executive campaign against sectarianism. she praised celtic and rangers for their work in tackling the problem. however  the minister said stopping sectarian abuse associated with old firm matches is a key objective. ms jamieson was speaking ahead of the third round scottish cup clash between the glasgow clubs at parkhead on sunday. the sectarianism long associated with sections of the support from both clubs has become a significant target for the executive. last week ms jamieson and first minister jack mcconnell met supporters  representatives from both clubs to discuss the issue.  they plan to hold an anti-sectarian summit next month with officials from the clubs  church leaders  senior police officers and local authority chiefs among those to be invited. speaking on bbc radio scotland s sunday live programme  ms jamieson described friday s meeting as  very productive  and said putting the squeeze on the bigots would be a key aim. ms jamieson stressed that sectarianism has not been confined to football but it can act as a  trigger  for tensions and violence. clubs have taken action in the past to ban troublesome fans and supporters  groups expressed their desire to ensure that the game is no longer tainted by the problem.  ms jamieson said the executive should have a role in tackling the soccer troublemakers. she said:  we can t get away from the fact that in some instances some of the religious hatred that some people try to associate with football boils over into violence.  that is the kind of thing we want to stop and that s the kind of thing supporters  groups are very clear they don t want to be part of either  and they will work with us to try and deal with that.   ms jamieson praised the police for their action and said:  the police do want to identify whether there are particular individuals who are going over the top and inciting hatred or violence - they will crack down very effectively on them.  we have of course already indicated that we will consider the introduction of banning orders to give additional powers to where there are people who are going over the top  who have made inappropriate behaviour at football matches  to be able to stop them attending the games.  that s the kind of thing that will hit those kind of people where it hurts the most in not allowing them to attend the games   she said. praising celtic and rangers for their efforts  she said:  i don t think there is any doubt that we have seen some positive moves from the clubs.  both rangers and celtic football clubs have been involved in working with the executive to produce  for example  an educational pack for young people.","jamieson issues warning to bigots scotland s justice minister has warned bigoted soccer fans that she wants to hit them where it hurts most by banning them from matches. cathy jamieson said exclusion orders are one of a series of measures being considered in the scottish executive campaign against sectarianism. she praised celtic and rangers for their work in tackling the problem. however the minister said stopping sectarian abuse associated with old firm matches is a key objective. ms jamies","one said the league will consider banning the ""sickening"" chants, calling on chief executive joanne dolan to intervene. she also said the game must be run more responsibly. jimmy joneson says: 'it would be nice' if scottland can take steps to end sectarianism.' she added: 'I think they've done a great job. and it should be up to the league's top officials to make sure the league play in its responsibility to ensure the integrity","one said the league will consider banning the ""sickening"" chants, calling on chief executive joanne dolan to intervene. she also said the game must be run more responsibly. jimmy joneson says: 'it would be nice' if scottland can take steps to end sectarianism.' she added: 'I think they've done a great job.","5.6445538431059e-12","6.789028582272215"
"47","campaign  cold calls  questioned labour and the conservatives are still telephoning the millions of people who have signed up to make sure they do not get marketing  cold calls .  the parties say they can stick to the rules by ensuring that their calls are not marketing - for instance by asking about people s voting intentions. the lib dems are asking the watchdog overseeing the rules to stop the calls. the information commissioner s office says surveys are allowed but people had to be told if personal data was kept. telephone call centres are expected to be used as never before by all the three major parties in the run-up to the general election.  but seven million telephone numbers are on the telephone preference service (tps) lists  which ban unsolicited sales and marketing calls. both schemes are run by the direct marketing association and backed by eu directives on privacy and electronic communications.  the rules on marketing calls apply as much to politicians as to private sector companies. but that does not mean labour and the tories are not calling people signed up to the tps. a labour party spokesman told the bbc news website the party avoided those on tps lists when telephoning people about membership or fundraising. but that did not happen for  voter identification  calls.  when we ask which party they will vote for  that is not marketing and we have very clear legal advice that it is not   he said.  so it is not covered by the telephone preference service.   he said the party always asked people if they would be happy to be contacted again and if they said no  they were not rung again. a conservative spokeswoman said the party stuck to the rules when it rang tps subscribers. she said:  we do apply tps but in line with the law. we would not do things that are not allowed in the law.  assistant information commissioner phil jones said it was classed as marketing if political parties telephoned people to encourage them to vote for them. but  classic market research   such as a poll of voter intentions  did not constitute direct marketing  he said.  if a party is calling someone who is registered on tps and records their voting intention with a view to using this information in the future  this should be clear to the voter concerned   said mr jones.  if a party rings a person who is registered on tps to ask about their voting intention and goes on to encourage that voter to support them  the party may well be in breach of the regulations.  in summary  whether a party calling tps registered voters to check their voting intentions will breach regulations will depend on the script used and whether the script is followed.  mr jones said the watchdog received  very few complaints  on the issue.  earlier  lib dem chairman matthew taylor wrote to the watchdog saying:  the advice we have received on several previous occasions is that such phone calls are illegal.  he says evidence from local lib dem parties around the country suggests there are  significant  numbers of such calls.  i hope you can therefore take swift and efficient action to ensure that this ceases   he tells the commissioner. mr taylor argues there should be new guidelines so all parties can act in the same way if the watchdog believes the rules allow parties to ring tps numbers about voting intentions and later urge those people to vote for them.","campaign cold calls questioned labour and the conservatives are still telephoning the millions of people who have signed up to make sure they do not get marketing cold calls. the parties say they can stick to the rules by ensuring that their calls are not marketing - for instance by asking about people s voting intentions. the lib dems are asking the watchdog overseeing the rules to stop the calls. the information commissioner s office says surveys are allowed but people had to be told if personal data was kept. telephone call centres"," may only be open 24 hours, says the privacy commissioner s advice. The communications commissioner says: ""If someone is trying to make a campaign-style phone call, it is best to keep them off-limits"".

This is not the first time a campaign has been targeted. The government last week warned that the tech-savvy tech-fans of the internet were threatening to boycott certain websites. Facebook, YouTube and Twitter all recently targeted political campaigns. The companies, however, did not","may only be open 24 hours, says the privacy commissioner s advice. The communications commissioner says: ""If someone is trying to make a campaign-style phone call, it is best to keep them off-limits"". This is not the first time a campaign has been targeted. The government last week warned that the tech-savvy tech-fans of the internet were threatening to boycott certain websites. Facebook, YouTube and Twitter all recently targeted political campaigns.","4.0654247701977057e-07","4.932200252078106"
"48","england children s tsar appointed the first children s commissioner for england has been appointed.  great ormond street hospital professor of child health  al aynsley-green  was chosen by the government and will start the 100 000-a-year job immediately. he will oversee a 2.5m annual budget and have the power to look into  any matter relating to the interests and well-being of children . prof aynsley-green has also been the national clinical director for children in the department of health. he promised to make sure that children s opinions  count .   i will be drawing on my experience of working with children and young people to help ensure that those with the power to improve children s lives do live up to their responsibilities.  i want all children and young people to know that they can approach me to discuss any matter that affects them  knowing that i will value their opinion.  education secretary ruth kelly said prof aynsley-green would  strengthen the voice of children and young people . prof aynsley-green was a lecturer at oxford university  trained at guy s hospital medical school  university of london; oriel college  oxford; and in switzerland. he is described as  a proud grandfather  of four. scotland  wales and northern ireland already have children s commissioners.","england children s tsar appointed the first children s commissioner for england has been appointed. great ormond street hospital professor of child health al aynsley-green was chosen by the government and will start the 100 000-a-year job immediately. he will oversee a 2.5m annual budget and have the power to look into any matter relating to the interests and well-being of children. prof aynsley-green has also been the national clinical director for children in"," hospitals since his university days at al.the first child s commissioner was named in 1974 as a result of the work of the first woman. al.he is based in carlsbad, California and works with the first medical director and senior director of child care services in india.","hospitals since his university days at al.the first child s commissioner was named in 1974 as a result of the work of the first woman. al.he is based in carlsbad, California and works with the first medical director and senior director of child care services in india.","1.3886899053083803e-08","5.5549205986353085"
"49","stock market eyes japan recovery japanese shares have ended the year at their highest level since 13 july amidst hopes of an economic recovery during 2005.  the nikkei index of leading shares gained 7.6% during the year to close at 11 488.76 points. in 2005 it  will rise toward 13 000   predicted morgan stanley equity strategist naoki kamiyama. the optimism in the financial markets contrast sharply with pessimism in the japanese business community. earlier this month  the quarterly tankan survey of japanese manufacturers found that business confidence had weakened for the first time since march 2003.  slower economic growth  rising oil prices  a stronger yen and weaker exports were blamed for the fall in confidence. despite this  traders expect strength in the global economy to benefit japan  which has been close to sliding into recession in recent months. structural reform within japan and an anticipated end to the banking sector s bad debt problems should also help  they say.","stock market eyes japan recovery japanese shares have ended the year at their highest level since 13 july amidst hopes of an economic recovery during 2005. the nikkei index of leading shares gained 7.6% during the year to close at 11 488.76 points. in 2005 it will rise toward 13 000 predicted morgan stanley equity strategist naoki kamiyama. the optimism in the financial markets contrast sharply with pessimism in the japanese business community."," the stock market has been on a tear over the last few months and may be about to get stronger.

mmorgan stansley is a leading financial and stock-market strategist, with over 20 years experience. mmorgan's expertise helps traders succeed in trading in all types of capital markets: corporate, government, private-public-sector, public-private-relations and even international. more...","the stock market has been on a tear over the last few months and may be about to get stronger. mmorgan stansley is a leading financial and stock-market strategist, with over 20 years experience. mmorgan's expertise helps traders succeed in trading in all types of capital markets: corporate, government, private-public-sector, public-private-relations and even international. more...","1.1953366085119635e-08","5.581052602166382"
"50","lewsey puzzle over disallowed try england s josh lewsey has claimed he was denied a late try in his side s six nations loss to ireland.  the wasps wing insisted he grounded the ball when he was bundled over the line and said referee jonathan kaplan had made a wrong decision.  i m positive i touched the ball down over the line   lewsey told bbc sport.  it certainly wasn t a turnover.  i was driven over and i put the ball on the ground. the whistle went and i let go of the ball.  lewsey added:  one of the irish players scooped it back after the whistle and to our surprise the referee then gave a turnover.  as far as i m concerned  that incident and mark cueto s effort from charlie hodgson s cross-field kick that led to what looked like a good try were the two key elements in the game.   cueto was also puzzled as to why his try had been disallowed by kaplan.  i don t think i could have been offside for  without a doubt  i was behind the ball   said the sale player.  the move was a planned technique  it was not off the cuff. we rehearse it time and time again.  i wouldn t say we were robbed  some decisions go with you and some go against you. today they went against us and that s tough at international level.","lewsey puzzle over disallowed try england s josh lewsey has claimed he was denied a late try in his side s six nations loss to ireland. the wasps wing insisted he grounded the ball when he was bundled over the line and said referee jonathan kaplan had made a wrong decision. i m positive i touched the ball down over the line lewsey told bbc sport. it certainly wasn t a turnover. i was driven over and i put the ball"," out from under me.i would have taken the try but i couldn t think of any better way.i was so disappointed.i felt i should have scored and scored with my own hand, maybe not.i wanted to score again but i couldnt.i thought: if i just give up on this game i will be fine.i am the kind of guy who gets frustrated and says: if you can only do one thing, it is to win games because you know how to win.","out from under me.i would have taken the try but i couldn t think of any better way.i was so disappointed.i felt i should have scored and scored with my own hand, maybe not.i wanted to score again but i couldnt.i thought: if i just give up on this game i will be fine.i am the kind of guy who gets frustrated and says: if you can only do one thing, it is to win games because you know how to win.","1.2066773532761895e-07","5.164303793352369"
"51","strike threat over pension plans millions of public service workers could strike if ministers scrap their final salary pension scheme and make them work longer  warn union leaders.  the cabinet office has confirmed it is reviewing the current pension system  prompting unions representing 4.5m workers to threaten united action. they believe the plans include raising the mandatory retirement age for public service workers from 60 to 65. the government says unions will be consulted before any changes are made.  it is thought the proposed overhaul  due on thursday  could mean pensions could be based on a  career average  salary. for each year served  staff currently get one eightieth of their highest salary in the final three years. ministers will be anxious to avoid mass strike action in the lead-up to the next general election  which is widely expected next may. in a statement on sunday  the cabinet office said it was reviewing the civil service pension scheme  and hoped to announce proposals soon.  unions will of course be consulted about any proposed changes.  public sector pension schemes need to remain affordable and sustainable. people are living longer and pensions are getting more expensive.  to maintain the long-term affordability of our pension scheme  the government announced in its green paper on pensions that pension age would rise from 60 to 65.  on monday  tony blair s official spokesman declined to say whether the prime minister backed the plans. he said:  what s important is that there s a process going on  it s out for consultation at the moment  let s wait for that process to complete itself.   there is already widespread anger over the chancellor s plans to get rid of more than 100 000 civil servants. now public service unions are united against the plans and the trades union congress is discussing the issue next monday. dave prentis  general secretary of unison  said changes to pension provisions for workers in the public sector would mean they had to pay in more but would still face a raw deal.  members working in the nhs or for local government have never had high pay or city bonuses  but they could look forward to a decent pension - now all that is being taken away   he said.  what really riles me is the breathtaking hypocrisy of mps who recently voted themselves the best pension scheme in europe  but say they can t afford it for anyone else.  this is a position that unison cannot accept and will oppose. it will lead to conflict between unison and the government  if not this year then next.   mr prentis said workers did not want to go on strike and called for talks between unions and the highest level of government. mark serwotka  from the public and commercial services union said there should be a co-ordinated one day strike unless there was a government rethink. the fire brigades union said the government was planning to cut ill health retirement benefits for firefighters and other measures to chip away at pensions. pensions officer paul woolstenholmes said:  the pensions of millions of public sector workers are under threat - apart from mps and judges who have the most generous pensions arrangements in the country.","strike threat over pension plans millions of public service workers could strike if ministers scrap their final salary pension scheme and make them work longer warn union leaders. the cabinet office has confirmed it is reviewing the current pension system prompting unions representing 4.5m workers to threaten united action. they believe the plans include raising the mandatory retirement age for public service workers from 60 to 65. the government says unions will be consulted before any changes are made. it is thought the proposed overhaul due on thursday could mean pensions could"," be reduced by more than a third. The government has already scrapped a three per cent increase for public servants. It also announced a new cap of 20m and an increase on pensions. The coalition is planning to introduce a cap for pension contributions in April, with many pensioners looking to avoid paying up to 50m into their pension accounts after the change. In a statement the cabinet Office said the proposal was inadequate and ""unilateral"" as it means pension contributions","be reduced by more than a third. The government has already scrapped a three per cent increase for public servants. It also announced a new cap of 20m and an increase on pensions. The coalition is planning to introduce a cap for pension contributions in April, with many pensioners looking to avoid paying up to 50m into their pension accounts after the change.","1.2676273926722297e-10","6.324821499723688"
