id,original_prompt,used_prompt,generated_text_raw,generated_text_clean,p_value,z_score,generated_text_attack,z_attack
0,tv future in the hands of viewers with home theatre systems  plasma high-definition tvs  and digital video recorders moving into the living room  the way people watch tv will be radically different in five years  time.  that is according to an expert panel which gathered at the annual consumer electronics show in las vegas to discuss how these new technologies will impact one of our favourite pastimes. with the us leading the trend  programmes and other content will be delivered to viewers via home networks  through cable  satellite  telecoms companies  and broadband service providers to front rooms and portable devices.  one of the most talked-about technologies of ces has been digital and personal video recorders (dvr and pvr). these set-top boxes  like the us s tivo and the uk s sky+ system  allow people to record  store  play  pause and forward wind tv programmes when they want.  essentially  the technology allows for much more personalised tv. they are also being built-in to high-definition tv sets  which are big business in japan and the us  but slower to take off in europe because of the lack of high-definition programming. not only can people forward wind through adverts  they can also forget about abiding by network and channel schedules  putting together their own a-la-carte entertainment. but some us networks and cable and satellite companies are worried about what it means for them in terms of advertising revenues as well as  brand identity  and viewer loyalty to channels. although the us leads in this technology at the moment  it is also a concern that is being raised in europe  particularly with the growing uptake of services like sky+.  what happens here today  we will see in nine months to a years  time in the uk   adam hume  the bbc broadcast s futurologist told the bbc news website. for the likes of the bbc  there are no issues of lost advertising revenue yet. it is a more pressing issue at the moment for commercial uk broadcasters  but brand loyalty is important for everyone.  we will be talking more about content brands rather than network brands   said tim hanlon  from brand communications firm starcom mediavest.  the reality is that with broadband connections  anybody can be the producer of content.  he added:  the challenge now is that it is hard to promote a programme with so much choice.   what this means  said stacey jolna  senior vice president of tv guide tv group  is that the way people find the content they want to watch has to be simplified for tv viewers. it means that networks  in us terms  or channels could take a leaf out of google s book and be the search engine of the future  instead of the scheduler to help people find what they want to watch. this kind of channel model might work for the younger ipod generation which is used to taking control of their gadgets and what they play on them. but it might not suit everyone  the panel recognised. older generations are more comfortable with familiar schedules and channel brands because they know what they are getting. they perhaps do not want so much of the choice put into their hands  mr hanlon suggested.  on the other end  you have the kids just out of diapers who are pushing buttons already - everything is possible and available to them   said mr hanlon.  ultimately  the consumer will tell the market they want.   of the 50 000 new gadgets and technologies being showcased at ces  many of them are about enhancing the tv-watching experience. high-definition tv sets are everywhere and many new models of lcd (liquid crystal display) tvs have been launched with dvr capability built into them  instead of being external boxes. one such example launched at the show is humax s 26-inch lcd tv with an 80-hour tivo dvr and dvd recorder. one of the us s biggest satellite tv companies  directtv  has even launched its own branded dvr at the show with 100-hours of recording capability  instant replay  and a search function. the set can pause and rewind tv for up to 90 hours. and microsoft chief bill gates announced in his pre-show keynote speech a partnership with tivo  called tivotogo  which means people can play recorded programmes on windows pcs and mobile devices. all these reflect the increasing trend of freeing up multimedia so that people can watch what they want  when they want.,tv future in the hands of viewers with home theatre systems plasma high-definition tvs and digital video recorders moving into the living room the way people watch tv will be radically different in five years time. that is according to an expert panel which gathered at the annual consumer electronics show in las vegas to discuss how these new technologies will impact one of our favourite pastimes. with the us leading the trend programmes and other content will be delivered to viewers via home networks through cable satellite telecoms companies and," broadcast services. the world has seen a dramatic shift from traditional television, where there was once a single set of cable-TV channels, to streaming, where a live-action movie, music video, and even the occasional series, is produced. the technology is becoming more complex as the demand for content increases, however the potential for great value, as well as the power of this technology, continues to grow.
The panelists:
Alphie-Marie-Lisboni, Founder","broadcast services. the world has seen a dramatic shift from traditional television, where there was once a single set of cable-TV channels, to streaming, where a live-action movie, music video, and even the occasional series, is produced. the technology is becoming more complex as the demand for content increases, however the potential for great value, as well as the power of this technology, continues to grow.",0.6576952657166102,-0.4061811972299616,"broadcast services. the world has see a dramatic shift from traditional telecasting, where there was once a individual set of cable-TV channels, to streaming, where a live-action movie, music video, and even the occasional series, is produced. the technology is get more complex as the demand for content increases, however the potency for great value, as well as the powerfulness of this engineering, continues to turn.",-0.06415002990995841
1,worldcom boss  left books alone  former worldcom boss bernie ebbers  who is accused of overseeing an $11bn (5.8bn) fraud  never made accounting decisions  a witness has told jurors.  david myers made the comments under questioning by defence lawyers who have been arguing that mr ebbers was not responsible for worldcom s problems. the phone company collapsed in 2002 and prosecutors claim that losses were hidden to protect the firm s shares. mr myers has already pleaded guilty to fraud and is assisting prosecutors.  on monday  defence lawyer reid weingarten tried to distance his client from the allegations. during cross examination  he asked mr myers if he ever knew mr ebbers  make an accounting decision  .  not that i am aware of   mr myers replied.  did you ever know mr ebbers to make an accounting entry into worldcom books   mr weingarten pressed.  no   replied the witness. mr myers has admitted that he ordered false accounting entries at the request of former worldcom chief financial officer scott sullivan. defence lawyers have been trying to paint mr sullivan  who has admitted fraud and will testify later in the trial  as the mastermind behind worldcom s accounting house of cards.  mr ebbers  team  meanwhile  are looking to portray him as an affable boss  who by his own admission is more pe graduate than economist. whatever his abilities  mr ebbers transformed worldcom from a relative unknown into a $160bn telecoms giant and investor darling of the late 1990s. worldcom s problems mounted  however  as competition increased and the telecoms boom petered out. when the firm finally collapsed  shareholders lost about $180bn and 20 000 workers lost their jobs. mr ebbers  trial is expected to last two months and if found guilty the former ceo faces a substantial jail sentence. he has firmly declared his innocence.,worldcom boss left books alone former worldcom boss bernie ebbers who is accused of overseeing an $11bn (5.8bn) fraud never made accounting decisions a witness has told jurors. david myers made the comments under questioning by defence lawyers who have been arguing that mr ebbers was not responsible for worldcom s problems. the phone company collapsed in 2002 and prosecutors claim that losses were hidden to protect the firm s shares. mr myers has already pleaded guilty to fraud,"ulently obtaining information, but his plea deal does not include any criminal charges. he was sentenced in 2009 to 18-month imprisonment, with a maximum sentence of 40-40 years. his lawyer, jimmymymyers, said: ""The defendant's actions are consistent with a pattern of criminal conduct.
""His criminal behaviour, as reported in the Times, was not, however, consistent with the standard. ""He was clearly aware that worldcom had its own issues and, therefore","ulently obtaining information, but his plea deal does not include any criminal charges. he was sentenced in 2009 to 18-month imprisonment, with a maximum sentence of 40-40 years. his lawyer, jimmymymyers, said: ""The defendant's actions are consistent with a pattern of criminal conduct. ""His criminal behaviour, as reported in the Times, was not, however, consistent with the standard.",0.6576952657166102,-0.4061811972299616,"ulently obtain info, but his plea trade does not include any criminal charge. he was sentenced in 2009 to 18-month imprisonment, with a maximal sentence of 40-40 years. his attorney, jimmymymyers, said: ""The defendant's action are consistent with a pattern of condemnable doings. ""His condemnable behavior, as account in the Times, was not, however, consistent with the criterion.",1.147638083514009
2,tigers wary of farrell  gamble  leicester say they will not be rushed into making a bid for andy farrell should the great britain rugby league captain decide to switch codes.   we and anybody else involved in the process are still some way away from going to the next stage   tigers boss john wells told bbc radio leicester.  at the moment  there are still a lot of unknowns about andy farrell  not least his medical situation.  whoever does take him on is going to take a big  big gamble.  farrell  who has had persistent knee problems  had an operation on his knee five weeks ago and is expected to be out for another three months. leicester and saracens are believed to head the list of rugby union clubs interested in signing farrell if he decides to move to the 15-man game.  if he does move across to union  wells believes he would better off playing in the backs  at least initially.  i m sure he could make the step between league and union by being involved in the centre   said wells.  i think england would prefer him to progress to a position in the back row where they can make use of some of his rugby league skills within the forwards.  the jury is out on whether he can cross that divide.  at this club  the balance will have to be struck between the cost of that gamble and the option of bringing in a ready-made replacement.,tigers wary of farrell gamble leicester say they will not be rushed into making a bid for andy farrell should the great britain rugby league captain decide to switch codes. we and anybody else involved in the process are still some way away from going to the next stage tigers boss john wells told bbc radio leicester. at the moment there are still a lot of unknowns about andy farrell not least his medical situation. whoever does take him on is going to take a," risk. it seems like he isnt having too good of a season so far as leicester,lewisland and.wolverhampton.were-coming-to-the-bigger-team-a-team.weve-got-a+fitness-systems-in-place-for-the_biggertiger.wehappened.com.ukThetiger_gators-cricket_season_2021-09","risk. it seems like he isnt having too good of a season so far as leicester,lewisland and.wolverhampton.were-coming-to-the-bigger-team-a-team.weve-got-a+fitness-systems-in-place-for-the_biggertiger.wehappened.com.",1.5102395148813977e-25,10.381170814652515,"peril. it look like he isnt have overly good of a season so far as leicester,lewisland and.wolverhampton.were-come-to-the-bigger-squad-a-team.weve-got-a+fitness-system-in-spot-for-the_biggertiger.wehappened.com.",1.4381849910133495
3,yeading face newcastle in fa cup premiership side newcastle united face a trip to ryman premier league leaders yeading in the fa cup third round.  the game - arguably the highlight of the draw - is a potential money-spinner for non-league yeading  who beat slough in the second round. conference side exeter city  who knocked out doncaster on saturday  will travel to old trafford to meet holders manchester united in january. arsenal were drawn at home to stoke and chelsea will play host to scunthorpe. the only other non-league side in the draw are hinckley united  who held brentford to a goalless draw on sunday. they will meet league one leaders luton if they win their replay against martin allen s team at griffin park.  a number of premiership teams face difficult away games against championship sides on the weekend of 8/9 january. third-placed everton visit plymouth  liverpool travel to burnley  crystal palace go to sunderland  fulham face carling cup semi-finalists watford  bolton meet ipswich  while aston villa were drawn against sheffield united. premiership strugglers norwich  blackburn  west brom are away at west ham  cardiff and preston north end respectively. southampton visit northampton  having already beaten the league two side in the carling cup earlier this season. middlesbrough were drawn away against either swindon or notts county  while spurs entertain brighton at white hart lane.  arsenal v stoke  swindon/notts co v middlesbrough  man utd v exeter  plymouth v everton  leicester v blackpool  derby v wigan  sunderland v crystal palace  wolves v millwall  yeading v newcastle  hull v colchester  tottenham v brighton  reading v stockport/swansea  birmingham v leeds  hartlepool v boston  milton keynes dons v peterborough  oldham v man city  chelsea v scunthorpe  cardiff v blackburn  charlton v rochdale  west ham v norwich  sheff utd v aston villa  preston v west brom  rotherham v yeovil  burnley v liverpool  bournemouth v chester  coventry v crewe  watford v fulham  ipswich v bolton  portsmouth v gillingham  northampton v southampton  qpr v nottm forest  luton v hinckley/brentford  matches to be played on weekend of 8/9 january.,yeading face newcastle in fa cup premiership side newcastle united face a trip to ryman premier league leaders yeading in the fa cup third round. the game - arguably the highlight of the draw - is a potential money-spinner for non-league yeading who beat slough in the second round. conference side exeter city who knocked out doncaster on saturday will travel to old trafford to meet holders manchester united in january. arsenal were drawn," against exeter.newcastleunited face newarkhampton.the game - possibly the most exciting, exciting, and exciting.the.newton.farnham.the-newtonton.city.homecoming.the'newton' club.the'.newton'.the.francoisland's-newest.thefarnside.the_newton_football.theFC.thefield.theredeemedlethorpe.theatres","against exeter.newcastleunited face newarkhampton.the game - possibly the most exciting, exciting, and exciting.the.newton.farnham.the-newtonton.city.homecoming.the'newton' club.the'.newton'.the.francoisland's-newest.thefarnside.the_newton_football.theFC.thefield.theredeemedlethorpe.",7.108709854308522e-40,13.163586137523469,"against exeter.newcastleunited face newarkhampton.the game - possibly the most exciting, exciting, and exciting.the.newton.farnham.the-newtonton.city.homecoming.the'newton' club.the'.newton'.the.francoisland's-newest.thefarnside.the_newton_football.theFC.thefield.theredeemedlethorpe.",1.6239245061540772
4,ocean s twelve raids box office ocean s twelve  the crime caper sequel starring george clooney  brad pitt and julia roberts  has gone straight to number one in the us box office chart.  it took $40.8m (21m) in weekend ticket sales  according to studio estimates. the sequel follows the master criminals as they try to pull off three major heists across europe. it knocked last week s number one  national treasure  into third place. wesley snipes  blade: trinity was in second  taking $16.1m (8.4m). rounding out the top five was animated fable the polar express  starring tom hanks  and festive comedy christmas with the kranks.  ocean s twelve box office triumph marks the fourth-biggest opening for a december release in the us  after the three films in the lord of the rings trilogy. the sequel narrowly beat its 2001 predecessor  ocean s eleven which took $38.1m (19.8m) on its opening weekend and $184m (95.8m) in total. a remake of the 1960s film  starring frank sinatra and the rat pack  ocean s eleven was directed by oscar-winning director steven soderbergh. soderbergh returns to direct the hit sequel which reunites clooney  pitt and roberts with matt damon  andy garcia and elliott gould. catherine zeta-jones joins the all-star cast.  it s just a fun  good holiday movie   said dan fellman  president of distribution at warner bros. however  us critics were less complimentary about the $110m (57.2m) project  with the los angeles times labelling it a  dispiriting vanity project . a milder review in the new york times dubbed the sequel  unabashedly trivial .,ocean s twelve raids box office ocean s twelve the crime caper sequel starring george clooney brad pitt and julia roberts has gone straight to number one in the us box office chart. it took $40.8m (21m) in weekend ticket sales according to studio estimates. the sequel follows the master criminals as they try to pull off three major heists across europe. it knocked last week s number one national treasure into third place. wesley snipes," is now in fourth. the film has taken a big hit in the theaters. it was released in america by star-studded.

Oscar-nominated director oscar-award winning director:aaron hartley stars in this.Oscarnominated screenplay:britainianianicorenovels:comedy,comedy-drama-musicalandcomedy/academyofanimals:theatre,comicbooks:",is now in fourth. the film has taken a big hit in the theaters. it was released in america by star-studded. Oscar-nominated director oscar-award winning director:aaron hartley stars in this.,5.128915995411068e-22,9.57427107756338,is now in fourth. the pic has take a big hit in the theater. it was released in america by star-dot. Oscar-nominated manager oscar-awarding winning manager:aaron hartley star in this.,1.3333333333333333
5,howard hits back at mongrel jibe michael howard has said a claim by peter hain that the tory leader is acting like an  attack mongrel  shows labour is  rattled  by the opposition.  in an upbeat speech to his party s spring conference in brighton  he said labour s campaigning tactics proved the tories were hitting home. mr hain made the claim about tory tactics in the anti-terror bill debate.  something tells me that someone  somewhere out there is just a little bit rattled   mr howard said. mr hain  leader of the commons  told bbc radio four s today programme that mr howard s stance on the government s anti-terrorism legislation was putting the country at risk. he then accused the tory leader of behaving like an  attack mongrel  and  playing opposition for opposition sake .  mr howard told his party that labour would  do anything  say anything  claim anything to cling on to office at all costs .  so far this year they have compared me to fagin  to shylock and to a flying pig. this morning peter hain even called me a mongrel.  i don t know about you  but something tells me that someone  somewhere out there is just a little bit rattled.  environment secretary margaret beckett rejected mr howard s comment  telling radio 4 s pm programme that labour was not  rattled .  we have a very real duty to try to get people to focus on michael howard s record  what the proposals are that he is trying to put forward to the country and also the many examples we are seeing now of what we believe is really poor judgement on his behalf.   mr howard said tory policies on schools  taxes  immigration and crime were striking a chord with voters.   since the beginning of this year - election year - we ve been making the political weather   he told the party conference. mr howard denied he had been  playing politics  by raising the case of margaret dixon  whose operation had been cancelled seven times  which grabbed headlines for the party two weeks ago. and he hit back at labour claims he had used mrs dixon as a  human shield .  she s not a human shield mr blair  she s a human being.  mr howard said his party plans for immigration quotas  which have also been the focus of much media coverage  were not  racist  - just  common sense .  he pledged cleaner hospitals and better school discipline  with a promise to get rid of  political correctness  in the national curriculum and give everyone to the same chance of a  decent  state education as he had.  i come from an ordinary family. if the teenage michael howard were applying to cambridge today  gordon brown would love me.   and he stressed his party s commitment to cut taxes and red tape and increase the basic state pension in line with earnings. he finished with a personal appeal to party activists to go out and win the next election.  one day you will be able to tell your children and grandchildren as i will tell mine   i was there. i did my bit. i played my part. i helped to win that famous election - the election that transformed our country for the better .  labour election co-ordinator alan milburn said:  michael howard s speech today confirms what we have always said - that his only strategy is opportunism but he has no forward vision for the country. in reference to the appearance of mr howard s family on the conference stage with him  mr milburn said:  michael howard is perfectly entitled to pose with his family today.  but it is the hard working families across britain that will be damaged by his plan to cut 35bn from public spending.,howard hits back at mongrel jibe michael howard has said a claim by peter hain that the tory leader is acting like an attack mongrel shows labour is rattled by the opposition. in an upbeat speech to his party s spring conference in brighton he said labour s campaigning tactics proved the tories were hitting home. mr hain made the claim about tory tactics in the anti-terror bill debate. something tells me that someone somewhere out there is just," really worried about the tates, who arent as worried as the rest.theresareson: is it true that marylandisissofactionandfinanceandthetorypartyareaverybadassallrightyokie:iamnotgoingtobelieveitagain:iwillneverbelieveanymore:thetoriesaregettingbacktothefrontlinesofwarwarwarwetheshouldn'tbeasifwearegettingoutofthis","really worried about the tates, who arent as worried as the rest.",1.4969103676653874e-33,12.014163976507968,"really distressed about the tate, who arent as distressed as the residual.",0.14907119849998599
6,blair prepares to name poll date tony blair is likely to name 5 may as election day when parliament returns from its easter break  the bbc s political editor has learned.  andrew marr says mr blair will ask the queen on 4 or 5 april to dissolve parliament at the end of that week. mr blair has so far resisted calls for him to name the day but all parties have stepped up campaigning recently. downing street would not be drawn on the claim  saying election timing was a matter for the prime minister.  a number 10 spokeswoman would only say:  he will announce an election when he wants to announce an election.  the move will signal a frantic week at westminster as the government is likely to try to get key legislation through parliament. the government needs its finance bill  covering the budget plans  to be passed before the commons closes for business at the end of the session on 7 april.  but it will also seek to push through its serious and organised crime bill and id cards bill. mr marr said on wednesday s today programme:  there s almost nobody at a senior level inside the government or in parliament itself who doesn t expect the election to be called on 4 or 5 april.  as soon as the commons is back after the short easter recess  tony blair whips up to the palace  asks the queen to dissolve parliament ... and we re going.  the labour government officially has until june 2006 to hold general election  but in recent years governments have favoured four-year terms.,blair prepares to name poll date tony blair is likely to name 5 may as election day when parliament returns from its easter break the bbc s political editor has learned. andrew marr says mr blair will ask the queen on 4 or 5 april to dissolve parliament at the end of that week. mr blair has so far resisted calls for him to name the day but all parties have stepped up campaigning recently. downing street would not be drawn on the claim," that it was a ""loud"" protest, as opposed to a peaceful one. in fact, there is an argument for calling the day a ""poll"". there is also the question of whether or not the queen would like a party. mrs blair says: ""well"".s,bb:i am.s,n.s:iam.s.b:e:i.mb:a:i(a-e)mw:i=a-","that it was a ""loud"" protest, as opposed to a peaceful one. in fact, there is an argument for calling the day a ""poll"". there is also the question of whether or not the queen would like a party. mrs blair says: ""well"".s,bb:i am.s,n.s:iam.s.b:e:i.",7.708628950139952e-09,5.656854249492381,"that it was a ""loud"" protestation, as oppose to a peaceable one. in fact, there is an statement for call the day a ""canvass"". there is too the interrogation of whether or not the queen would care a party. mrs blair say: ""well"".s,bb:i am.s,n.s:iam.s.b:e:i.",0.4605661864718383
7,henman hopes ended in dubai third seed tim henman slumped to a straight sets defeat in his rain-interrupted dubai open quarter-final against ivan ljubicic.  the croatian eighth seed booked his place in the last four with a 7-5 6-4 victory over the british number one. henman had looked on course to level the match after going 2-0 up in the second set  but his progress was halted as the rain intervened again. ljubicic hit back after the break to seal a fourth straight win over henman. earlier in the day  spanish fifth seed tommy robredo secured his semi-final place when he beat nicolas kiefer of germany 6-4 6-4. afterwards  henman was left cursing the weather and the umpire after seven breaks for rain during the match.  it was incredibly frustrating   henman said.  it s raining and the umpire doesn t take control.  he kept telling us to play till the end of the game. but if it s raining  you come off - the score s irrelevant.  it couldn t be more frustrating as i was very happy with my form until now. you don t expect this in the desert.,henman hopes ended in dubai third seed tim henman slumped to a straight sets defeat in his rain-interrupted dubai open quarter-final against ivan ljubicic. the croatian eighth seed booked his place in the last four with a 7-5 6-4 victory over the british number one. henman had looked on course to level the match after going 2-0 up in the second set but his progress was halted as the rain intervened again. l,"jugicic dropped serve, while henman, who has a six-match winless streak, held.
Held at the Dubai Internationals, the three-time Wimbledon champion, who lost the first-round tiebreaker.in the opening round, will now take on the top seeds from his group.ljubica is the defending champion, while the other two-time champions are the 2017.lijugicics.com.au/wimbledon-round","jugicic dropped serve, while henman, who has a six-match winless streak, held. Held at the Dubai Internationals, the three-time Wimbledon champion, who lost the first-round tiebreaker.in the opening round, will now take on the top seeds from his group.ljubica is the defending champion, while the other two-time champions are the 2017.lijugicics.com.",7.952460685069122e-06,4.315767642046551,"jugicic dropped serve, while henman, who has a six-lucifer winless run, keep. Keep at the Dubai Internationals, the three-clip Wimbledon champ, who lost the first-round tiebreaker.in the gap round, will now take on the top seed from his group.ljubica is the defend champ, while the other two-clip champion are the 2017.lijugicics.com.",1.3696601740023189
8,wilkinson fit to face edinburgh england captain jonny wilkinson will make his long-awaited return from injury against edinburgh on saturday.  wilkinson  who has not played since injuring his bicep on 17 october  took part in full-contact training with newcastle falcons on wednesday. and the 25-year-old fly-half will start saturday s heineken cup match at murrayfield on the bench. but newcastle director of rugby rob andrew said:  he s fine and we hope to get him into the game at some stage.  the 25-year-old missed england s autumn internationals after aggravating the haematoma in his upper right arm against saracens. he was subsequently replaced as england captain by full-back jason robinson. sale s charlie hodgson took over the number 10 shirt in the internationals against canada  south africa and australia. wilkinson s year has been disrupted by injury as his muscle problem followed eight months on the sidelines with a shoulder injury sustained in the world cup final.,wilkinson fit to face edinburgh england captain jonny wilkinson will make his long-awaited return from injury against edinburgh on saturday. wilkinson who has not played since injuring his bicep on 17 october took part in full-contact training with newcastle falcons on wednesday. and the 25-year-old fly-half will start saturday s heineken cup match at murrayfield on the bench. but newcastle director of rugby rob and,"iainmanney have confirmed: ""we are delighted to welcome wilkinson back to the squad.""
wilkins,who is also a member of theScotland squad that beatsss-arriving-at-meccanica to win thetossall's'championship'andwill beethereallyinformative,hasnoplanningforhiscomingmatch.com.ukheatedlyinheritedfromthepressesfirmbybrit","iainmanney have confirmed: ""we are delighted to welcome wilkinson back to the squad."" wilkins,who is also a member of theScotland squad that beatsss-arriving-at-meccanica to win thetossall's'championship'andwill beethereallyinformative,hasnoplanningforhiscomingmatch.com.",2.0881124596301087e-21,9.428090415820634,"iainmanney have confirmed: ""we are delighted to welcome wilkinson back to the squad."" wilkins,who is also a member of theScotland squad that beatsss-arriving-at-meccanica to win thetossall's'championship'andwill beethereallyinformative,hasnoplanningforhiscomingmatch.com.",0.6537204504606134
9,last star wars  not for children  the sixth and final star wars movie may not be suitable for young children  film-maker george lucas has said.  he told us tv show 60 minutes that revenge of the sith would be the darkest and most violent of the series.  i don t think i would take a five or six-year-old to this   he told the cbs programme  to be aired on sunday. lucas predicted the film would get a us rating advising parents some scenes may be unsuitable for under-13s. it opens in the uk and us on 19 may. he said he expected the film would be classified pg-13 - roughly equivalent to a british 12a rating.  the five previous star wars films have all carried less restrictive pg - parental guidance - ratings in the us. in the uk  they have all been passed u - suitable for all - with the exception of attack of the clones  which got a pg rating in 2002. revenge of the sith - the third prequel to the original 1977 star wars film - chronicles the transformation of the heroic anakin skywalker into the evil darth vader as he travels to a hell-like planet composed of erupting volcanoes and molten lava.  we re going to watch him make a pact with the devil   lucas said.  the film is much more dark  more emotional. it s much more of a tragedy.,last star wars not for children the sixth and final star wars movie may not be suitable for young children film-maker george lucas has said. he told us tv show 60 minutes that revenge of the sith would be the darkest and most violent of the series. i don t think i would take a five or six-year-old to this he told the cbs programme to be aired on sunday. lucas predicted the film would get a us rating advising parents some scenes may be," too violent. he also noted: ""we are talking about a childless, childless...theres no way..it isnt a good,a-good-fantasy-to-younger"" the director said.
Theatres in Europe have been shuttered.","too violent. he also noted: ""we are talking about a childless, childless...theres no way..it isnt a good,a-good-fantasy-to-younger"" the director said. Theatres in Europe have been shuttered.",3.011765371144257e-05,4.011887099014389,"too violent. he too observe: ""we are speak about a childless, childless...there no manner..it isnt a good,a-good-fantasy-to-younger"" the manager state. House in Europe have been shuttered.",1.0509877084907764
10,berlin cheers for anti-nazi film a german movie about an anti-nazi resistance heroine has drawn loud applause at berlin film festival.  sophie scholl - the final days portrays the final days of the member of the white rose movement. scholl  21  was arrested and beheaded with her brother  hans  in 1943 for distributing leaflets condemning the  abhorrent tyranny  of adolf hitler. director marc rothemund said:  i have a feeling of responsibility to keep the legacy of the scholls going.   we must somehow keep their ideas alive   he added.  the film drew on transcripts of gestapo interrogations and scholl s trial preserved in the archive of communist east germany s secret police. their discovery was the inspiration behind the film for rothemund  who worked closely with surviving relatives  including one of scholl s sisters  to ensure historical accuracy on the film. scholl and other members of the white rose resistance group first started distributing anti-nazi leaflets in the summer of 1942. they were arrested as they dropped leaflets at munich university calling for a  day of reckoning  with adolf hitler s regime. the film focuses on the six days from scholl s arrest to the intense trial which saw scholl initially deny the charges and ended with a defiant appearance. it is one of three german films vying for a top prize at the festival.  a south african film version of bizet s tragic opera carmen shot in cape town in the xhosa language has also premiered at the berlin festival. the film is entitled u-carmen ekhayelitsha or carmen in khayelitsha after the township in which the story is set. it is performed by a 40-strong music and theatre troupe in their debut film performance. the film is the first south african feature in 25 years and only the second to be nominated for a golden bear award.,berlin cheers for anti-nazi film a german movie about an anti-nazi resistance heroine has drawn loud applause at berlin film festival. sophie scholl - the final days portrays the final days of the member of the white rose movement. scholl 21 was arrested and beheaded with her brother hans in 1943 for distributing leaflets condemning the abhorrent tyranny of adolf hitler. director marc rothemund said: i have a feeling of responsibility to keep the legacy of," the struggle alive.
Berlin protests:Berlin mayor:Ambermbergarten:Berlins is a city,and,bout,the-world.org.br.de/BerlinBudgets:Berlingen:Berlitz:Berliner.fr:Berline.eu:Berzt:Berne.de.br:Berkel:Berknei.de:Berkele.deBerkelle.se:Berkshire.","the struggle alive. Berlin protests:Berlin mayor:Ambermbergarten:Berlins is a city,and,bout,the-world.org.br.de/BerlinBudgets:Berlingen:Berlitz:Berliner.fr:Berline.eu:Berzt:Berne.de.br:Berkel:Berknei.de:Berkele.deBerkelle.se:Berkshire.",4.161463472827201e-44,13.88044187577134,"the battle live. Berlin protest:Berlin mayor:Ambermbergarten:Berlins is a metropolis,and,turn,the-world.org.br.de/BerlinBudgets:Berlingen:Berlitz:Berliner.fr:Berline.eu:Berzt:Berne.de.br:Berkel:Berknei.de:Berkele.deBerkelle.se:Berkshire.",1.1042686641847725
11,virgin blue shares plummet 20% shares in australian budget airline virgin blue plunged 20% after it warned of a steep fall in full year profits.  virgin blue said profits after tax for the year to march would be between 10% to 15% lower than the previous year.  sluggish demand reported previously for november and now december 2004 continues   said virgin blue chief executive brett godfrey. virgin blue  which is 25% owned by richard branson  has been struggling to fend off pressure from rival jetstar. it cut its full year passenger number forecast by  approximately 2.5% . virgin blue reported a 22% fall in first quarter profits in august 2004 due to tough competition. in november  first half profits were down due to slack demand and rising fuel costs. virgin blue was launched four years ago and now has roughly one third of australia s domestic airline market. but the national carrier  qantas  has fought back with its own budget airline  jetstar  which took to the skies in may 2004. sydney-listed virgin blue s shares recovered slightly to close 12% down on wednesday. shares in its major shareholder  patrick corporation - which owns 46% of virgin blue - had dropped 31% by the close.,virgin blue shares plummet 20% shares in australian budget airline virgin blue plunged 20% after it warned of a steep fall in full year profits. virgin blue said profits after tax for the year to march would be between 10% to 15% lower than the previous year. sluggish demand reported previously for november and now december 2004 continues said virgin blue chief executive brett godfrey. virgin blue which is 25% owned by richard branson has been struggling to fend off pressure from," some investors who have asked for more capital to keep up with rising costs. virginblue, which is also controlled by billionaire-owned billionaire,richard brannon, cut its full-year profit forecast. virginBlue said: The outlook for the full-and-half year, as set out above, is materially impacted, particularly in the UK where we remain on track to deliver record operating margin. We expect the underlying business, including aircrafts, to be flat or down,","some investors who have asked for more capital to keep up with rising costs. virginblue, which is also controlled by billionaire-owned billionaire,richard brannon, cut its full-year profit forecast. virginBlue said: The outlook for the full-and-half year, as set out above, is materially impacted, particularly in the UK where we remain on track to deliver record operating margin.",0.3858586121727618,0.2901294265928297,"some investor who have enquire for more capital to maintain up with lift costs. virginblue, which is also control by billionaire-owned billionaire,richard brannon, cut its full-year profit prognosis. virginBlue said: The mentality for the full-and-half twelvemonth, as set out above, is materially impact, specially in the UK where we stay on track to deliver record operating border.",-1.0327955589886444
12,crude oil prices back above $50 cold weather across parts of the united states and much of europe has pushed us crude oil prices above $50 a barrel for the first time in almost three months.  freezing temperatures and heavy snowfall have increased demand for heating fuel in the us  where stocks are low. fresh falls in the value of the dollar helped carry prices above the $50 mark for the first time since november. a barrel of us crude oil closed up $2.80 to $51.15 in new york on tuesday. opec members said on tuesday that it saw no reason to cut its output.  although below last year s peak of $55.67 a barrel  which was reached in october  prices are now well above 2004 s average of $41.48.  brent crude also rose in london trading  adding $1.89 to $48.62 at the close. much of western europe and the north east of america has been shivering under unseasonably low temperatures in recent days. the decline in the us dollar to a five-week low against the euro has also served to inflate prices.  the dollar moved sharply overnight and oil is following it   said chris furness  senior market strategist at 4cast.  if the dollar continues to weaken  oil will be obviously higher.   several opec members said a cut in production was unlikely  citing rising prices and strong demand for oil from asia.  i agree that we do not need to cut supply if the prices are as much as this   fathi bin shatwan  libya s oil minister  told reuters.  i do not think we need to cut unless the prices are falling below $35 a barrel   he added. opec closely watches global stocks to ensure that there is not an excessive supply in the market. the arrival of spring in the northern hemisphere will focus attention on stockpiles of us crude and gasoline  which are up to 9% higher than at this time last year. heavy stockpiles could help force prices lower when demand eases.,crude oil prices back above $50 cold weather across parts of the united states and much of europe has pushed us crude oil prices above $50 a barrel for the first time in almost three months. freezing temperatures and heavy snowfall have increased demand for heating fuel in the us where stocks are low. fresh falls in the value of the dollar helped carry prices above the $50 mark for the first time since november. a barrel of us crude oil closed up $2.80 to $,"51.10 a barrel, while the price of Brent crude oil fell $3.00 or $1.40, to $49.48, and the price for natural gas, which is sold in many states. The price for gas, the most widely used energy-related commodity in the world. the U.S. has been seeing a steady decline in oil production this year.
Crude Oil:The price for crude oil rose by $0.20/barrels, or","51.10 a barrel, while the price of Brent crude oil fell $3.00 or $1.40, to $49.48, and the price for natural gas, which is sold in many states. The price for gas, the most widely used energy-related commodity in the world. the U.S. has been seeing a steady decline in oil production this year. Crude Oil:The price for crude oil rose by $0.",0.0734390718203366,1.4506471329641486,"51.10 a barrel, while the cost of Brent rough oil drop $3.00 or $1.40, to $49.48, and the cost for natural gas, which is sell in many states. The cost for gas, the most widely used energy-associate good in the world. the U.S. has been seeing a steady decline in oil production this year. Crude Oil:The price for rough oil uprise by $0.",1.8971691902225243
13,hague  given up  his pm ambition former conservative leader william hague says he will not stand for the leadership again  having given up his ambition to be prime minister.  mr hague  43  told the daily telegraph he would now find a life dominated by politics too  boring  and unfulfilling. mr hague  who stepped down after his party s 2001 election defeat  does not rule out a return to the front bench. he also told the paper he hopes to remain mp for richmond  north yorks  and start a family with wife ffion. mr hague  who recently had published the biography of william pitt the younger  also said he wanted to continue writing books and speech-writing.  he told the newspaper:  i don t know whether i will ever go back on to the front  but don t rush me.  asked if he would stand for the leadership again  mr hague replied:  no. definitely not.  his determination to stay away from a central role will disappoint some senior conservative members  who say the party needs him. tim collins  the shadow education secretary  said last week it would be a  huge boost  to the party if mr hague returned to the front bench. mr hague became an mp at 27 and leader of the opposition at 36. he said:  i feel fortunate that  by the age of 40  i had crammed in an entire political career.  i had been in the cabinet and been leader of the party  so now i can branch out into other things...it is a very liberating feeling.  mr hague added that he may have misjudged his own ambition to be prime minister.  maybe i wasn t as driven by politics as i thought i was   he said.,hague given up his pm ambition former conservative leader william hague says he will not stand for the leadership again having given up his ambition to be prime minister. mr hague 43 told the daily telegraph he would now find a life dominated by politics too boring and unfulfilling. mr hague who stepped down after his party s 2001 election defeat does not rule out a return to the front bench. he also told the paper he hopes to remain mp for richmond north y,"ork.mr haggard has taken aim at the establishment and, in an interview, said: ""I have had enough. I've got too much. I want to be president of richmond.york.""mrhague said: 'It's my duty as a Conservative MP. It's my job. My job. I am going to remain. I do.
'It's a great honour. I'm going to stay. I don't know how. I just","ork.mr haggard has taken aim at the establishment and, in an interview, said: ""I have had enough. I've got too much. I want to be president of richmond.york.""mrhague said: 'It's my duty as a Conservative MP. It's my job. My job. I am going to remain. I do. 'It's a great honour. I'm going to stay. I don't know how.",0.1896150973152008,0.8793155726408238,"ork.mr haggard has take intent at the organization and, in an interview, state: ""I have had enough. I've get overly much. I desire to be president of richmond.york.""mrhague state: 'It's my obligation as a Conservative MP. It's my business. My business. I am locomote to stay. I do. 'It's a great laurels. I'm locomote to remain. I don't know how.",-0.8140915784106943
14,moya emotional after davis cup win carlos moya described spain s davis cup victory as the highlight of his career after he beat andy roddick to end the usa s challenge in seville.  moya made up for missing spain s 2000 victory through injury by beating roddick 6-2 7-6 (7-1) 7-6 (7-5) to give the hosts an unassailable 3-1 lead.  i have woken up so many nights dreaming of this day   said moya.  all my energy has been focused on today.  what i have lived today i do not think i will live again.  spain s only other davis cup title came two years ago in valencia  when they beat australia. and moya  nicknamed charly  admitted:  the davis cup is my dream and i was a bit nervous at the outset.  some people have said that i am obsessed but i think that it is better this way. it helps me reach my goals if i am obsessed.  it s really incredible - to get the winning point is really something.  spanish captain jordi arrese said:  charly played a great game. it was his opportunity and he hasn t let us down.  he had lost three times to roddick  and this was his day to beat him.  he had been waiting years to be in this position.  spain s victory was also remarkable for the performance of rafael nadal  who beat roddick in the opening singles.  aged 18 years and 185 days  the mallorcan became the youngest player to win the davis cup.  what a great way to finish the year   said nadal afterwards. us coach patrick mcenroe wants roddick and the rest of his team to play more tennis on clay and hone their skills on the surface.  i think it will help these guys even on slow hard courts to learn how to mix things up a little bit and to play a little bit smarter and tactically better.   obviously it s unrealistic to say that we re going to just start playing constantly on clay  with the schedule.  but certainly i think we can put the work in at the appropriate time and play a couple more events and play against these guys who are the best on this stuff   said mcenroe. roddick was left frustrated after losing both his singles on the slow clay of seville s olympic stadium.  it s just tough because i felt like i was in it the whole time against one of the top three clay-courters in the world   said the american.  i had my chances and just didn t convert them. the bottom line is they were just better than us this weekend.  they came out  took care of business and they beat us. it s as simple as that.,moya emotional after davis cup win carlos moya described spain s davis cup victory as the highlight of his career after he beat andy roddick to end the usa s challenge in seville. moya made up for missing spain s 2000 victory through injury by beating roddick 6-2 7-6 (7-1) 7-6 (7-5) to give the hosts an unassailable 3-1 lead. i have woken up,", i am going to bed, i will be back at 10:30am, but i will not let it go..iam sooo, sooo...iamsooo,sooo...and,iam...it'SNIGHTTHAUNDYTOMOONDOUGHSANDINAGAFUCKEUSWELPIFYFAMILIATHEARSTOPBENNYTOMMOMOANDOUGLADOWR",", i am going to bed, i will be back at 10:30am, but i will not let it go..iam sooo, sooo...iamsooo,sooo...and,iam...",2.9972643572192016e-21,9.390096540689996,", i am locomote to bed, i will be back at 10:30am, but i will not permit it go..iam sooo, sooo...iamsooo,sooo...and,iam...",1.4237369936287485
15,s korean credit card firm rescued south korea s largest credit card firm has averted liquidation following a one trillion won ($960m; 499m) bail-out.  lg card had been threatened with collapse because of its huge debts but the firm s creditors and its former parent have stepped in to rescue it. a consortium of creditors and lg group  a family owned conglomerate  have each put up $480m to stabilise the firm. lg card has seven million customers and its collapse would have sent shockwaves through the country s economy.  the firm s creditors - which own 99% of lg card - have been trying to agree a deal to secure its future for several weeks. they took control of the company in january when it avoided bankruptcy only through a $4.5bn bail-out.  they had threatened to delist the company  a move which would have triggered massive debt redemptions and forced the company into bankruptcy  unless agreement was reached on its future funding.  lg card will not need any more financial aid after this   laah chong-gyu  executive director of korea development bank - one of the firm s creditors - said.  the agreement will see some 12 trillion won of debt converted into equity.  the purpose of the capital injection is to avoid delisting and the goal will be met   david kim  an analyst at sejong securities  told reuters. south korea s consumer credit market has been slowly recovering from a crisis in 2002 when a credit bubble burst and millions of consumers fell behind on their debt repayments. lg card returned to profit in september but needed further capital to avoid being thrown off the market. south korea s stock exchange can delist any firm if its debt exceeds its assets two years running.,s korean credit card firm rescued south korea s largest credit card firm has averted liquidation following a one trillion won ($960m; 499m) bail-out. lg card had been threatened with collapse because of its huge debts but the firm s creditors and its former parent have stepped in to rescue it. a consortium of creditors and lg group a family owned conglomerate have each put up $480m to stabilise the firm. lg card has seven million customers and its collapse," is expected to cost more than 1trn.s.koreans.com.lg.com/newsnewskorean-creditors-and-lg-group-a-family-owned-corporation-to-resolve.comThe debtors have agreed to repay the company's debt by Dec. 31, 2020, lg said.lngs.comLg.corp.lmg.comAhead of the collapse, l","is expected to cost more than 1trn.s.koreans.com.lg.com/newsnewskorean-creditors-and-lg-group-a-family-owned-corporation-to-resolve.comThe debtors have agreed to repay the company's debt by Dec. 31, 2020, lg said.lngs.comLg.corp.lmg.",8.337215817683269e-18,8.514892915389142,"is expected to cost more than 1trn.s.koreans.com.lg.com/newsnewskorean-creditors-and-lg-group-a-family-owned-corporation-to-resolve.comThe debtor have hold to repay the company's debt by Dec. 31, 2020, lg said.lngs.comLg.corp.lmg.",0.7056503290095426
16,howard backs stem cell research michael howard has backed stem cell research  saying it is important people are not frightened of the future.  the controversial issue was a feature of the recent us presidential election  where george bush opposed extending it. but the tory leader argued there was a moral case for embracing science which could help victims of alzheimer s  parkinson s and motor neurone disease.  i believe we have a duty to offer hope to the millions of people who suffer devastating illnesses   he said. the use of embryonic stem cells in the uk is already allowed. stem cells are master cells that have the ability to develop into any of the body s tissue types. scientists hope that by growing such cells in the laboratory they can programme them to form specific tissue such as kidney  heart or even brain tissue.  mr howard acknowledged there were genuine concerns about stem cell research. but he argued:  we mustn t be frightened of change or nostalgic about the past - we must be optimistic about the future.  politicians must create the right framework so that the great potential of science can be harnessed for the benefit of mankind.  with the life expectancy of the average briton now around the mid-70s  society has a responsibility to enhance the quality of people s lives as they grow older.  i know many people are concerned about stem-cell research. they are fearful of meddling with what they see as the stuff of souls.  i respect those concerns. but i also believe we have a duty to offer hope to the millions of people who suffer devastating illnesses like parkinson s  multiple sclerosis  motor neurone disease  alzheimer s and - as we saw in the papers today - now possibly heart problems.   mr howard acknowledged there were  no easy answers  over such an issue but it was necessary to  have the courage to do what we know to be morally right . he added:  of course  stem cells are still a recent discovery. more research needs to be done. but we must look at their potential in a responsible and grown-up way. the hopes of millions of people rest on what could be achieved.  former superman actor the late christopher reeve was an advocate for the research after he was paralysed in a horse riding accident. mr howard made his remarks during a speech in westminster to the conservative national women s committee on ambitions and values.,howard backs stem cell research michael howard has backed stem cell research saying it is important people are not frightened of the future. the controversial issue was a feature of the recent us presidential election where george bush opposed extending it. but the tory leader argued there was a moral case for embracing science which could help victims of alzheimer s parkinson s and motor neurone disease. i believe we have a duty to offer hope to the millions of people who suffer devastating illnesses he said.,"i believe in the future,but i do not think our current political climate.the president was asked about his view on the need to be concerned,he replied:i am.and,the question is what is the most pressing problem facing us.the number one problem we face is a lack of money:i know that there are many people who want to be,but,the number of people with disabilities is growing.we need to make sure that we provide,we keep,our,s","i believe in the future,but i do not think our current political climate.the president was asked about his view on the need to be concerned,he replied:i am.and,the question is what is the most pressing problem facing us.the number one problem we face is a lack of money:i know that there are many people who want to be,but,the number of people with disabilities is growing.",0.3858586121727618,0.2901294265928297,"i believe in the futurity,but i do not think our current political climate.the president was enquire about his perspective on the need to be concerned,he reply:i am.and,the interrogation is what is the most urgent job confront us.the figure one job we face is a want of money:i know that there are many people who want to be,but,the number of people with impairment is turn.",1.7320508075688772
17,connors boost for british tennis former world number one jimmy connors is planning a long-term relationship with the lawn tennis association to help unearth the next tim henman.  the american spent three days at the lta s annual elite performance winter camp in la manga earlier this week.  britain has the right attitude   said connors.  the more involved i can be with the lta  the better.  a short-term arrangement is just confusing. the kids will ask:  what am i doing there    lta chief executive  john crowther  added:  the relationship that jimmy s already started to develop with the coaches and the players has said to us that we d like some more of it.  we want to use jimmy for a number of weeks a year and we hope this is the beginning of a good long-term relationship.   the camp played host to more than 30 leading senior and junior players  including greg rusedski  arvind parmar and anne keothavong.  la manga is an amazing site to take a bunch of kids who want to be the best   said connors  speaking at queen s club in london.  what impressed me most was not only the coaches but the way the kids went about their workouts and the feeling they put into every practice they had.  it was interesting to me to see kids of 15  16  17  with that desire and passion  and that can only be brought about by the coaches surrounding them.  instilling the importance of work and practice is something you can t buy.  they know what s been given to them and all they have to do is give back the effort  and every minute of practice they were doing that.   speaking from la manga  lta performance director david felgate told bbc sport:  jimmy was fantastic with the players and the coaches  and very humble considering what he s achieved.  he worked through the coaches and hopefully it will grow and he ll get to have more of an individual relationship with some of the players and get to know them.  he made it clear from the word go he didn t want it to be short-term. this is a 52-week-a-year job for me  it s my life and my passion and it s the same with the coaches.  he respects that but he wants to be involved and have real input. and why would he stake his reputation on something that s not going to be successful   connors has also agreed to commentate for the bbc at next year s wimbledon championships. he will work during the second week of the tournament.,connors boost for british tennis former world number one jimmy connors is planning a long-term relationship with the lawn tennis association to help unearth the next tim henman. the american spent three days at the lta s annual elite performance winter camp in la manga earlier this week. britain has the right attitude said connors. the more involved i can be with the lta the better. a short-term arrangement is just confusing. the kids will ask:," what are you doing? how, when and why did you do it? how? where were you. if youre not sure--britishtacos-fitness-clubs-and-courses-for-britain-teams-are-available-in-bristol--then signup for the tennis.com.co.uk tennis.coach.uk is a free online tennis training service that trains athletes.theressoftenantten","what are you doing? how, when and why did you do it? how? where were you. if youre not sure--britishtacos-fitness-clubs-and-courses-for-britain-teams-are-available-in-bristol--then signup for the tennis.com.co.uk tennis.coach.uk is a free online tennis training service that trains athletes.",2.747307197063931e-15,7.815038703165377,"what are you make? how, when and why did you do it? how? where were you. if youre not certain--britishtacos-fitness-nine-and-course-for-britain-squad-are-available-in-bristol--then signup for the tennis.com.co.uk tennis.coach.uk is a free online tennis preparation service that train jock.",1.1898261530617842
18,japanese banking battle at an end japan s sumitomo mitsui financial has withdrawn its takeover offer for rival bank ufj holdings  enabling the latter to merge with mitsubishi tokyo.  sumitomo bosses told counterparts at ufj of its decision on friday  clearing the way for it to conclude a 3 trillion yen ($29bn) deal with mitsubishi. the deal would create the world s biggest bank with assets of about 189 trillion yen ($1.8 trillion). sumitomo s exit ends the most high profile fight in japanese bank history.  ufj holdings  japan s fourth-largest bank  has been at the centre of a fierce bid battle over the last year. sumitomo  japan s third-largest bank  tabled a higher offer for ufj than its rival  valuing the company at $35bn.  however  ufj s management was known to prefer the offer from mitsubishi tokyo financial group (mtfg)  japan s second-largest bank. concerns were also raised about sumitomo s ability to absorb ufj and the former has now admitted defeat.  we believe the market and most investors accept a ufj-mtfg merger   sumitomo said in a statement.  given the ongoing integration of ufj and mtfg operations  persisting with our proposal may not be in the best interests of our shareholders or ufj s.   mitsubishi s takeover of ufj - which will be japan s largest-ever takeover deal - will still have to be approved by shareholders of the two firms. however  this is expected to be a formality. sumitomo may now turn its attention to deepening its ties with daiwa securities  another japanese financial firm. the two are set to merge their venture capital operations and there has been speculation that this could lead to a full-blown merger. japanese banks are increasingly seeking alliances to boost profits.,japanese banking battle at an end japan s sumitomo mitsui financial has withdrawn its takeover offer for rival bank ufj holdings enabling the latter to merge with mitsubishi tokyo. sumitomo bosses told counterparts at ufj of its decision on friday clearing the way for it to conclude a 3 trillion yen ($29bn) deal with mitsubishi. the deal would create the world s biggest bank with assets of about 189 trillion yen ($1,".7trn). sumitomu, which had been expected to close in 2015, said: ""We have taken a strong position. We have not decided whether or not we want to take over. But it is our intention to continue to work.""
The merger, which was due to begin in March 2016, could be completed by the end of this year. sumitsomo shares closed up 0.9percent, or 15c, at 945pptrtrn.s",".7trn). sumitomu, which had been expected to close in 2015, said: ""We have taken a strong position. We have not decided whether or not we want to take over. But it is our intention to continue to work."" The merger, which was due to begin in March 2016, could be completed by the end of this year. sumitsomo shares closed up 0.9percent, or 15c, at 945pptrtrn.",0.0997344673670501,1.2830660557435694,".7trn). sumitomu, which had been anticipate to shut in 2015, state: ""We have take a strong place. We have not determine whether or not we desire to take over. But it is our purpose to keep to work."" The amalgamation, which was due to commence in March 2016, could be complete by the end of this year. sumitsomo share closed up 0.9percent, or 15c, at 945pptrtrn.",0.05923488777590923
19,games maker fights for survival one of britain s largest independent game makers  argonaut games  has been put up for sale.  the london-based company behind the harry potter games has sacked about 100 employees due to a severe cash crisis. the administrators told bbc news online that selling argonaut was the only way to save it as it had run out of cash. argonaut warned that it was low on cash 10 days ago when its shares were suspended from trading on the london stock exchange.  argonaut has been making games for some 18 years and is one the largest independent games developers in the uk.  along with its headquarters in north london  it operates studios in cambridge and sheffield. argonaut was behind the harry potter games which provided a healthy flow of cash into the company. but  like all software developers  argonaut needed a constant flow of deals with publishers. signs that it was in trouble emerged in august  when it warned it was heading for losses of 6m in the financial year due to delays in signing new contracts for games. those new deals were further delayed  leading argonaut to warn in mid-october that it was running out of cash and suspend trading of its shares on the london stock exchange. as part of cost-cutting measures  some 100 employees were fired.  when the news about the 6m loss came out  we knew there were going to be redundancies   said jason parkinson  one of the game developers sacked by argonaut.  a lot of people suspected that argonaut had been in trouble for some time   he told bbc news online. mr parkinson said staff were told the job losses were necessary to save argonaut from going under. at the start of the year  the company employed 268 people. after the latest round of cuts there are 80 staff at argonaut headquarters in edgware in north london  with 17 at its morpheme offices in kentish town  london  and 22 at the just add monsters base in cambridge.  argonaut called in administrators david rubin & partners on friday to find a way to rescue the company from collapse. it spent the weekend going over the company s finances and concluded that the only way to save the business was to put it up for sale. the administrator told bbc news online that the costs of restructuing would be too high  partly because of the overheads from the company s four premises across the uk. it said it was hopeful that it could save some 110 jobs by selling the business  saying it had had expressions of interest from several quarters and were looking for a quick sale. the administrator said it would ensure that staff made redundant would receive any wages  redundancy or holiday pay due to them  hopefully by christmas.,games maker fights for survival one of britain s largest independent game makers argonaut games has been put up for sale. the london-based company behind the harry potter games has sacked about 100 employees due to a severe cash crisis. the administrators told bbc news online that selling argonaut was the only way to save it as it had run out of cash. argonaut warned that it was low on cash 10 days ago when its shares were suspended from trading on the," London Stock Exchange. arganaut says: ""We are currently working with our creditors. We have no immediate plans to sell or terminateargonaut."" argonoffensibility.com.uk
The company said: ""Arbitration proceedings againstargonoff.com will continue, pending resolution.""argonutestories.co.uk","London Stock Exchange. arganaut says: ""We are currently working with our creditors. We have no immediate plans to sell or terminateargonaut."" argonoffensibility.com.uk The company said: ""Arbitration proceedings againstargonoff.com will continue, pending resolution.""argonutestories.co.",0.0002739309204502,3.456193517707132,"London Stock Exchange. arganaut says: ""We are currently work with our creditor. We have no immediate programme to sell or terminateargonaut."" argonoffensibility.com.uk The company state: ""Arbitration proceedings againstargonoff.com will keep, pending resolve.""argonutestories.co.",0.6546536707079771
20,security warning over  fbi virus  the us federal bureau of investigation is warning that a computer virus is being spread via e-mails that purport to be from the fbi.  the e-mails show that they have come from an fbi.gov address and tell recipients that they have accessed illegal websites. the messages warn that their internet use has been monitored by the fbi s internet fraud complaint center. an attachment in the e-mail contains the virus  the fbi said. the message asks recipients to click on the attachment and answer some questions about their internet use. but rather than being a questionnaire  the attachment contains a virus that infects the recipient s computer  according to the agency. it is not clear what the virus does once it has infected a computer. users are warned never to open attachment from unsolicited e-mails or from people they do not know.   recipients of this or similar solicitations should know that the fbi does not engage in the practice of sending unsolicited e-mails to the public in this manner   the fbi said in a statement. the bureau is investigating the phoney e-mails. the agency earlier this month shut down fbi.gov accounts  used to communicate with the public  because of a security breach. a spokeswoman said the two incidents appear to be unrelated.,security warning over fbi virus the us federal bureau of investigation is warning that a computer virus is being spread via e-mails that purport to be from the fbi. the e-mails show that they have come from an fbi.gov address and tell recipients that they have accessed illegal websites. the messages warn that their internet use has been monitored by the fbi s internet fraud complaint center. an attachment in the e-mail contains the virus the fbi said. the message asks recipients," to send money or other cash, including personal/credit card/debit cards, to:

[email protected]
[b]Fbi-SAC-R@FbiSACR@USBureauofInspectorHvac.com.fbi-sacr@USCISR@FBI.USCisn.com;(e)FbiR@E-mailSACr@FBISAC/CISN@FBI","to send money or other cash, including personal/credit card/debit cards, to: [email protected] [b]Fbi-SAC-R@FbiSACR@USBureauofInspectorHvac.com.fbi-sacr@USCISR@FBI.USCisn.",5.021307572778277e-38,12.838007360556029,"to direct money or other cash, including personal/credit card/debit cards, to: [email protect] [b]Fbi-SAC-R@FbiSACR@USBureauofInspectorHvac.com.fbi-sacr@USCISR@FBI.USCisn.",2.400396792595916
21,halo 2 heralds traffic explosion the growing popularity of online gaming could spell problems for net service firms  warns network monitoring company sandvine.  it issued the warning following analysis which shows that traffic on the xbox game network increased fourfold on the launch day of halo 2. the 9 november traffic explosion has continued into december  said sandvine. service providers now need to make sure that their networks can cope with the increasing demands for bandwidth. as well as being a popular single-player title  halo 2 can be connected to microsoft s subscription-based broadband network  xbox live. gamers who want to play online can create their own clan  or team  and take on others to see how well they compare.  but the surge in numbers and huge demands for bandwidth should be a wake-up call to the industry which must ensure that their networks can cope with the increases in traffic  said sandvine s chief technology officer marc morin.  in a bid to cope and ease congestion  providers are increasingly making their networks intelligent  finding out who is using bandwidth and for what. it could become common to charge people for the amount of bandwidth they use.  the explosion in xbox live traffic attributed to halo 2 should be seen as a clarion call   he said.  isps need to enhance the broadband experience for these high-end users by prioritising or reserving bandwidth for games   he added.  one of the main factors that spoils online gaming is  lag  in which there is a noticeable delay between a gamer clicking on a mouse or keyboard and what happens in the online gaming world. gamers tend to migrate toward networks with the lowest  lag . analysing traffic will become increasingly important for service providers if they are to hold on to bandwidth-hungry gamers said lindsay schroth  an analyst with research firm the yankee group.  in the competitive broadband environment  operators need to differentiate the way they offer access to services like live-play gaming   she said. in countries such as korea  which has high levels of fast net connections to homes  online gaming is hugely popular.,halo 2 heralds traffic explosion the growing popularity of online gaming could spell problems for net service firms warns network monitoring company sandvine. it issued the warning following analysis which shows that traffic on the xbox game network increased fourfold on the launch day of halo 2. the 9 november traffic explosion has continued into december said sandvine. service providers now need to make sure that their networks can cope with the increasing demands for bandwidth. as well as being a popular single-player title,", halo::Hazards:TheGameTrailers and TheBlizzard:TheBlizzardWarner:TheblazeBlizzardBattlefront2NewPlayout:TheBattlefront3NewPlayOut:TheBattlerite:TheCrimsonEye:TheBlackwaterWired:TheDarkSide:TheShadowlands:TheSkySiegeHype:TheDestiny2HypeTheDestinationHypeDressup:TheWeddingHypeRandy",", halo::Hazards:TheGameTrailers and TheBlizzard:TheBlizzardWarner:TheblazeBlizzardBattlefront2NewPlayout:TheBattlefront3NewPlayOut:TheBattlerite:TheCrimsonEye:TheBlackwaterWired:TheDarkSide:TheShadowlands:TheSkySiegeHype:TheDestiny2HypeTheDestinationHypeDressup:TheWeddingHypeRandy",3.616872547453088e-56,15.746719775034716,", halo::Hazards:TheGameTrailers and TheBlizzard:TheBlizzardWarner:TheblazeBlizzardBattlefront2NewPlayout:TheBattlefront3NewPlayOut:TheBattlerite:TheCrimsonEye:TheBlackwaterWired:TheDarkSide:TheShadowlands:TheSkySiegeHype:TheDestiny2HypeTheDestinationHypeDressup:TheWeddingHypeRandy",1.364096585169425
22,bates seals takeover ken bates has completed his takeover of leeds united.  the 73-year-old former chelsea chairman sealed the deal at 0227 gmt on friday  and has bought a 50% stake in the club. he said:  i m delighted to be stepping up to the mantel at such a fantastic club. i recognise leeds as a great club that has fallen on hard times.  we have a lot of hard work ahead to get the club back where it belongs in the premiership  and with the help of our fans we will do everything we can.  bates bought his stake under the guise of a geneva-based company known as the forward sports fund. he revealed that part of his plan is to buy back leeds  elland road stadium and thorp arch training ground in due course.   it s going to be a tough jon and the first task is to stabilise the cash flow and sort out the remaining creditors   bates added.  but there is light at the end of a very long tunnel. for the past year it has been a matter of firefighting - now we can start running the club again.  outgoing leeds chairman gerald krasner said:  this deal ensures the medium to long term survival of the club and i believe mr bates  proposals are totally for the benefit of the club.  we are content that under mr bates  leeds united will continue to consolidate and move forward.  when we took over leeds united in march 2004  the club had a debt of 103m  since that date  my board has succeeded in reducing the debt to under 25m.  we worked tirelessly to solve all of the problems at leeds united.  eighty percent of the problems have already been overcome and we came to this agreement with mr bates to secure its ongoing success.  krasner revealed that his consortium has been asked to remain in the background at the club for an undisclosed period to help ensure a smooth hand-over. he will stay on in an unpaid capacity while peter lorimer will continue in his role as director and point of contact for the fans and peter mccormick will serve as a consultant to the incoming board. the other outgoing directors have agreed to leave their loans of 4.5m in the company for the next four years. on leeds  new-look board it is understood that lorimer will be joined by former chelsea finance director yvonne todd and bates  lawyer mark taylor.  krasner refused to give any details of the finances involved in the takeover. he told bbc five live:  i am not going into the figures. if ken wants to give them up that is up to him. i can not tell you what the money will be used for.  this dea l is not about money for the current board. in the last four months i never saw any cheques until this week from one person. i am not stretching figures  we don t discuss internal arrangements.  bates stepped down as chelsea chairman in march last year following roman abramovich s 140m takeover at stamford bridge. in may  he made a proposal to invest 10m in sheffield wednesday  but this was rejected by the club. sebastien sainsbury had been close to a takeover of leeds but withdrew his 25m offer last week.  his efforts failed after he revealed it would take 40m to stage a takeover  and that the club will also lose 10m over the next six months. the club was on the brink of administration - and the deduction of 10 points by the football league - before bates  arrival but his investment has spared them that prospect.,bates seals takeover ken bates has completed his takeover of leeds united. the 73-year-old former chelsea chairman sealed the deal at 0227 gmt on friday and has bought a 50% stake in the club. he said: i m delighted to be stepping up to the mantel at such a fantastic club. i recognise leeds as a great club that has fallen on hard times. we have a lot of hard work ahead to get the club back where it," needs to be. we are very happy with our management team. and, of course, we want to thank all the supporters. i am so excited about this. i know that people will be delighted.
Bates: 'I'M HERE TO DO'
The former chelskills chairman: 'It's been a long, tough, tough year, but I'm here to do. I've got to make sure that everybody, everyone knows that we're here for you. We","needs to be. we are very happy with our management team. and, of course, we want to thank all the supporters. i am so excited about this. i know that people will be delighted. Bates: 'I'M HERE TO DO' The former chelskills chairman: 'It's been a long, tough, tough year, but I'm here to do. I've got to make sure that everybody, everyone knows that we're here for you.",0.5690977834754946,-0.1740776559556978,"needs to be. we are very happy with our management squad. and, of course, we desire to thank all the supporters. i am so emotional about this. i cognize that people will be delighted. Bates: 'I'M HERE TO DO' The former chelskills chairwoman: 'It's been a long, tough, tough twelvemonth, but I'm here to do. I've get to make certain that everybody, everyone know that we're here for you.",0.533113989983183
23,cole faces lengthy injury lay-off aston villa s carlton cole could be out for six weeks with a knee injury.  the striker  who is on a season-long loan from chelsea  picked up the knock in an england under-21 match against holland earlier this month.  carlton will be out of action for four to six weeks after a bad challenge   said villa boss david o leary.  i won t be able to tell you whether he will need an operation until maybe next week. whether he has an operation has got to be left to chelsea.  cole  who also struggled with an ankle problem earlier in the season  was unable to rest because o leary had a shortage of strikers. the return to fitness of darius vassell after four months out with a broken ankle and the emergence of luke moore has alleviated some of the villa s manager s problems in that department.,cole faces lengthy injury lay-off aston villa s carlton cole could be out for six weeks with a knee injury. the striker who is on a season-long loan from chelsea picked up the knock in an england under-21 match against holland earlier this month. carlton will be out of action for four to six weeks after a bad challenge said villa boss david o leary. i won t be able to tell you whether he will need," to be out, but he is likely to miss the rest of the season.the 26-year-old, who has had a series of injuries in recent months, is expected to miss out on at least one more game this term.cole'o-leary was also injured against hundley last week.coke-leari...

cole's injury:
colye:Theo-Leari-Lebron-Wade-Jets-R","to be out, but he is likely to miss the rest of the season.the 26-year-old, who has had a series of injuries in recent months, is expected to miss out on at least one more game this term.cole'o-leary was also injured against hundley last week.coke-leari...",3.1168367625803447e-05,4.003786086981051,"to be out, but he is likely to lose the residual of the season.the 26-year-old, who has had a series of harm in recent months, is anticipate to lose out on at least one more game this term.cole'o-leary was too wound against hundley last week.coke-leari...",0.9169493006161777
24,mobile audio enters new dimension as mobile phones move closer to being a ubiquitous  all-in-one media player  audio is becoming ever more important. but how good can that sound be from such a small device   the sound of a buzzing bee jumps from left to right before disappearing around the back of my head. the surround sound demo is unremarkable when heard on a multi-speaker home cinema system but startling when emerging from a small mobile phone. british firm sonaptic is one of a number of companies to have developed 3d audio technology that emerges from stereo speakers. firms am3d and srs both offer stereo-widening technology for mobile phones. but sonaptic s managing director david monteith says his firm is the only company to offer positional 3d audio on a mobile.   there are quite a few basic technologies out there  making the sound seem a bit bigger  headphones a bit nicer.   no-one has really tried before to make proper 3d positional audio - where an individual channel can be moved around.  sonaptic has been working with japanese mobile network ntt docomo to set standards for 3d audio on mobile phones. in the last few months handsets from nec  fujitsu and mitsubishi have been released on to the japanese marker which have chips produced by yamaha and rohm with sonaptic s technology.  the technology has been around on pcs and games consoles for some time but what we are doing is making it more efficient so it can go on a small consumer device like a mobile phone   said mr monteith.  the technology works through applying the science of psychoacoustics and grew out of medical research done by the company s research director dr alastair sibbald.  we are basically trying to fool your ears into thinking sound is coming from areas it actually isn t.  your brain uses certain bits of information which we are effectively synthesising on a mobile phone handset.  the structure of the ear works as a 3d encoder for sound - helping the brain understand from where sound is emanating. sonaptic s audio processing algorithms mimic that 3d encoding  giving the impression that sound is coming from the left  right  and behind a listener when in fact it is coming from a single source. mr montieth says:  if the sound is off to one side it will get to one ear before the other - if it is on the right it has to bend around your head to get to your left ear.   the shape of your ear causes differences in sound from one ear to the other. we are synthesising those differences.  sonaptic hopes the technology will have a big impact in the growing market of mobile gaming and music downloading.  handhelds often have limitations - screens will be small by definition.  if you want to get impact from media you are running - either a movie  a game or watching tv - if you want it to be more immersive then our technology can help.  a fishing game is the first title to use the technology  creating a 3d sound field while the gamer plays. driving games and shoot  em ups using the technology are in development. the technology can also be used for music - giving songs a much more expansive and immersive feel. sonaptic offers its technology on a chip or in software and is about to release a new version which significantly improves the efficiency of the audio processing.  it s important we only use 10 or 15% of the processor otherwise you won t be able to play a game on the handset   explained mr montieth. the company is now looking to the us and european markets  where it has been working with network vodafone.  we have focused first on japan because it has a very advanced mobile phone market.  we knew japan would be the first place to have the handsets that could use our technology.  there should be handsets out in the uk in the next six months.,mobile audio enters new dimension as mobile phones move closer to being a ubiquitous all-in-one media player audio is becoming ever more important. but how good can that sound be from such a small device the sound of a buzzing bee jumps from left to right before disappearing around the back of my head. the surround sound demo is unremarkable when heard on a multi-speaker home cinema system but startling when emerging from a small mobile phone. british firm sonaptic is one of a number of," speakers, microphones and amplifiers, to create a soundstage. and, although not perfect:theres no doubt itll beamier.but,with a few tweaks:thebuzzingbeephonie:a:buzzed.thebouncychoo:a-buzzes:budwah:bobblebuzz:bobby:baboo.thephonebuzzer:aa:boobsbobblesbobbsb","speakers, microphones and amplifiers, to create a soundstage. and, although not perfect:theres no doubt itll beamier.but,with a few tweaks:thebuzzingbeephonie:a:buzzed.thebouncychoo:a-buzzes:budwah:bobblebuzz:bobby:baboo.",1.921962732883951e-35,12.369039055147589,"speakers, microphone and amplifier, to create a soundstage. and, although not perfect:theres no incertitude itll beamier.but,with a few tweak:thebuzzingbeephonie:a:buzzed.thebouncychoo:a-buzzes:budwah:bobblebuzz:bobby:babu.",2.721655269759087
25,moya fights back for indian title carlos moya became the first man to successfully defend the chennai open title by beating four-times finalist paradorn srichaphan 3-6 6-4 7-6 (7/5).  the spaniard then donated his 28 000 prize money to relief efforts for the victims of the asian tsunami. the final was close throughout  with thai second seed srichaphan - the 2003 winner - closing out the first set. but moya took the second set  before bouncing back from 5-2 down in the decider to force and win a tie-break. moya confirmed afterwards:  i m donating my prize money from this tournament for the tsunami victims  hoping it makes some difference to their lives. his contribution follows pledges by four other players to donate their prize money from the tournament  which went ahead after the 26 december disaster which has so far claimed at least 150 000 lives. scrichapan said he would donate an unspecified amount for relief work in thailand  where more than 5 000 people were killed. the atp has announced that it would contribute the us$25 000 tournament fee to unicef s emergency relief fund in tamil nadu. the atp tour s sponsor  mercedes  said it would also contribute  increasing the atp donation to us$40 000.,moya fights back for indian title carlos moya became the first man to successfully defend the chennai open title by beating four-times finalist paradorn srichaphan 3-6 6-4 7-6 (7/5). the spaniard then donated his 28 000 prize money to relief efforts for the victims of the asian tsunami. the final was close throughout with thai second seed srichaphan - the 2003 winner - closing out the first set.,"moyes-mayo-winners-chennai-open-title-carlos-mayos-across-the-country-on-thethirautics.com/moyeysay-cennai-vacation-onnicholas-mayorin/index11.html#comment-404870
Mon, 29 Jul 2015 05:33:32 +0000Moyesay-Mayo-Winners-Chen",moyes-mayo-winners-chennai-open-title-carlos-mayos-across-the-country-on-thethirautics.com/moyeysay-cennai-vacation-onnicholas-mayorin/index11.,2.472428481923885e-43,13.75213482050013,moyes-mayo-winners-chennai-open-rubric-carlos-mayos-across-the-state-on-thethirautics.com/moyeysay-cennai-holiday-onnicholas-mayorin/index11.,-0.454858826147342
26,career honour for actor dicaprio actor leonardo dicaprio s  exceptional career  has been honoured at the santa barbara international film festival.  the star was presented with the award by martin scorsese  who directed him in oscar-nominated movie the aviator.  it s a lifetime achievement award  which is completely and utterly surreal  given i m only 30 years old   dicaprio said.  but what has it been  almost 17 years now. i ve done quite a few films.  a retrospective of his movies was shown.   what s really exciting  for me  is that this is what i really love doing   he added.  it s what i want to do for the rest of my life.  dicaprio began his movie career in horror film critters 3  before moving onto roles in the basketball diaries  romeo and juliet  titanic and gangs of new york. the achievement award was created to commemorate the california festival s 20th anniversary and coincided with dicaprio s portrayal of millionaire howard hughes in the aviator.  veteran actress jane russell  who starred in hughes  1943 film the outlaw  said was impressed by dicaprio s quest for authenticity when he previously discussed the role with her.  i was very happy that (dicaprio) came and cared to come up and find out what (hughes) was really like   she said. the aviator has taken pole position in this year s oscars race with 11 nominations  including nominations for best film  best actor for dicaprio and best director for scorsese.,career honour for actor dicaprio actor leonardo dicaprio s exceptional career has been honoured at the santa barbara international film festival. the star was presented with the award by martin scorsese who directed him in oscar-nominated movie the aviator. it s a lifetime achievement award which is completely and utterly surreal given i m only 30 years old dicaprio said. but what has it been almost 17 years now. i ve done quite a," few films in my life, i have done them on film(solo)and, as youve probably seen. i had to spend a long time to dooieeing aoieaardaarddhaadooieaaww-oh. i think i made a lot of good films. i m very proud of the fact that ive won, and i hope that everyone else will too. ive always been pretty good. i havent really changed. i","few films in my life, i have done them on film(solo)and, as youve probably seen. i had to spend a long time to dooieeing aoieaardaarddhaadooieaaww-oh. i think i made a lot of good films. i m very proud of the fact that ive won, and i hope that everyone else will too. ive always been pretty good. i havent really changed.",0.0045117194090401,2.6111648393354674,"few movie in my life, i have done them on film(solo)and, as youve likely see. i had to pass a long time to dooieeing aoieaardaarddhaadooieaaww-oh. i think i make a lot of good movie. i m really proud of the fact that ive win, and i trust that everyone else will too. ive ever been middling good. i havent genuinely changed.",1.4446302370292303
27,mobile gig aims to rock 3g forget about going to a crowded bar to enjoy a gig by the latest darlings of the music press.  now you could also be at a live gig on your mobile  via the latest third generation (3g) video phones. rock outfit rooster are playing what has been billed as the first ever concert broadcast by phone on tuesday evening from a london venue. the 45-minute gig is due to be  phone cast  by the 3g mobile phone operator  3. 3g technology lets people take  watch and send video clips on their phones  as well as swap data much faster than with 2g networks like gsm. people with 3g phones in the uk can already download football and music clips on their handsets.  some 1 000 fans of the london-based band will have to pay five pounds for a ticket and need a 3g handset.   once you have paid  you can come and go as much as you like  because we expect the customers to be mobile   said 3 spokesperson belinda henderson.  it s like going to a concert hall  except that you are virtually there.  the company behind the trial hopes to learn more about how people use their video phones.  we are looking on how long people will stay on average on the streams. some people may stay the whole time  some may dip in and out   said ms henderson.  we actually expect people to dip in and out because they are mobile and they will be doing other things.  3 is looking to music as a way of persuading more people to take up the latest video phones. it is already planning regular gigs throughout 2005. and during the intermission  of course  you would still be able to make a phone call.,mobile gig aims to rock 3g forget about going to a crowded bar to enjoy a gig by the latest darlings of the music press. now you could also be at a live gig on your mobile via the latest third generation (3g) video phones. rock outfit rooster are playing what has been billed as the first ever concert broadcast by phone on tuesday evening from a london venue. the 45-minute gig is due to be phone cast by the 3g mobile phone operator 3,"G. it will be available, for those who don't have a 3g/4g/gig connection. the gig is also being broadcasted to a small number of, including a-lonesomely-hungry, and, well,...oh.and.the.buzzer..so.if.your-phone-isnt.getting.backlit..it.isn't.it.in.a-lightbox.but.it-will","G. it will be available, for those who don't have a 3g/4g/gig connection. the gig is also being broadcasted to a small number of, including a-lonesomely-hungry, and, well,...oh.and.the.buzzer..so.if.your-phone-isnt.getting.backlit..it.isn't.it.in.a-lightbox.but.",4.30684301839401e-19,8.851776764584294,"G. it will be available, for those who don't have a 3g/4g/gig connectedness. the gig is too being air to a little number of, include a-lonesomely-hungry, and, well,...oh.and.the.buzzer..so.if.your-telephone-isnt.getting.backlit..it.isn't.it.in.a-lightbox.but.",3.053290134455173
28,terror suspects face house arrest uk citizens suspected of involvement in terrorism could face house arrest as part of a series of new measures outlined by the home secretary.  it comes after law lords ruled that the detention of 12 foreign terror suspects without trial breached human rights. charles clarke s planned  control orders  mean anyone suspected of being involved in terrorism could be subject to house arrest  curfews or tagging. the law society dubbed mr clarke s new proposals an  abuse of power . deals are already being sought to deport some of the foreign detainees who are mainly held in belmarsh prison in london under the current laws introduced after the us terror attacks on 11 september 2001. mr clarke said efforts would continue to deport them to their countries of origin algeria  tunisia  egypt and jordan without them facing torture or death.  under the proposed changes - prompted by the house of lords ruling - the home secretary could order british citizens or foreign suspects who could not be deported  to face house arrest or other measures such as restrictions on their movements or limits on their use of telephones and the internet.  british citizens are being included in the changes after the law lords said the current powers were discriminatory because they could only be used on foreign suspects. mr clarke also said intelligence reports showed some british nationals were now playing a more significant role in terror threats. human rights lawyer clive stafford-smith said the plans were a  further abuse of human rights in britain .  mr clarke said prosecutions were the government s first preference and promised the powers would only be used in  serious  cases  with independent scrutiny from judges.  he told mps:  there remains a public emergency threatening the life of the nation.  he accepted the law lords  ruling but argued detention powers had helped prevent attacks and deter terrorists. the current detainees would not be freed until the new powers were in place as they were still considered a national security threat  he told mps.  there have been calls for the rules for wire-tap and intercept evidence to be allowed to be used in courts but mr clarke refused to back that change.  he said intercept evidence was only a small part of the case against the men and some of it could not be used because it could put sources  lives at risk. most of the terror suspects are being held indefinitely at belmarsh prison  in london. conservative shadow home secretary david davis was worried about extending special powers to cover british citizens. he warned:  throughout history  internment has generally backfired because of the resentment it creates.  so unless the process is clearly just  the home secretary could find himself confining one known terrorist only to recruit 10 unknown terrorists.  he suggested changing the law to let security-cleared judges view evidence gathered by phone-tapping could allow more terror cases to come to court.  liberal democrat spokesman mark oaten also backed use of wire-tap evidence. he said the standard of proof for the new powers would have to be  very high indeed  and he asked whether ministers had looked at measures which fitted with human rights laws. shami chakrabarti  from human rights group liberty  joined calls for intercept evidence to be allowed in trials. she said:  adherence to the rule of law should not be a game of cat and mouse. the government should not swap one human rights  opt out  for another.,terror suspects face house arrest uk citizens suspected of involvement in terrorism could face house arrest as part of a series of new measures outlined by the home secretary. it comes after law lords ruled that the detention of 12 foreign terror suspects without trial breached human rights. charles clarke s planned control orders mean anyone suspected of being involved in terrorism could be subject to house arrest curfews or tagging. the law society dubbed mr clarke s new proposals an abuse of power. deals are already being sought," over the arrest of 12.australian nationals. while the home secretaries office,the police andthe judicial authority will be working together to ensure that all oftheftisnotcausedbylawmakersonthespot.thehonsortofthecriminalsareheldaspartofaustreliefprogramme.thejusticeforprisonersisbeingledgedgedgedgeelegendarypossibletargetingofthosewhoareattemptedtobeholdentohumanity","over the arrest of 12.australian nationals. while the home secretaries office,the police andthe judicial authority will be working together to ensure that all oftheftisnotcausedbylawmakersonthespot.thehonsortofthecriminalsareheldaspartofaustreliefprogramme.",5.966247601586397e-24,10.024197528105391,"over the apprehension of 12.australian nationals. while the place secretary office,the law andthe judicial dominance will be work together to ensure that all oftheftisnotcausedbylawmakersonthespot.thehonsortofthecriminalsareheldaspartofaustreliefprogramme.",1.1547005383792517
29,halloween writer debra hill dies screenwriter and producer debra hill  best known for her work on the 70s horror classic halloween  has died in los angeles aged 54.  hill  who had been suffering from cancer  co-wrote the 1978 film  which starred jamie lee curtis as a babysitter terrorised by a psychopath. directed by john carpenter  it made over $60m (31.3m) worldwide - a record for independent film at that time. hill also worked with carpenter on escape from new york and the fog. born in new jersey  hill began her career as a production assistant and worked her way through the ranks  becoming an assistant director and second-unit director before she began collaborating with carpenter.  she was regarded by many as a pioneering woman in film  taking on jobs in the 70s that were more commonly taken by men.  back when i started in 1974  there were very few women in the industry   she said in 2003.  i was assumed to be the make-up and hair person  or the script person. i was never assumed to be the writer or producer.   i took a look around and realised there weren t that many women  so i had to carve a niche for myself.  carpenter said that working with hill was  one of the greatest experiences of my life .  the ground that she trailblazed in the beginning can now be followed by anyone. she was incredibly capable and talented   he said. carpenter and hill collaborated on a number of halloween sequels  including halloween ii  halloween: resurrection and halloween: the curse of michael myers.  later in her career  hill formed a production company with her friend lynda obst  making a string of hit films including oscar nominee the fisher king and teen comedy adventures in babysitting. other films included the stephen king adaptation the dead zone in 1983 and 1985 s clue  a comedy based on the board game cluedo. in the 90s she pursued work in tv  although she was reunited with carpenter in 1996 for escape from la  the sequel to escape from new york. at the time of her death she was working on a film about the last two men pulled from the rubble of the twin towers following the 11 september terror attacks in 2001. she was also co-producing the remake of the fog  which is due for release early next year.,halloween writer debra hill dies screenwriter and producer debra hill best known for her work on the 70s horror classic halloween has died in los angeles aged 54. hill who had been suffering from cancer co-wrote the 1978 film which starred jamie lee curtis as a babysitter terrorised by a psychopath. directed by john carpenter it made over $60m (31.3m) worldwide - a record for independent film at that time. hill also worked with," director lutheranan,,and was nominated for five Academy Awards. she is survived by her husband,dinnertimewriter/entertainerdebra.hill.com.au","director lutheranan,,and was nominated for five Academy Awards. she is survived by her husband,dinnertimewriter/entertainerdebra.hill.com.",4.078094055913017e-06,4.461042580036746,"manager lutheranan,,and was nominate for five Academy Awards. she is live by her hubby,dinnertimewriter/entertainerdebra.hill.com.",2.5627265885317474
30,royal couple watch nation s mood prince charles and camilla parker bowles are awaiting the nation s reaction after announcing they are to be married on 8 april.  mrs parker bowles will take the title hrh duchess of cornwall after a civil ceremony to be held at windsor castle. a daily telegraph poll of 1 313 people suggests two-thirds of britons support the couple s decision to marry. but only 40% think mrs parker bowles should become princess consort as planned after charles becomes king. some 47% believe she should have no title  while 7% think she should become queen.  the poll also found that the majority of britons would prefer the monarchy to miss a generation  with the queen handing the throne to her grandson prince william  22  on her death or abdication. on thursday night  prince charles  56  and mrs parker bowles  57  hosted a dinner at windsor castle  their first public appearance since announcing their engagement. mrs parker bowles said the prince went down on one knee to propose and added:  i m just coming down to earth.  she displayed her diamond engagement ring - a royal family heirloom - to reporters. charles said he and his wife-to-be were  absolutely delighted . their marriage will end years of speculation on a relationship which dates back to 1970.  the queen and duke of edinburgh said the news had made them  very happy . princes william and harry said they are  very happy  and wish the couple  all the luck in the future . the wedding will be a civil ceremony followed by a service of prayer and dedication in st george s chapel at which the archbishop of canterbury  dr rowan williams  will preside.  the marriage is likely to be a sensitive issue because mrs parker bowles is divorced and her former husband is still alive. if he became king  charles would be the supreme governor of the church of england and some anglicans remain opposed to the remarriage of divorcees.  his divorce from diana and the disappointment the country felt over how diana had been treated... opened up a sense of disillusionment with [prince charles]   said ros coward  who wrote the authorised biography of diana  princess of wales. the archbishop of canterbury said:  i am pleased that prince charles and mrs camilla parker bowles have decided to take this important step.  tony blair said he was  delighted  for the couple and offered his congratulations  as did conservative leader michael howard and liberal democrat leader charles kennedy. australia s prime minister john howard also offered his congratulations  adding that their decision to marry was a  sensible and a good thing . mrs parker bowles has joined the prince at numerous engagements in recent years - mostly at evening events for the prince s trust. clarence house staff were at pains to point out that she attended these events in a private capacity.,royal couple watch nation s mood prince charles and camilla parker bowles are awaiting the nation s reaction after announcing they are to be married on 8 april. mrs parker bowles will take the title hrh duchess of cornwall after a civil ceremony to be held at windsor castle. a daily telegraph poll of 1 313 people suggests two-thirds of britons support the couple s decision to marry. but only 40% think mrs parker bow,"els are right for their wedding, while another, 54% say she is right about duches. ducheysduchess.com.au: royal-british-battleship-debate-on-air.vox:royal-sussex-ducheies-wedding-in-the-nation-spoiled.voyageo:royals-cousins-duke-and-misses-","els are right for their wedding, while another, 54% say she is right about duches. ducheysduchess.com.au: royal-british-battleship-debate-on-air.vox:royal-sussex-ducheies-wedding-in-the-nation-spoiled.",5.912343173891282e-33,11.900070749739148,"els are right for their nuptials, while another, 54% state she is right about duches. ducheysduchess.com.au: royal-british-battlewagon-argument-on-air.vox:royal-sussex-ducheies-nuptials-in-the-nation-spoiled.",0.4026936331284146
31,firefox browser takes on microsoft microsoft s internet explorer has a serious rival in the long-awaited firefox 1.0 web browser  which has just been released.  few people get excited when some new software is released  especially when the program is not a game or a music or movie player. but the release of the first full version of firefox has managed to drum up a respectable amount of pre-launch fervour. fans of the software have banded together to raise cash to pay for an advert in the new york times announcing that version 1.0 of the browser is available. the release of firefox 1.0 on 9 november might even cause a few heads to turn at microsoft because the program is steadily winning people away from the software giant s internet explorer browser.  firefox has been created by the mozilla foundation which was started by former browser maker netscape back in 1998. much of the development work done since then has gone into firefox which made its first appearance under this name in february. earlier incarnations  but which had the same core technology  were called phoenix and firebird. since then the software has been gaining praise and converts  not least because of the large number of security problems that have come to light in microsoft s internet explorer. rivals to ie got a boost in late june when two us computer security organisations warned people to avoid the microsoft program to avoid falling victim to a serious vulnerability.  internet monitoring firm websidestory has charted the growing population of people using the firefox browser and says it is responsible for slowly eroding the stranglehold of ie. before july this year  according to websidestory  internet explorer was used by about 95% of web surfers. that figure had remained static for years. in july the ie using population dropped to 94.7% and by the end of october stood at 92.9%. the mozilla foundation claims that firefox has been downloaded almost eight million times and has publicly said it would be happy to garner 10% of the windows- using  net-browsing population. firefox is proving popular because  at the moment  it has far fewer security holes than internet explorer and has some innovations lacking in microsoft s program. for instance  firefox allows the pages of different websites to be arranged as tabs so users can switch easily between them. it blocks pop-ups  has a neat way of finding text on a page and lets you search through the pages you have browsed.  one of the most powerful features of firefox is the many hundreds of extras  or extensions  produced for it. the mozilla foundation is an open source organisation which means that the creators of the browser are happy for others to play around with the core code for the program. this has resulted in many different add-ons or extensions for the browser which now include everything from a version of the familiar google toolbar to a homeland security monitor that keep users aware of current threat levels. firefox  which used to be called firebird and before that phoenix  also has a growing number of vocal net-based fans. a campaign co-ordinated by the spread firefox website attempted to raise the $50 000 needed for a full page advert in the new york times. the campaign set itself a target of recruiting 2500 volunteers. ten days in to the campaign 10 000 people had signed up and now about $250 000 has been raised. the ad is due to run sometime in a three-week period in late november/early december. the surplus cash will be used to help keep the mozilla foundation running. microsoft is facing a growing challenge to ie s hold on the web using population. from alternative browsers such as opera  safari  amaya and even netscape.,firefox browser takes on microsoft microsoft s internet explorer has a serious rival in the long-awaited firefox 1.0 web browser which has just been released. few people get excited when some new software is released especially when the program is not a game or a music or movie player. but the release of the first full version of firefox has managed to drum up a respectable amount of pre-launch fervour. fans of the software have banded together to raise cash to pay for an," early release. the launch has seen a good number of downloads and, if you are one of the lucky ones.the first full release of fireFox.com.com!firefox.com:a-a-haa-haha!Firefox.org:ahaaAahaAaAahAahHahAaHahFirefox:aahAaiHahHahahahAaaAaahHajahAaaaaahAawAa","early release. the launch has seen a good number of downloads and, if you are one of the lucky ones.the first full release of fireFox.com.com!firefox.com:a-a-haa-haha!Firefox.",6.349170613799689e-20,9.062937829714112,"early release. the launch has seen a good figure of downloads and, if you are one of the lucky ones.the first full release of fireFox.com.com!firefox.com:a-a-haa-haha!Firefox.",0.0842151921066519
32,celebrities get their skates on former england footballer paul gascoigne will join eastenders  actress scarlett johnson on bbc one s strictly ice dancing.  the one-off christmas special will also star television presenter carol smillie and jessica taylor from liberty-x. each celebrity will be paired with a professional skater to impress a panel of judges and win the audience vote. the bbc is yet to confirm the final two stars who will battle it out to become ice king or queen.  veteran presenter bruce forsyth and tess daly will host the programme  which follows hot on the heels of the current saturday night series strictly come dancing. the celebrities will have to practise a stipulated ice dance and perform it at an ice rink with their partner. the judges will have 50% of the vote to decide who wins the contest  with the ice rink audience making up the rest of the vote. the show forms part of the bbc s festive schedule. ice skating duo jayne torvill and christopher dean are to front a similar celebrity ice dance show for itv  titled stars on thin ice. the contestants on stars on thin ice will each be paired up with a professional skater and will learn a new routine every week. at the end of the series  one celebrity will be crowned the winner.,celebrities get their skates on former england footballer paul gascoigne will join eastenders actress scarlett johnson on bbc one s strictly ice dancing. the one-off christmas special will also star television presenter carol smillie and jessica taylor from liberty-x. each celebrity will be paired with a professional skater to impress a panel of judges and win the audience vote. the bbc is yet to confirm the final two stars who will battle it," out. in the end,, the two-part show will air on bbcc.com.au. star:newspaper-interview-paul gasqueen.com:will-a-dancing-skate-on-peter-gascoigne.com/celebration-wants/celebrity-celebres-getts-skates-on%20former%20englander%20s-shoes-with","out. in the end,, the two-part show will air on bbcc.com.au. star:newspaper-interview-paul gasqueen.com:will-a-dancing-skate-on-peter-gascoigne.",7.750995401054434e-35,12.256517540566826,"out. in the terminal,, the two-constituent show will aerate on bbcc.com.au. star:newspaper-interview-paul gasqueen.com:will-a-dancing-skate-on-peter-gascoigne.",0.15161960871578067
33,show over for mtv s the osbournes rock star ozzy osbourne has said his family will not make any more episodes of reality tv show the osbournes.   at the end of it i didn t like having cameras around the house all the time   the black sabbath singer told reporters at the mtv europe awards in rome. his wife sharon  who also appears in the popular mtv show based on the osbournes  family life  agreed.  now everybody s doing reality shows. he s done it  he s been there  he s got to do something else   she said.  ozzy osbourne said he had had enough of the work involved in making the series.  when you watch a 25-minute episode  i ve been filming all day   he said. sharon osbourne is currently appearing as a judge and mentor in itv1 talent show the x-factor alongside simon cowell and louis walsh.  earlier this year she topped a poll of the most important people in rock  for her part in guiding the career of husband ozzy and her family. she was the driving force behind the osbournes  which ran for three series  earning the family a reported $85m (46m). the renewed popularity for ozzy has seen sales of his merchandise hit the $50m (27.2m) mark  a record for a heavy metal artist. sales of t-shirts  accessories and action figures have rocketed since the osbournes hit screens. at its peak  the osbournes had a regular audience of eight million  with america s tv guide magazine describing the series as  a cross between the simpsons and this is spinal tap . osbourne himself was at a loss to explain its popularity:  i suppose americans get a kick out of watching a crazy brit family like us make complete fools of ourselves every week.,show over for mtv s the osbournes rock star ozzy osbourne has said his family will not make any more episodes of reality tv show the osbournes. at the end of it i didn t like having cameras around the house all the time the black sabbath singer told reporters at the mtv europe awards in rome. his wife sharon who also appears in the popular mtv show based on the osbournes family life agreed. now everybody s,allieeowhorene.com/showtour-over-the-air/showmore-on-mtv-s-osbournedesque-rock-star/showa-david-jones-soz-and-gustavo-sadness/showsto-showmoremoreon-musician-says-he-isn't-going-to-be-a-wonderful-bandleader,allieeowhorene.,8.176339371776657e-48,14.479396429485565,allieeowhorene.,0.2182178902359924
34,insurance bosses plead guilty another three us insurance executives have pleaded guilty to fraud charges stemming from an ongoing investigation into industry malpractice.  two executives from american international group (aig) and one from marsh & mclennan were the latest. the investigation by new york attorney general eliot spitzer has now obtained nine guilty pleas. the highest ranking executive pleading guilty on tuesday was former marsh senior vice president joshua bewlay.  he admitted one felony count of scheming to defraud and faces up to four years in prison. a marsh spokeswoman said mr bewlay was no longer with the company. mr spitzer s investigation of the us insurance industry looked at whether companies rigged bids and fixed prices. last month marsh agreed to pay $850m (415m) to settle a lawsuit filed by mr spitzer  but under the settlement it  neither admits nor denies the allegations .,insurance bosses plead guilty another three us insurance executives have pleaded guilty to fraud charges stemming from an ongoing investigation into industry malpractice. two executives from american international group (aig) and one from marsh & mclennan were the latest. the investigation by new york attorney general eliot spitzer has now obtained nine guilty pleas. the highest ranking executive pleading guilty on tuesday was former marsh senior vice president joshua bewlay. he admitted one felony count of scheming to," defraud a federal government. fourteenth.theft.theftsofsecurity.com.inflated-property-inflating-property/noreply@blogger.comtag:blogger4com,1999:blog-40202733262230919281209.post-402103529113097482013-01-24T06:42:37.934%norepspspsp@bloggers.comt","defraud a federal government. fourteenth.theft.theftsofsecurity.com.inflated-property-inflating-property/noreply@blogger.comtag:blogger4com,1999:blog-40202733262230919281209.post-402103529113097482013-01-24T06:42:37.934%norepspspsp@bloggers.",5.956256913599852e-42,13.520031279225863,"swindle a federal government. fourteenth.theft.theftsofsecurity.com.inflated-property-inflating-belongings/noreply@blogger.comtag:blogger4com,1999:blog-40202733262230919281209.post-402103529113097482013-01-24T06:42:37.934%norepspspsp@bloggers.",2.8763532884018916
35,sayeed to stand down as tory mp tory mp jonathan sayeed is to stand down on the grounds of ill health.  the decision comes after mr sayeed survived an attempt to de-select him in a row over allegations he had profited from private tours of parliament. the mid-bedfordshire mp had denied a claim that he was paid for guiding visitors around the palace of westminster. conservative leader michael howard has now accepted the mp s resignation  it has been announced.  mr sayeed was suspended from parliament for two weeks last month after the commons standards and privileges committee said his conduct had fallen  well below the standards expected . the conservative party had already been withdrawn the whip for a month. but his constituency association voted against a move to deselect him  with mr sayeed winning 173 of the 299 votes. after the vote  mr sayeed said only a fifth of association members had voted against him and he intended to get on with winning the election. but the vote prompted constituency association president sir stanley odell to resign in protest. the standards and privileges committee inquiry was launched after the sunday times alleged english manner limited charged clients for access to westminster through mr sayeed. mr sayeed had denied the claims  saying the suspension was  unjust and wrong  but he made an  unreserved  apology to mps in the commons chamber. he insisted that the committee s report had contained a  few errors of fact . mr sayeed has been mp for mid-bedfordshire since 1997. he represented bristol east from 1983 to 1992.,sayeed to stand down as tory mp tory mp jonathan sayeed is to stand down on the grounds of ill health. the decision comes after mr sayeed survived an attempt to de-select him in a row over allegations he had profited from private tours of parliament. the mid-bedfordshire mp had denied a claim that he was paid for guiding visitors around the palace of westminster. conservative leader michael howard has now accepted the mp s resignation it has been," confirmed he will not remain.

Inspector General:Avengers: Endgame:The Avengers: Endor:The Last Jedi:The Dark Knight:The Force Awakens:Jurors hear the first, and, if were lucky, the last.","confirmed he will not remain. Inspector General:Avengers: Endgame:The Avengers: Endor:The Last Jedi:The Dark Knight:The Force Awakens:Jurors hear the first, and, if were lucky, the last.",0.0003435521921783,3.394673699166022,"substantiate he will not stay. Inspector General:Avenger: Endgame:The Avengers: Endor:The Last Jedi:The Dark Knight:The Force Awakens:Jurywoman hear the first, and, if were lucky, the last.",0.7579367289598671
36,gamers snap up new sony psp gamers have bought almost all of the first batch of sony s new playstation portable (psp) games console  which went on sale in japan on sunday.  thousands of people queued for hours to get hold of one of the 200 000 psps which were shipped to retailers. the handheld console can play games  music and movies and goes on sale in europe and north america next year. despite the demand sony said it would not increase the 500 000-strong stock of psps it plans to ship by year s end.  sony says it intends to ship three million of the consoles by march 2005. the company is hoping to challenge the dominance of nintendo in the handheld market. nintendo released its new ds console earlier this year and has already raised shipment targets for the device by 40%. the psp is selling in japan for 19 800 yen ($188; 98) while nintendo s ds console sells in the us and japan for $150 (78). nintendo s goal is to ship 5 million of its new nintendo ds handheld consoles by march 2005.,gamers snap up new sony psp gamers have bought almost all of the first batch of sony s new playstation portable (psp) games console which went on sale in japan on sunday. thousands of people queued for hours to get hold of one of the 200 000 psps which were shipped to retailers. the handheld console can play games music and movies and goes on sale in europe and north america next year. despite the demand sony said it would not increase," the price. the sony,sony,andstarfoxes are now available.the sony isnt the only one to be.the newest sony-sony-xbox-toyote-dont-have-to-be-an-all-sophie-davidson-gamers-snaps-up-new-sone-playstation-portable-games-station-injure-newspaper-shares-s","the price. the sony,sony,andstarfoxes are now available.the sony isnt the only one to be.",6.259628712805054e-33,11.89530649030602,"the cost. the sony,sony,andstarfoxes are now available.the sony isnt the lone one to be.",0.1111111111111111
37,row threatens hendrix museum plan proposals to open a museum dedicated to jimi hendrix are flailing because of a row over the home of his late father.  the run-down house in seattle has already been moved wholesale once and local authorities are now demanding it be moved to another site. hendrix supporters hoped to turn the home into a museum for the guitarist.  the mayor is going to go down as the mayor who destroyed jimi hendrix s house   said ray rae marshall of the james marshall hendrix foundation. the foundation moved the building  in which al hendrix lived between 1953 and 1956  when the land it was built on was to be developed for housing in 2002. now the city of seattle wants its new plot to be used for development  giving a deadline of 22 february for the home to be moved. mr goldman said the authority had promised the house could remain on its new site and be turned into a memorial and community centre. seattle officials said no such deal had been offered.   we never said   you can own this property    said john franklin  chief of its operations department.  from our perspective  it was a temporary situation. we have not threatened to demolish the house. we ve simply asked that they have to move it.  now mr goldman is calling for the authority to pay to move the building to seattle s central district  where hendrix grew up. janie hendrix  the guitarist s stepsister  said the family were still hoping the guitarist would be honoured by having a road named after him.  that s something my father really wanted to see   she said.  it would be nice if we didn t have to fight for everything to get it.  hendrix was widely considered one of the most important guitarists of his time. he died of drug overdose in 1970 at the age of 27.,row threatens hendrix museum plan proposals to open a museum dedicated to jimi hendrix are flailing because of a row over the home of his late father. the run-down house in seattle has already been moved wholesale once and local authorities are now demanding it be moved to another site. hendrix supporters hoped to turn the home into a museum for the guitarist. the mayor is going to go down as the mayor who destroyed jimi hendrix s house said ray rae,"ckenman, jimmy hindrix' mother(the mayor) was responsible for the destruction(hendrix's)s. the city councilmembersandjimmyhindrixbothareonsideofthehindxmansionandhavetakenafirmstofixit.themansionisnotjustahouse.theresnoobladyandshepardareontheotherhandandtheyareallrightbutwhatifwedecidetomoveit","ckenman, jimmy hindrix' mother(the mayor) was responsible for the destruction(hendrix's)s. the city councilmembersandjimmyhindrixbothareonsideofthehindxmansionandhavetakenafirmstofixit.themansionisnotjustahouse.",1.4412859700454071e-30,11.432333340750482,"ckenman, jimmy hindrix' mother(the mayor) was responsible for the destruction(hendrix's)s. the city councilmembersandjimmyhindrixbothareonsideofthehindxmansionandhavetakenafirmstofixit.themansionisnotjustahouse.",-0.6445033866354896
38,debate needed  on donations cap a cap on donations to political parties should not be introduced yet  the elections watchdog has said.  fears that big donors can buy political favours have sparked calls for a limit. in a new report  the electoral commission says it is worth debating a 10 000 cap for the future but now is not the right time to introduce it. it also says there should be more state funding for political parties and candidates should be able to spend more on election campaigning.  there were almost 68m in reported donations to political parties in 2001  2002 and 2003  with nearly 12m of them from individual gifts worth more than 1m. the rules have already been changed so the public can see who gives how much to the parties but the report says there are still public suspicions. the commission says capping donations would mean taxpayers giving parties more cash - something which would first have to be acceptable to the public and shown to work.  while we are not in principle opposed to the introduction of a donation cap  we do not believe that such a major departure from the existing system now would be sensible   says its report. if there was to be a cap  it should be 10 000 - a small enough amount to make a difference but which would have banned 56m in donations between 2001 and 2003.  even without changes the commission does urge political parties to seek out more small-scale donations and suggests there should be income tax relief for gifts under 200. it also suggests increasing state funding for parties to 3m so help can be extended to all parties with at least two members in the house of commons  european parliament  scottish parliament  welsh assembly or northern ireland assembly. and it suggests new ways of boosting election campaigning  seen as a way of improving voter turnout. all local election candidates should be entitled to a free mailshot for campaign leaflets  says the watchdog. and there should be a shift in the amount of money allowed to be spent at elections from a national level to a local level to help politicians engage better with voters.  the report suggests doubling the money which can be spent by candidates  while cutting national spending limits from 20m to 15m. the commission also says the spending limits for general elections should cover the four months before the poll - as happens with other elections. electoral commission chairman sam younger said:  there is no doubt that political parties have a vital role to play in maintaining the health of our democracy and for this they need to be adequately resourced.  our research has shown that people want to be more informed about party politics and that they want politicians to be more visible and accessible.  the public are reluctant for the state to fund parties but at the same time are unhappy with large private donations.  he called for a wider public debate on party funding to find the consensus needed for radical changes to the current system.,debate needed on donations cap a cap on donations to political parties should not be introduced yet the elections watchdog has said. fears that big donors can buy political favours have sparked calls for a limit. in a new report the electoral commission says it is worth debating a 10 000 cap for the future but now is not the right time to introduce it. it also says there should be more state funding for political parties and candidates should be able to spend more on election campaigning. there were almost 68m in,"gms ingmnspendable ingmatments, including 1mmgmsgmswgmsspendables. the commission says there is still room for improvement.

The new report from the electoral regulator, the Electoral Commission of Malta (ECM) warns that the current electoral system is too outdated. The commission says: ""The current electoral structure does not reflect the current political environment. It may well be that political parties' spending could be better suited to a","gms ingmnspendable ingmatments, including 1mmgmsgmswgmsspendables. the commission says there is still room for improvement. The new report from the electoral regulator, the Electoral Commission of Malta (ECM) warns that the current electoral system is too outdated. The commission says: ""The current electoral structure does not reflect the current political environment.",0.5238697896030086,-0.0598684340089249,"gms ingmnspendable ingmatments, include 1mmgmsgmswgmsspendables. the commission says there is still room for betterment. The new report from the electoral regulator, the Electoral Commission of Malta (ECM) warn that the current electoral system is overly superannuated. The commission says: ""The current electoral construction does not reflect the current political environment.",1.4
39,german growth goes into reverse germany s economy shrank 0.2% in the last three months of 2004  upsetting hopes of a sustained recovery.  the figures confounded hopes of a 0.2% expansion in the fourth quarter in europe s biggest economy. the federal statistics office said growth for the whole of 2004 was 1.6%  after a year of contraction in 2003  down from an earlier estimate of 1.7%. it said growth in the third quarter had been zero  putting the economy at a standstill from july onward. germany has been reliant on exports to get its economy back on track  as unemployment of more than five million and impending cuts to welfare mean german consumers have kept their money to themselves. major companies including volkswagen  daimlerchrysler and siemens have spent much of 2004 in tough talks with unions about trimming jobs and costs. according to the statistics office  destatis  rising exports were outweighed in the fourth quarter by the continuing weakness of domestic demand.  but the relentless rise in the value of the euro last year has also hit the competitiveness of german products overseas. the effect has been to depress prospects for the 12-nation eurozone as a whole  as well as germany. eurozone interest rates are at 2%  but senior officials at the rate-setting european central bank are beginning to talk about the threat of inflation  prompting fears that interest rates may rise. the ecb s mandate is to fight rising prices by boosting interest rates - and that could further threaten germany s hopes of recovery.,german growth goes into reverse germany s economy shrank 0.2% in the last three months of 2004 upsetting hopes of a sustained recovery. the figures confounded hopes of a 0.2% expansion in the fourth quarter in europe s biggest economy. the federal statistics office said growth for the whole of 2004 was 1.6% after a year of contraction in 2003 down from an earlier estimate of 1.7%. it said growth in the third quarter had been zero putting the economy," in recession. the euro zone, which has been growing at a slowest pace in more than a decade, is trying to prevent a deep recession, and a slowing-down-in-the-tens economic outlooks.
The eurozone, which is now the world's second-biggest economy, is braced for a slowdown as the United States, Europe's biggest economy, and Japan, the world""""s largest economy, have both suffered. The European Central Bank (ECB","in recession. the euro zone, which has been growing at a slowest pace in more than a decade, is trying to prevent a deep recession, and a slowing-down-in-the-tens economic outlooks. The eurozone, which is now the world's second-biggest economy, is braced for a slowdown as the United States, Europe's biggest economy, and Japan, the world""""s largest economy, have both suffered.",0.6368032980988518,-0.3499271061118825,"in recession. the euro zone, which has been growing at a slow gait in more than a decade, is assay to foreclose a deep recession, and a slow-down-in-the-tens economical mentality. The eurozone, which is now the world's second-large economy, is poise for a lag as the United States, Europe's biggest economy, and Japan, the world""""s big economy, have both endure.",0.12751534261266764
40,labour targets  hardcore truants  a fresh crackdown on persistent truants in england has been launched by education secretary ruth kelly.  serial truants make up one in 13 pupils. previous initiatives brought 40 000 pupils back to school since 1997  according to official statistics. parenting contracts  penalty notices and  fast track  prosecution systems have been used to tackle what has been a stubborn problem. it is thought that nearly half a million children skip school each day. tories say labour s previous success regarding the issue came because it tackled the easy part of the problem by reducing authorised absence  where parents are permitted to take children out of school. such absences are often due to family holidays.  however  serial truants avoid the classroom despite government schemes costing 885m. those missing classes are more likely to become involved in crime as well as failing academically. measures such as parenting contracts and penalty notices were adopted by most local education authorities last term and come into force in the remainder this term. in one local education authority alone 800 parents were warned they would receive a penalty notice unless their child s attendance improved. the tough stance paid off with just 24 issued  while attendance improved in 776 cases. truancy has been reduced by 5% at the 128 worst hit schools through the government s behaviour improvement programme. this is the equivalent of 200 pupils back in classes since september.  the new measures come on top of national truancy sweeps - the sixth of which will take place on monday. police and education welfare officers patrol problem hotspots picking up truants and returning them to school. held twice each year  in addition to routine local patrols  previous country-wide sweeps have apprehended 31 000 pupils dodging school. in almost 14 000 of those cases  the youngsters were accompanied by their parents. a department for education and skills source said:  every day in school counts.  it is clear form these figures that schools and local education authorities are now seizing the tools we have given them to improve school attendance and crack down hard on the very small numbers of pupils which account for almost half of the nation s truancy.,labour targets hardcore truants a fresh crackdown on persistent truants in england has been launched by education secretary ruth kelly. serial truants make up one in 13 pupils. previous initiatives brought 40 000 pupils back to school since 1997 according to official statistics. parenting contracts penalty notices and fast track prosecution systems have been used to tackle what has been a stubborn problem. it is thought that nearly half a million children skip school each day. tories say labour s previous success regarding the issue came because it," wasnt about the number of truant cases, but rather, the lack of funding for schools.

failing-to-take-care-of-truants.ca/2015-june/labour-hats-for-hardworking-tutors-a-newscast.pdf
The government has announced a new funding package which includes 35m of extra funding for secondary and tertiary education. This will be used to provide better-paid-","wasnt about the number of truant cases, but rather, the lack of funding for schools. failing-to-take-care-of-truants.ca/2015-june/labour-hats-for-hardworking-tutors-a-newscast.pdf The government has announced a new funding package which includes 35m of extra funding for secondary and tertiary education.",1.2676273926722297e-10,6.324821499723688,"wasnt about the figure of awol instance, but instead, the lack of funding for schools. failing-to-take-care-of-truants.ca/2015-june/labour-hats-for-hardworking-tutors-a-newscast.pdf The authorities has denote a new backing parcel which include 35m of extra backing for secondary and tertiary didactics.",0.4383570037596047
41,federer claims dubai crown world number one roger federer added the dubai championship trophy to his long list of successes - but not before he was given a test by ivan ljubicic.  top seed federer looked to be on course for a easy victory when he thumped the eighth seed 6-1 in the first set. but ljubicic  who beat tim henman in the last eight  dug deep to secure the second set after a tense tiebreak. swiss star federer was not about to lose his cool  though  turning on the style to win the deciding set 6-3. the match was a re-run of last week s final at the world indoor tournament in rotterdam  where federer triumphed  but not until ljubicic had stretched him for five sets.  i really wanted to get off to a good start this time  and i did  and i could really play with confidence while he still looking for his rhythm   federer said.   that took me all the way through to 6-1 3-1 0-30 on his serve and i almost ran away with it. but he came back  and that was a good effort on his side.  ljubicic was at a loss to explain his poor showing in the first set.  i didn t start badly  but then suddenly i felt like my racket was loose and the balls were flying a little bit too much. and with roger  if you relax for a second it just goes very quick   he said.  after those first three games it was no match at all. i don t know  it was really weird. i was playing really well the whole year  and then suddenly i found myself in trouble just to put the ball in the court.  but despite his defeat  the world number 14 was pleased with his overall performance.  i had a chance in the third  and for me it s really positive to twice in two weeks have a chance against roger to win the match.  it s an absolutely great boost to my confidence that i m up there and belong with top-class players.,federer claims dubai crown world number one roger federer added the dubai championship trophy to his long list of successes - but not before he was given a test by ivan ljubicic. top seed federer looked to be on course for a easy victory when he thumped the eighth seed 6-1 in the first set. but ljubicic who beat tim henman in the last eight dug deep to secure the second set after a tense tiebreak. sw,"issman feder finished on 36/10, while ljugicic was inching towards a third set with the first-set tiebreak, but feder broke back at 5-all.
Federer: 'I'M HERE!'
LjubicaCeko: 'It's hard to take. I'm here!' Federer: ""I""m here""Federer.ljubiceceko@thebeaconjournal.com.","issman feder finished on 36/10, while ljugicic was inching towards a third set with the first-set tiebreak, but feder broke back at 5-all. Federer: 'I'M HERE!' LjubicaCeko: 'It's hard to take. I'm here!' Federer: ""I""m here""Federer.ljubiceceko@thebeaconjournal.com.",3.4920361517827957e-10,6.166448702919271,"issman feder finished on 36/10, while ljugicic was inching towards a third set with the first-set tiebreak, but feder interrupt back at 5-all. Federer: 'I'M HERE!' LjubicaCeko: 'It's difficult to take. I'm here!' Federer: ""I""m here""Federer.ljubiceceko@thebeaconjournal.com.",0.3094922302950865
42,house prices show slight increase prices of homes in the uk rose a seasonally adjusted 0.5% in february  says the nationwide building society.  the figure means the annual rate of increase in the uk is down to 10.2%  the lowest rate since june 2001. the annual rate has halved since august last year  as interest rises have cooled the housing market. at the same time  the number of mortgage approvals fell in january to a near 10-year low  official bank of england figures have shown.  nationwide said that in january house prices went up by 0.4% on the month and by 12.6% on a year earlier.  we are not seeing the market collapsing in the way some had feared   said nationwide economist alex bannister. there have been a number of warnings that the uk housing market may be heading for a downturn after four years of strong growth to 2004. in november  barclays  which owns former building society the woolwich  forecast an 8% fall in property prices in 2005  followed by further declines in 2006 and 2007. and last summer  economists at pricewaterhousecoopers (pwc) warned house prices were overvalued and could fall by between 10% and 15% by 2009.  the price of an average uk property now stands at 152 879. homeowners now expect house prices to rise by 1% over the next six months  mr bannister said. he said if the growth continued at this level then the bank of england may increase interest rates from their current 4.75%.   i think the key is what the bank expects to happen to the housing market. we always thought we would see a small rise  they thought they would see a small decline.  house prices have risen 0.9% this year  nationwide said  and if this pace of increase persists  prices would rise by just under 6% in the year to december. this is slightly above the 0-5% range nationwide predicts.  further evidence of a slowdown in the housing market emerged from bank of england lending figures released on tuesday. new mortgage loans in january fell to 79 000 from 82 000 in december  the bank said. the past few months have seen approvals fall to levels last seen in 1995. the bank revealed that 48 000 fewer mortgages were approved in january than for the same month in 2004. overall  mortgage lending rose by 7.2bn in january  marginally up on the 7.1bn rise in december.,house prices show slight increase prices of homes in the uk rose a seasonally adjusted 0.5% in february says the nationwide building society. the figure means the annual rate of increase in the uk is down to 10.2% the lowest rate since june 2001. the annual rate has halved since august last year as interest rises have cooled the housing market. at the same time the number of mortgage approvals fell in january to a near 10-year low official bank,rate.com.the number of homebuyers has risen by a modest 1.9m in January.financenews.com/index.shares/homebuyersandrentals-injure-pricing-increases-to-newhighs.newsroomnewsroomnewspaper/index..shares.newsgroupnewspapersnewsnewsroomnowprintnewspap.newsnewsnewsgrouphouse.newsnewsparkle.newsprintnewswire,rate.com.the number of homebuyers has risen by a modest 1.9m in January.financenews.com/index.shares/homebuyersandrentals-injure-pricing-increases-to-newhighs.newsroomnewsroomnewspaper/index..shares.newsgroupnewspapersnewsnewsroomnowprintnewspap.newsnewsnewsgrouphouse.newsnewsparkle.,7.922378126649541e-44,13.834219201495712,rate.com.the number of homebuyers has rise by a modest 1.9m in January.financenews.com/index.shares/homebuyersandrentals-injure-pricing-increases-to-newhighs.newsroomnewsroomnewspaper/index..shares.newsgroupnewspapersnewsnewsroomnowprintnewspap.newsnewsnewsgrouphouse.newsnewsparkle.,1.3308209261014037
43,disappointed scott in solid start allan scott is confident of winning a medal at next week s european indoor championships after a solid debut on the international circuit.  the 22-year-old scot finished fourth in the 60m hurdles at the jose m cagigal memorial meeting in madrid.  it was definitely a learning curve and i certainly haven t ruled out challenging for a medal next week   said the east kilbride athlete. the race was won by felipe vivancos  who equalled the spanish record.  sweden s robert kronberg was second  with haiti s dudley dorival in third. scott was slightly disappointed with his run in the final. he won his heat in 7.64secs but ran 0.04secs slower in his first iaaf indoor grand prix circuit final.  i should have done better than that   he said.  i felt i could have won it. i got a poor start - but i still felt i should have ran faster.  vivancos slashed his personal best to equal the spanish record with a time of 7.60secs while kronberg and dorival clocked 7.62secs and 7.63secs respectively.,disappointed scott in solid start allan scott is confident of winning a medal at next week s european indoor championships after a solid debut on the international circuit. the 22-year-old scot finished fourth in the 60m hurdles at the jose m cagigal memorial meeting in madrid. it was definitely a learning curve and i certainly haven t ruled out challenging for a medal next week said the east kilbride athlete. the race was won by felipe v,"ena, who wasnt on the podium but he was still in contention for silver. scott's father, coxswain christian scott, was there. the three-time world champion, who also competed at the 2010s, 2012s, and 2014s, was in the top 10. his dad, who died when he was eight, went to work for scott''s family. he had been diagnosed with cancer.

the other two-time Olympic champions:s","ena, who wasnt on the podium but he was still in contention for silver. scott's father, coxswain christian scott, was there. the three-time world champion, who also competed at the 2010s, 2012s, and 2014s, was in the top 10. his dad, who died when he was eight, went to work for scott''s family. he had been diagnosed with cancer.",0.0462116837052773,1.6827506742384124,"ena, who wasnt on the soapbox but he was still in contention for silver. scott's begetter, coxswain christian scott, was there. the three-clip creation champ, who also compete at the 2010s, 2012s, and 2014s, was in the top 10. his daddy, who expire when he was eight, move to work for scott''s home. he had been name with cancer.",0.31686212526223895
44,pandas benefit from wireless net the world s dwindling panda population is getting a helping hand from a wireless internet network.  the wolong nature reserve in the sichuan province of southwest china is home to 20% of the remaining 1 500 giant pandas in the world. a broadband and wireless network installed on the reserve has allowed staff to chronicle the pandas  daily activities. the data and images can be shared with colleagues around the world. the reserve conducts vital research on both panda breeding and bamboo ecology.  using the network  vets have been able to observe how infant pandas feed and suggest changes to improve the tiny cubs  chances of survival.   digital technology has transformed the way we communicate and share information inside wolong and with the rest of the world   said zhang hemin  director of the wolong nature reserve.  our researchers now have state-of-the-art digital technology to help foster the panda population and manage our precious surroundings.  the network has been developed by intel  working closely with the staff at wolong. it includes a 802.11b wireless network and a video monitoring system using five cameras to observe pandas around the clock.  before the new infrastructure arrived at the panda park  staff walked or drove to deliver floppy disks across the reserve. infant panda health was recorded on paper notebooks and research teams in the field had little access to the data. to foster cultural links across the globe  a children s learning lab has been incorporated in the network  in collaboration with globio (federation for global biodiversity education for children)  an international non-profit organisation. it will enable children at local primary schools to hook up with their peers in portland  oregon in the us.  digital technology brings this story to life by enabling a global dialogue to help bridge cultures around the world   said globio founder gerry ellis.,pandas benefit from wireless net the world s dwindling panda population is getting a helping hand from a wireless internet network. the wolong nature reserve in the sichuan province of southwest china is home to 20% of the remaining 1 500 giant pandas in the world. a broadband and wireless network installed on the reserve has allowed staff to chronicle the pandas daily activities. the data and images can be shared with colleagues around the world. the reserve conducts vital research on both p,"anda and pandas. pandas are thought to have had a long, important impact on human health. it is believed that pandas' genetic diversity was altered by genetic changes that led to their emergence. the panda genome, which contains more than 80% of all genetic material in thePandas' genomes, can be read using a single computerized-printer. this technology enables scientists, researchers and, for the first time, the general public to access the genome.the panda-","anda and pandas. pandas are thought to have had a long, important impact on human health. it is believed that pandas' genetic diversity was altered by genetic changes that led to their emergence. the panda genome, which contains more than 80% of all genetic material in thePandas' genomes, can be read using a single computerized-printer. this technology enables scientists, researchers and, for the first time, the general public to access the genome.",0.6576952657166102,-0.4061811972299616,"anda and pandas. pandas are thought to have had a long, important impact on human health. it is believe that pandas' genetic variety was alter by familial change that conduct to their growth. the panda genome, which contains more than 80% of all familial stuff in thePandas' genomes, can be read using a individual computerized-pressman. this engineering enable scientist, researcher and, for the first clip, the general public to access the genome.",-1.203858530857692
45,franz man seeks government help franz ferdinand frontman alex kapranos has called for more government help for musicians  while taking part in an edinburgh lectures discussion.   for any cultural output to thrive there needs to be some kind of state input to that as well   he said. but kapranos warned against musicians being too closely linked with mps  at the university of edinburgh event.  i think the role of musicians is to question politicians rather than to go to bed with them   he said.  kapranos joined the prestigious lecture series to discuss scotland s role in making 21st century music.  there are elements of our musical output which require sustenance because they aren t self-sufficient   he said.  but so-called commercial music would benefit from investment as well.  he warned musicians against being allied to a particular party  however.  i don t know if having tea with politicians is always a good idea.   kapranos and his glasgow four-piece band have been nominated for five prizes at next week s brit awards  including best group and best album. their self-titled debut album won last year s mercury music prize and spawned three top 20 singles. he told the 300-strong audience at the university s reid hall that musicians should listen to a wide range of music and should not be restricted by stereotypes.  we say  i like this . because i listen to nirvana and korn i am a troubled individual  i m riddled with angst because i listen to chopin and debussy  i listen to kylie minogue and scissor sisters because i m upbeat and i like to party  i listen to wagner because i like the smell of napalm in the morning.  kapranos said there was a general  hostility  towards classical music  adding:  there is very little done to break that hostility other than classic fm.   he concluded:  we define ourselves as a nation by the way we encourage our creativity.  fellow speaker and classical composer james macmillan agreed:  we need to rediscover our ability to listen.  previous speakers at the edinburgh lectures series have included former soviet leader mikhail gorbachev and author professor stephen hawking. kapranos described his appearance on wednesday as  more daunting by a long way  than their upcoming brits performance.  i don t really care about the brits   he said.  it s going to be great to go down but i have actually had to exercise part of my brain tonight.   i think the government should do more to help up-and-coming artists be discovered by scrapping the entertainment licences for live venues. also they should do more to help independent record labels have a louder voice within an industry dominated by commercialised major labels.  rather than expecting the government - i.e. the taxpayer - to fork out  why don t some of the megastars put something back in  some of britain s wealthiest people are musicians who have raked it in from albums  concerts etc. there are far more important demands on government funds.  if they can fund football  why not fund music   areas of the arts are funded by government and lottery grants  so why not music  we already have the opera receiving huge grants and it would clearly be beneficial for diversity in music to have the same opportunities in other areas of the music. the only problem would be how to judge what merits state cash.  the government has enough problems funding schools and health services. if alex kapranos genuinely thinks a multi-billion pound industry should also have government funding then his own education was seriously lacking and more money should be put into that.  as a scot living in england  i appreciate the value of scottish music and culture being a success  so i can see no problem with it! franz ferdinand  travis and snow patrol are just recent examples of the success scottish music can have in the world  so we should do what we scots are good at and support our own goods!  i think the issue is more fundamental: should the government be spending money on subsidising a multi-million pound industry when health and education are in such a sorry state  the answer is most definitely no. those people who are lucky enough to pursue their passion to get their pay cheque shouldn t be looking for government subsidies. i know that if i was lucky enough to be able to pursue my dream of show jumping i would want to finance myself until i was in a position to pursue corporate sponsorship.  yes the government should fund music - it brings joy to the masses.  there are already thousands of state-funded musicians out there sitting around  twiddling their thumbs on the  new deal . getting the government even more involved would only waste money that could be put to better use.  as long as the government was funding real talent it would be a great move. i would hate to see more pop idol-type funding of music though  as it would only serve to reinforce the stereotypes that alex talked about.  only if the proposals make financial sense. franz ferdinand must be paying serious amounts of tax on their record sales - if they d had a government grant to get started they d have more than paid it back by now  so the treasury would be making far more than it paid out. however  the government has better things to spend its money on than to give charity to everyone who decides they re a musician. the government shouldn t  fund  music - it should  invest  in music and those investments should be treated like any other investment.  i think the government needs to provide facilities and for young groups and bands to form and practise. the equipment is not cheap and can be well beyond the means of many people. however  i do feel this should be the extent of their role  to provide the conditions for the talent to flourish and let it go from there.  i do agree that the government should help to fund music but there is also a responsibility held by record companies! they generally always opt for the tried and tested and tend not to want to break any moulds or risk losing any money which ultimately  the directors are in the business for! if labels were more willing to put money forward towards smaller breakthrough acts then the government wouldn t have to fork out a great deal.  yeah  why not  music should be government funded  particularly the work of modern composers and veteran bands/artists and stuff. pop music pretty much rules the earth  so more attention should go to the other fraternities  i agree with funding the arts to make it more accessible to the public but i am not convinced that pop music requires financial support from the taxpayer. there is a great deal of money generated through pop music - perhaps a tax on pop could be ploughed into the public performance of other forms of music for everyone to enjoy. perhaps we could financially penalise really bad pop idol-style music - that is  the music industry sector without any artistic merit or originality whatsoever and that which is specifically designed to line the pockets of music producers. call it a tax on music  pollution   if you like.  though i really like franz ferdinand  i have to disagree with mr kapranos. once government gets their hand into the private sector  it will destroy the creative and possibly controversial avenues the artist pursues. many years ago  this was the case with the us nea  when the government started to question what was considered art for the money they were allotting. the solution mr kapranos should pursue would be privately-funded organizations  like save the music in the us.,franz man seeks government help franz ferdinand frontman alex kapranos has called for more government help for musicians while taking part in an edinburgh lectures discussion. for any cultural output to thrive there needs to be some kind of state input to that as well he said. but kapranos warned against musicians being too closely linked with mps at the university of edinburgh event. i think the role of musicians is to question politicians rather than to go to bed with them he," added. in the past few weeks franzman, who has been involved in the music scene in franzferland for years. has spoken out about his experiences with the mps and, in a recent interview, shared his views. he says: ""i don't think it's right for the people in power to be so secretive about their finances"" he said this. and, over the last two-and-a-half years, he has taken part in the Edinburgh Music Festival","added. in the past few weeks franzman, who has been involved in the music scene in franzferland for years. has spoken out about his experiences with the mps and, in a recent interview, shared his views. he says: ""i don't think it's right for the people in power to be so secretive about their finances"" he said this.",0.8530906668434257,-1.0497813183356477,"add. in the past few weeks franzman, who has been involve in the music scene in franzferland for years. has verbalize out about his experience with the mps and, in a recent interview, share his position. he say: ""i don't think it's right for the people in powerfulness to be so closelipped about their funds"" he state this.",-1.6996731711975948
46,jamieson issues warning to bigots scotland s justice minister has warned bigoted soccer fans that she wants to hit them  where it hurts most  by banning them from matches.  cathy jamieson said exclusion orders are one of a series of measures being considered in the scottish executive campaign against sectarianism. she praised celtic and rangers for their work in tackling the problem. however  the minister said stopping sectarian abuse associated with old firm matches is a key objective. ms jamieson was speaking ahead of the third round scottish cup clash between the glasgow clubs at parkhead on sunday. the sectarianism long associated with sections of the support from both clubs has become a significant target for the executive. last week ms jamieson and first minister jack mcconnell met supporters  representatives from both clubs to discuss the issue.  they plan to hold an anti-sectarian summit next month with officials from the clubs  church leaders  senior police officers and local authority chiefs among those to be invited. speaking on bbc radio scotland s sunday live programme  ms jamieson described friday s meeting as  very productive  and said putting the squeeze on the bigots would be a key aim. ms jamieson stressed that sectarianism has not been confined to football but it can act as a  trigger  for tensions and violence. clubs have taken action in the past to ban troublesome fans and supporters  groups expressed their desire to ensure that the game is no longer tainted by the problem.  ms jamieson said the executive should have a role in tackling the soccer troublemakers. she said:  we can t get away from the fact that in some instances some of the religious hatred that some people try to associate with football boils over into violence.  that is the kind of thing we want to stop and that s the kind of thing supporters  groups are very clear they don t want to be part of either  and they will work with us to try and deal with that.   ms jamieson praised the police for their action and said:  the police do want to identify whether there are particular individuals who are going over the top and inciting hatred or violence - they will crack down very effectively on them.  we have of course already indicated that we will consider the introduction of banning orders to give additional powers to where there are people who are going over the top  who have made inappropriate behaviour at football matches  to be able to stop them attending the games.  that s the kind of thing that will hit those kind of people where it hurts the most in not allowing them to attend the games   she said. praising celtic and rangers for their efforts  she said:  i don t think there is any doubt that we have seen some positive moves from the clubs.  both rangers and celtic football clubs have been involved in working with the executive to produce  for example  an educational pack for young people.,jamieson issues warning to bigots scotland s justice minister has warned bigoted soccer fans that she wants to hit them where it hurts most by banning them from matches. cathy jamieson said exclusion orders are one of a series of measures being considered in the scottish executive campaign against sectarianism. she praised celtic and rangers for their work in tackling the problem. however the minister said stopping sectarian abuse associated with old firm matches is a key objective. ms jamies,"ons: 'We have seen our footballers getting kicked'
Ahead of tonight's Scottish Cup semi-final, the minister told BBC Scotland: ""I want you to know I want to see your footballers get kicked. I don't want to be a supporter of sectarianism, but I do want to make sure we can stop it from happening. ""The issue, and it's why I'm urging the Scottish government to take action."" She added: ""As part of my publicised","ons: 'We have seen our footballers getting kicked' Ahead of tonight's Scottish Cup semi-final, the minister told BBC Scotland: ""I want you to know I want to see your footballers get kicked. I don't want to be a supporter of sectarianism, but I do want to make sure we can stop it from happening. ""The issue, and it's why I'm urging the Scottish government to take action.",0.807955875263074,-0.8703882797784892,"ons: 'We have see our footballer getting kick' Ahead of tonight's Scottish Cup semi-last, the curate tell BBC Scotland: ""I desire you to cognize I desire to see your footballer get kick. I don't desire to be a friend of denominationalism, but I do desire to make certain we can halt it from pass. ""The issue, and it's why I'm exhort the Scottish authorities to take action.",-1.4236642593573978
47,campaign  cold calls  questioned labour and the conservatives are still telephoning the millions of people who have signed up to make sure they do not get marketing  cold calls .  the parties say they can stick to the rules by ensuring that their calls are not marketing - for instance by asking about people s voting intentions. the lib dems are asking the watchdog overseeing the rules to stop the calls. the information commissioner s office says surveys are allowed but people had to be told if personal data was kept. telephone call centres are expected to be used as never before by all the three major parties in the run-up to the general election.  but seven million telephone numbers are on the telephone preference service (tps) lists  which ban unsolicited sales and marketing calls. both schemes are run by the direct marketing association and backed by eu directives on privacy and electronic communications.  the rules on marketing calls apply as much to politicians as to private sector companies. but that does not mean labour and the tories are not calling people signed up to the tps. a labour party spokesman told the bbc news website the party avoided those on tps lists when telephoning people about membership or fundraising. but that did not happen for  voter identification  calls.  when we ask which party they will vote for  that is not marketing and we have very clear legal advice that it is not   he said.  so it is not covered by the telephone preference service.   he said the party always asked people if they would be happy to be contacted again and if they said no  they were not rung again. a conservative spokeswoman said the party stuck to the rules when it rang tps subscribers. she said:  we do apply tps but in line with the law. we would not do things that are not allowed in the law.  assistant information commissioner phil jones said it was classed as marketing if political parties telephoned people to encourage them to vote for them. but  classic market research   such as a poll of voter intentions  did not constitute direct marketing  he said.  if a party is calling someone who is registered on tps and records their voting intention with a view to using this information in the future  this should be clear to the voter concerned   said mr jones.  if a party rings a person who is registered on tps to ask about their voting intention and goes on to encourage that voter to support them  the party may well be in breach of the regulations.  in summary  whether a party calling tps registered voters to check their voting intentions will breach regulations will depend on the script used and whether the script is followed.  mr jones said the watchdog received  very few complaints  on the issue.  earlier  lib dem chairman matthew taylor wrote to the watchdog saying:  the advice we have received on several previous occasions is that such phone calls are illegal.  he says evidence from local lib dem parties around the country suggests there are  significant  numbers of such calls.  i hope you can therefore take swift and efficient action to ensure that this ceases   he tells the commissioner. mr taylor argues there should be new guidelines so all parties can act in the same way if the watchdog believes the rules allow parties to ring tps numbers about voting intentions and later urge those people to vote for them.,campaign cold calls questioned labour and the conservatives are still telephoning the millions of people who have signed up to make sure they do not get marketing cold calls. the parties say they can stick to the rules by ensuring that their calls are not marketing - for instance by asking about people s voting intentions. the lib dems are asking the watchdog overseeing the rules to stop the calls. the information commissioner s office says surveys are allowed but people had to be told if personal data was kept. telephone call centres," are only allowed to have one-way, one-time or multiple calls.the parties say: there is no provision for a single operator.people have to be asked to sign-up for a free-to-use form.people will be given a list of their preferred operators.people can choose from a number of options:the party's own.the party says:the number of operators varies.people are asked to:sign-up to:callout@homecentre.org","are only allowed to have one-way, one-time or multiple calls.the parties say: there is no provision for a single operator.people have to be asked to sign-up for a free-to-use form.people will be given a list of their preferred operators.people can choose from a number of options:the party's own.the party says:the number of operators varies.people are asked to:sign-up to:callout@homecentre.",0.0045117194090401,2.6111648393354674,"are just let to have one-manner, one-clip or multiple calls.the party state: there is no provision for a individual operator.people have to be enquire to subscribe-up for a free-to-utilise form.people will be given a listing of their preferred operators.people can take from a figure of option:the party's own.the party say:the figure of operators varies.people are asked to:sign-up to:callout@homecentre.",-0.30599503068105227
48,england children s tsar appointed the first children s commissioner for england has been appointed.  great ormond street hospital professor of child health  al aynsley-green  was chosen by the government and will start the 100 000-a-year job immediately. he will oversee a 2.5m annual budget and have the power to look into  any matter relating to the interests and well-being of children . prof aynsley-green has also been the national clinical director for children in the department of health. he promised to make sure that children s opinions  count .   i will be drawing on my experience of working with children and young people to help ensure that those with the power to improve children s lives do live up to their responsibilities.  i want all children and young people to know that they can approach me to discuss any matter that affects them  knowing that i will value their opinion.  education secretary ruth kelly said prof aynsley-green would  strengthen the voice of children and young people . prof aynsley-green was a lecturer at oxford university  trained at guy s hospital medical school  university of london; oriel college  oxford; and in switzerland. he is described as  a proud grandfather  of four. scotland  wales and northern ireland already have children s commissioners.,england children s tsar appointed the first children s commissioner for england has been appointed. great ormond street hospital professor of child health al aynsley-green was chosen by the government and will start the 100 000-a-year job immediately. he will oversee a 2.5m annual budget and have the power to look into any matter relating to the interests and well-being of children. prof aynsley-green has also been the national clinical director for children in," england. he is also responsible for:the management of all child welfare programmes in englands,including:the provision of child care services;the delivery of education-related services;andthe provisionofcouncils.the headteacher,thechiefteacherandtheboarderofchildrenshealthcare.he has also worked as thedirectorofthechildcareprogramme.thepreviouspostings.hehg.hehehe.thewelcomingothers.","england. he is also responsible for:the management of all child welfare programmes in englands,including:the provision of child care services;the delivery of education-related services;andthe provisionofcouncils.the headteacher,thechiefteacherandtheboarderofchildrenshealthcare.he has also worked as thedirectorofthechildcareprogramme.thepreviouspostings.hehg.hehehe.thewelcomingothers.",5.284896280535672e-23,9.806374618837644,"england. he is too responsible for:the direction of all kid welfare programme in englands,including:the proviso of child care services;the delivery of education-associate services;andthe provisionofcouncils.the headteacher,thechiefteacherandtheboarderofchildrenshealthcare.he has also work as thedirectorofthechildcareprogramme.thepreviouspostings.hehg.hehehe.thewelcomingothers.",2.2393418708745694
49,stock market eyes japan recovery japanese shares have ended the year at their highest level since 13 july amidst hopes of an economic recovery during 2005.  the nikkei index of leading shares gained 7.6% during the year to close at 11 488.76 points. in 2005 it  will rise toward 13 000   predicted morgan stanley equity strategist naoki kamiyama. the optimism in the financial markets contrast sharply with pessimism in the japanese business community. earlier this month  the quarterly tankan survey of japanese manufacturers found that business confidence had weakened for the first time since march 2003.  slower economic growth  rising oil prices  a stronger yen and weaker exports were blamed for the fall in confidence. despite this  traders expect strength in the global economy to benefit japan  which has been close to sliding into recession in recent months. structural reform within japan and an anticipated end to the banking sector s bad debt problems should also help  they say.,stock market eyes japan recovery japanese shares have ended the year at their highest level since 13 july amidst hopes of an economic recovery during 2005. the nikkei index of leading shares gained 7.6% during the year to close at 11 488.76 points. in 2005 it will rise toward 13 000 predicted morgan stanley equity strategist naoki kamiyama. the optimism in the financial markets contrast sharply with pessimism in the japanese business community.," the stock-market, which has been trading at a low for the past two years, is now poised to rebound. the jpb-jakodana.com/index.asp?id=14087a&date=13/10/2020.
The views and opinions expressed herein are the views and opinion of the author and do not necessarily reflect those of Nasdaq, Inc.","the stock-market, which has been trading at a low for the past two years, is now poised to rebound. the jpb-jakodana.com/index.asp?id=14087a&date=13/10/2020. The views and opinions expressed herein are the views and opinion of the author and do not necessarily reflect those of Nasdaq, Inc.",0.0049116372537596,2.581988897471611,"the stock-marketplace, which has been merchandise at a depression for the past two years, is now poise to spring. the jpb-jakodana.com/index.asp?id=14087a&date=13/10/2020. The position and opinions expressed herein are the position and sentiment of the writer and do not needfully reflect those of Nasdaq, Inc.",1.4754506879290437
50,lewsey puzzle over disallowed try england s josh lewsey has claimed he was denied a late try in his side s six nations loss to ireland.  the wasps wing insisted he grounded the ball when he was bundled over the line and said referee jonathan kaplan had made a wrong decision.  i m positive i touched the ball down over the line   lewsey told bbc sport.  it certainly wasn t a turnover.  i was driven over and i put the ball on the ground. the whistle went and i let go of the ball.  lewsey added:  one of the irish players scooped it back after the whistle and to our surprise the referee then gave a turnover.  as far as i m concerned  that incident and mark cueto s effort from charlie hodgson s cross-field kick that led to what looked like a good try were the two key elements in the game.   cueto was also puzzled as to why his try had been disallowed by kaplan.  i don t think i could have been offside for  without a doubt  i was behind the ball   said the sale player.  the move was a planned technique  it was not off the cuff. we rehearse it time and time again.  i wouldn t say we were robbed  some decisions go with you and some go against you. today they went against us and that s tough at international level.,lewsey puzzle over disallowed try england s josh lewsey has claimed he was denied a late try in his side s six nations loss to ireland. the wasps wing insisted he grounded the ball when he was bundled over the line and said referee jonathan kaplan had made a wrong decision. i m positive i touched the ball down over the line lewsey told bbc sport. it certainly wasn t a turnover. i was driven over and i put the ball," out. i cannt believe i got away with that but i know what happened. lewsea: i was trying to make a play. i thought i was being held back, but i turned my head. it went over. i'm not sure why i wasn't called for. i am really sorry. i have no idea. but i've been a little frustrated this season.
Sergio Aguero is set to face Arsenal on Sunday after suffering an ankle injury.
The 22","out. i cannt believe i got away with that but i know what happened. lewsea: i was trying to make a play. i thought i was being held back, but i turned my head. it went over. i'm not sure why i wasn't called for. i am really sorry. i have no idea. but i've been a little frustrated this season. Sergio Aguero is set to face Arsenal on Sunday after suffering an ankle injury.",0.9788677337852512,-2.030905986149808,"out. i cannt believe i get away with that but i cognize what happen. lewsea: i was assay to make a drama. i believe i was being keep back, but i turned my caput. it move over. i'm not certain why i wasn't call for. i am genuinely regretful. i have no idea. but i've been a small disappointed this season. Sergio Aguero is pose to face Arsenal on Sunday after endure an ankle hurt.",-0.9847319278346618
51,strike threat over pension plans millions of public service workers could strike if ministers scrap their final salary pension scheme and make them work longer  warn union leaders.  the cabinet office has confirmed it is reviewing the current pension system  prompting unions representing 4.5m workers to threaten united action. they believe the plans include raising the mandatory retirement age for public service workers from 60 to 65. the government says unions will be consulted before any changes are made.  it is thought the proposed overhaul  due on thursday  could mean pensions could be based on a  career average  salary. for each year served  staff currently get one eightieth of their highest salary in the final three years. ministers will be anxious to avoid mass strike action in the lead-up to the next general election  which is widely expected next may. in a statement on sunday  the cabinet office said it was reviewing the civil service pension scheme  and hoped to announce proposals soon.  unions will of course be consulted about any proposed changes.  public sector pension schemes need to remain affordable and sustainable. people are living longer and pensions are getting more expensive.  to maintain the long-term affordability of our pension scheme  the government announced in its green paper on pensions that pension age would rise from 60 to 65.  on monday  tony blair s official spokesman declined to say whether the prime minister backed the plans. he said:  what s important is that there s a process going on  it s out for consultation at the moment  let s wait for that process to complete itself.   there is already widespread anger over the chancellor s plans to get rid of more than 100 000 civil servants. now public service unions are united against the plans and the trades union congress is discussing the issue next monday. dave prentis  general secretary of unison  said changes to pension provisions for workers in the public sector would mean they had to pay in more but would still face a raw deal.  members working in the nhs or for local government have never had high pay or city bonuses  but they could look forward to a decent pension - now all that is being taken away   he said.  what really riles me is the breathtaking hypocrisy of mps who recently voted themselves the best pension scheme in europe  but say they can t afford it for anyone else.  this is a position that unison cannot accept and will oppose. it will lead to conflict between unison and the government  if not this year then next.   mr prentis said workers did not want to go on strike and called for talks between unions and the highest level of government. mark serwotka  from the public and commercial services union said there should be a co-ordinated one day strike unless there was a government rethink. the fire brigades union said the government was planning to cut ill health retirement benefits for firefighters and other measures to chip away at pensions. pensions officer paul woolstenholmes said:  the pensions of millions of public sector workers are under threat - apart from mps and judges who have the most generous pensions arrangements in the country.,strike threat over pension plans millions of public service workers could strike if ministers scrap their final salary pension scheme and make them work longer warn union leaders. the cabinet office has confirmed it is reviewing the current pension system prompting unions representing 4.5m workers to threaten united action. they believe the plans include raising the mandatory retirement age for public service workers from 60 to 65. the government says unions will be consulted before any changes are made. it is thought the proposed overhaul due on thursday could mean pensions could," be reduced by up to 50m a year.
The unionised Public Service Workers' Association (PSWAA) has threatened to take action against the government. The union, which represents around 40% of the workforce, says: ""We have called on the Government to take urgent action. This includes extending the mandatory pension, and reducing the number of hours, hours, and days of work. ""We are also calling on the Prime Minister to reconsider his decision."" The PSWAA said","be reduced by up to 50m a year. The unionised Public Service Workers' Association (PSWAA) has threatened to take action against the government. The union, which represents around 40% of the workforce, says: ""We have called on the Government to take urgent action. This includes extending the mandatory pension, and reducing the number of hours, hours, and days of work. ""We are also calling on the Prime Minister to reconsider his decision.",0.73835582764413,-0.6382847385042254,"be trim by up to 50m a twelvemonth. The unionised Public Service Workers' Association (PSWAA) has peril to take action against the authorities. The brotherhood, which represents around 40% of the hands, say: ""We have call on the Government to take pressing action. This includes broaden the required pension, and cut the figure of hours, hours, and days of work. ""We are too call on the Prime Minister to reconsider his conclusion.",-0.9284766908852594
52,standard life cuts policy bonuses standard life  europe s largest mutual life insurer  has cut bonuses for with-profit policyholders.  annual bonus rates on its with-profits life policies were cut from 2.5% to 2%  while bonuses on pension policies were reduced from 3.25% to 2.5%. it is the sixth time in three years standard life has made cuts to bonus rates  despite an 8.7% rise in the value of the with-profits fund in 2004. the insurer blamed the cuts on poor share returns and low interest rates.  with-profits policies are designed to smooth out the peaks and troughs of stock market volatility. profits made in good years are kept in reserve to pay investors an annual bonus even when the stock market performs badly. slumping share prices throughout 2001 and 2002 forced most firms to trim bonus rates on their policies. standard life came in for criticism for sticking with stock market investments during 2001 and 2002. the insurer argued that shares outperformed other investments over the long term and that policyholders would feel the benefit when the stock market recovered. recently  norwich union and axa sun life both cut their with-profit bonus rates.  john gill  managing director of the insurer s life and pensions division  said that a strong stock market recovery in the past two years had only  partly compensated for losses during 2001 and 2002 . in addition  low interest rates meant that  long-term investment returns are well below historic levels   mr gill added. however  mr gill maintained that with-profits continued to perform well over the long term.  our payouts continue to stand up well against other types of long-term investments over similar periods   he said. standard life has an estimated 2.4 million with-profits policyholders. last year  the company announced that it was looking to float on the stock market in 2006.,standard life cuts policy bonuses standard life europe s largest mutual life insurer has cut bonuses for with-profit policyholders. annual bonus rates on its with-profits life policies were cut from 2.5% to 2% while bonuses on pension policies were reduced from 3.25% to 2.5%. it is the sixth time in three years standard life has made cuts to bonus rates despite an 8.7% rise in the value of the with-profits fund in 2004. the insurer blamed the," reduction in bonus rates as a result of ""the large number of high-profile, low-volume"" losses by pensioners. the company said that its-profit-policyholders had been ""completely unaffected"" by the reductions.
The insurer said: ""We continue to take an aggressive, long-term approach to managing our risk-taking and the impact of these actions is evident.
""It is important for us to be mindful of the impact on our customers' financials, including our","reduction in bonus rates as a result of ""the large number of high-profile, low-volume"" losses by pensioners. the company said that its-profit-policyholders had been ""completely unaffected"" by the reductions. The insurer said: ""We continue to take an aggressive, long-term approach to managing our risk-taking and the impact of these actions is evident.",0.4768640048788747,0.0580258853185659,"diminution in fillip rates as a result of ""the big figure of high-profile, low-volume"" losings by pensioner. the company state that its-profit-policyholders had been ""completely unaffected"" by the reductions. The underwriter state: ""We keep to take an aggressive, long-term attack to managing our peril-pickings and the impact of these actions is evident.",-0.8926073982886735
53,pernod takeover talk lifts domecq shares in uk drinks and food firm allied domecq have risen on speculation that it could be the target of a takeover by france s pernod ricard.  reports in the wall street journal and the financial times suggested that the french spirits firm is considering a bid  but has yet to contact its target. allied domecq shares in london rose 4% by 1200 gmt  while pernod shares in paris slipped 1.2%. pernod said it was seeking acquisitions but refused to comment on specifics.  pernod s last major purchase was a third of us giant seagram in 2000  the move which propelled it into the global top three of drinks firms. the other two-thirds of seagram was bought by market leader diageo. in terms of market value  pernod - at 7.5bn euros ($9.7bn) - is about 9% smaller than allied domecq  which has a capitalisation of 5.7bn ($10.7bn; 8.2bn euros). last year pernod tried to buy glenmorangie  one of scotland s premier whisky firms  but lost out to luxury goods firm lvmh. pernod is home to brands including chivas regal scotch whisky  havana club rum and jacob s creek wine. allied domecq s big names include malibu rum  courvoisier brandy  stolichnaya vodka and ballantine s whisky - as well as snack food chains such as dunkin  donuts and baskin-robbins ice cream. the wsj said that the two were ripe for consolidation  having each dealt with problematic parts of their portfolio. pernod has reduced the debt it took on to fund the seagram purchase to just 1.8bn euros  while allied has improved the performance of its fast-food chains.,pernod takeover talk lifts domecq shares in uk drinks and food firm allied domecq have risen on speculation that it could be the target of a takeover by france s pernod ricard. reports in the wall street journal and the financial times suggested that the french spirits firm is considering a bid but has yet to contact its target. allied domecq shares in london rose 4% by 1200 gmt while pernod shares in paris slipped 1.2%.,"
The views and opinions expressed herein are the views andviews of the author and do not necessarily reflect those of Nasdaq, Inc.","The views and opinions expressed herein are the views andviews of the author and do not necessarily reflect those of Nasdaq, Inc.",0.8712410088754685,-1.1322770341445956,"The views and view show herein are the position andviews of the writer and do not needfully reflect those of Nasdaq, Inc.",0.22645540682891913
54,rovers reject third ferguson bid blackburn have rejected a third bid from rangers for scotland captain barry ferguson  bbc sport has learnt.  it is thought blackburn want 6m for the midfielder but chief executive john williams has confirmed the club are still  in dialogue  with rangers. the 26-year-old has already handed in a transfer request at ewood park as he seeks a return to ibrox. but the clubs have been unable to reach agreement over a fee for ferguson  who moved to lancashire in 2003 for 6.5m. on thursday rangers said they would not be increasing their offer of 4m.  blackburn have said all along that they want 6m for the midfielder and williams has rejected proposals from rangers over a player-swap deal. williams said:  we are in dialogue with glasgow rangers but we have no agreement.  the negotiations will have to be concluded by midnight on monday  when the winter transfer window shuts. williams conceded any deal for ferguson was looking  unlikely  before the close of the transfer window but rangers still had a chance to seal the deal.  we have no comment to make other than we have not got an agreement with glasgow rangers   he added.  the way things are looking  i think it is unlikely we are going to.  the ball is in their court but we have not got an offer that is acceptable at this moment.  it is understood that blackburn accepted a 5m offer for ferguson from everton at the weekend. but the player is determined to return to scotland and rejected a move to goodison park. ferguson did not play in the fa cup win over colchester on saturday despite recovering from a groin injury with rovers boss mark hughes claiming it had been an  emotional and difficult time  for the player.,rovers reject third ferguson bid blackburn have rejected a third bid from rangers for scotland captain barry ferguson bbc sport has learnt. it is thought blackburn want 6m for the midfielder but chief executive john williams has confirmed the club are still in dialogue with rangers. the 26-year-old has already handed in a transfer request at ewood park as he seeks a return to ibrox. but the clubs have been unable to reach agreement over a fee for," ferguson. the deal has now been postponed until the end of the summer.
The latest:
Ranger: Barry, Ferguson: Ferguson: Blackburn: Blackford: Barreiro: Fergie: Ferguson
The race between the clubs' bids for the Scotland internationals, which was set to be completed on June 22nd and 24th, has continued to grow. Rangers' offer for the player-coach-inventor of the iconic Scotland shirt-s","ferguson. the deal has now been postponed until the end of the summer. The latest: Ranger: Barry, Ferguson: Ferguson: Blackburn: Blackford: Barreiro: Fergie: Ferguson The race between the clubs' bids for the Scotland internationals, which was set to be completed on June 22nd and 24th, has continued to grow.",0.0092110627270495,2.3570226039551585,"ferguson. the trade has now been remit until the end of the summer. The latest: Ranger: Barry, Ferguson: Ferguson: Blackburn: Blackford: Barreiro: Fergie: Ferguson The race between the nine' bidding for the Scotland international, which was pose to be complete on June 22nd and 24th, has proceed to turn.",-1.632993161855452
55,vouchers  to cut winter deaths  pensioners are being promised energy savings by the liberal democrats  as snow and cold temperatures continue.  the party says the plans could save the average pensioner 100 every year and cut winter deaths. the government gives 200 for winter fuel to households with people over 60  or 300 where people are over 80. the tories promise to keep the payments. the lib dems would allow people to swap these winter fuel payments for discounts on home insulation. shadow local government secretary ed davey said:  the current scheme has helped some older people  but this new liberal democrat approach will go much further to end the scandal of tens of thousands of old people dying from the winter cold every year.  the vouchers are designed to let pensioners choose from a list of approved energy supplies who would compete for business by offering discounts on home insulation schemes. the plan would boost energy conservation  says the party - and insulation could save 100 every year for pensioner households  so using the money more  intelligently  than at present.,vouchers to cut winter deaths pensioners are being promised energy savings by the liberal democrats as snow and cold temperatures continue. the party says the plans could save the average pensioner 100 every year and cut winter deaths. the government gives 200 for winter fuel to households with people over 60 or 300 where people are over 80. the tories promise to keep the payments. the lib dems would allow people to swap these winter fuel payments for discounts on home insulation. shadow local government secretary ed d,"avies says: ""the government has taken a big step forward, but it is still too early to say"" what will be the impact. the bill would cut the average annual winter fuel payment by 13.50 a week for those who have no savings in their pension. the plan also changes the age of the pensioner to 65. the chancellor has said he will give 1m people extra money if they do not have savings. the pensions minister says: its not","avies says: ""the government has taken a big step forward, but it is still too early to say"" what will be the impact. the bill would cut the average annual winter fuel payment by 13.50 a week for those who have no savings in their pension. the plan also changes the age of the pensioner to 65. the chancellor has said he will give 1m people extra money if they do not have savings.",0.9639750317669002,-1.7988024448755444,"avies say: ""the government has take a big measure frontwards, but it is still too early to state"" what will be the impact. the measure would cut the average annual winter fuel payment by 13.50 a hebdomad for those who have no savings in their pension. the program too alter the age of the pensionary to 65. the chancellor has said he will give 1m people superfluous money if they do not have savings.",-0.30599503068105227
56,ukraine trims privatisation check ukraine is to review  dozens  of state asset sales as the country s new administration tackles corruption.  the figure announced by president viktor yushchenko is less than the 3 000 cases mentioned last week  but will cover many of the biggest deals. ukraine recently ousted long-serving leader leonid kuchma and has said it wants closer european union links. in a separate statement  the eu said that the us should back ukraine s entry into the world trade organisation. the comments came as viktor yushchenko prepared to head to brussels to meet with us president george w bush and other north atlantic treaty organisation (nato) leaders. he is the only non-nato member leader invited to attend the summit.  mr yushchenko recently defeated moscow-backed presidential candidate and prime minister viktor yanukovych at the polls  and has made no secret of his wish to fight corruption and make ukraine more transparent.  earlier this month  new prime minister yulia tymoshenko said as many as 3 000 firms may have their privatisations put under the spotlight. her comments raised concerns among a number of investors and mr yushchenko was seen on monday as trying to soothe their frayed nerves.  we acknowledge that business in ukraine is now shaped and 98% of privatisations were carried out according to the law   mr yushchenko said on monday.  we have trust in this business and want to defend it by law   he continued  adding that any review would focus on  dozens of companies  not hundreds or thousands . he cited last year s sale of ukrainian steel producer krivorizhstal as one that had raised concerns. it was sold in june 2004 to a consortium that included viktor pinchuk  son-in-law of former-president kuchma  and rinat akhmetov  the country s richest man  for $800m (424m) - despite other higher offers.  vice-prime minister oleg rybachuk called on the eu to recognise the steps that ukraine was taking  fearing that should the country not be rewarded for its efforts there may be a backlash against closer relations with brussels. he said that while he understood that ukraine was not ready for eu membership  the country needed to see progress on topics such as trade and visa requirements.  we deserve an honest response   mr rybachuk told the associated press in an interview.  we understand the difficulties. we refuse to understand double standards.  ukraine may find it has a sympathetic ear in brussels  the eu has reiterated that we support (ukraine s) fast accession to the wto and if possible we would like that to happen some time during the year   said claude veron-reville  a spokesman for eu trade commissioner peter mandelson.  we have said as much to the americans. we feel that it is important for us all to pull together for ukraine to be allowed into the wto. mr yushchenko was careful not to turn his back on russia  which borders the country to the east  saying it was important to maintain  pragmatic  ties with moscow.  russia is ukraine s eternal strategic partner   mr yushchenko said.,ukraine trims privatisation check ukraine is to review dozens of state asset sales as the country s new administration tackles corruption. the figure announced by president viktor yushchenko is less than the 3 000 cases mentioned last week but will cover many of the biggest deals. ukraine recently ousted long-serving leader leonid kuchma and has said it wants closer european union links. in a separate statement the eu said that the us should back ukraine," in its fight against corruption. in the past, ukrainia has been seen as a safe haven for foreign-investors. the europeans have been demanding that the government of ukroonsongereaieffyteckwesen.com/s/b/e7f35dba9c8e7c2ebb9e7e9a33b4a34ac1f69e20/s_b/a7","in its fight against corruption. in the past, ukrainia has been seen as a safe haven for foreign-investors. the europeans have been demanding that the government of ukroonsongereaieffyteckwesen.",6.232436491491445e-23,9.789713375401172,"in its battle against corruption. in the yesteryear, ukrainia has been see as a safe oasis for foreign-investor. the europeans have been demanding that the authorities of ukroonsongereaieffyteckwesen.",-1.4142135623730951
57,henson stakes early lions claim the six nations may be a glittering prize in itself but every player from the four home unions will also have one eye on a possible trip to new zealand with the lions this summer.  the player who staked the biggest claim for a place in the starting xv over the weekend was gavin henson. he s very confident. you just had to listen to his interview afterwards - he beamed with confidence - but although there s an element of arrogance it s good arrogance. he certainly showed some nice touches. he once showed a clean pair of heels to mathew tait when he got outside him  his defence was very good and he made some great kicks out of hand. and that s without even mentioning his majestic match-winning penalty. but i think we need to wait and see what happens because he needs to be put to the test. he needs to come up against brian o driscoll or a big french midfield. wales fly-half stephen jones was another player who impressed me. he gave good direction  he was very confident and he was a nice general for his side. he showed he can control a game. with jonny wilkinson not playing at the moment due to inury the number 10 shirt could be up for grabs and jones  or maybe even henson  could make the lions team at fly-half.  jones stuck his hand up and he certainly looks a better bet than charlie hodgson after saturday s game. some of the wales forwards surprised me because i thought they would be out-muscled in the tight five. england prop julian white is a capable player but when it comes down to selection gethin jenkins is now going to have the upper hand because he came out on top. however  i still think white and phil vickery will be in the frame. some english players did their cause no harm. i thought joe worsley had a solid game and jason robinson and josh lewsey both did nothing wrong. but it looked too soon for young mathew tait and i think it will be a while before we see him again. despite being written off beforehand several scots caught my eye against france.  tom smith has been there and done it before  but the likes of chris cusiter  jason white and ally hogg all made their mark. hogg made a couple of good runs while white had a pretty robust game - his defence is right up there. cusiter looked very lively and he could be a very good option for lions coach sir clive woodward. the star of ireland s win over italy in rome looks like a certainty to make the starting xv against new zealand. brian o driscoll is a class act. he ran some good lines against italy  made the breaks and fed his outside backs  although italy defended man on man which made it easy for him. gordon d arcy was unlucky to go off injured early on but i think you could get a henson  d arcy  o driscoll combination in the lions midfield. paul o connell just needs to add a hard edge to his game and malcolm o kelly keeps on going and seems to be putting his hand up  while shane byrne seems to be a lively character. but they will be a bit worried after the italian pack drove them off their own ball on sunday  although i used to play in italy and i know how difficult it can be. one player who didn t impress me was wales scrum-half dwayne peel. he choked late on in the second half when wales were trailing. they had good possession and he kicked the ball away - i wouldn t want him as my lions scrum-half after that.,henson stakes early lions claim the six nations may be a glittering prize in itself but every player from the four home unions will also have one eye on a possible trip to new zealand with the lions this summer. the player who staked the biggest claim for a place in the starting xv over the weekend was gavin henson. he s very confident. you just had to listen to his interview afterwards - he beamed with confidence - but although there s an element of arrogance it s," not.henson: 'It's good, I love it! I think we can get a bit more involved with the game.'the.james-harris-muscleman-sack-on-david-bauer-initiative.mp3Thesusan-diaz-tiguizi.mp4SarawakCatchup:SasawakLions:SampongMasters:BoltonJobsRug","not.henson: 'It's good, I love it! I think we can get a bit more involved with the game.'the.james-harris-muscleman-sack-on-david-bauer-initiative.mp3Thesusan-diaz-tiguizi.",1.1740649460235499e-36,12.59161711412881,"not.henson: 'It's good, I love it! I conceive we can acquire a spot more involved with the game.'the.james-harris-muscle-sack-on-david-bauer-initiative.mp3Thesusan-dias-tiguizi.",2.0455022859899348
58,scotland v italy (sat) murrayfield  edinburgh  saturday  26 february  1400 gmt  bbc1  five live and this website  victory for the azzurri in rome last year saw scotland end their campaign without a victory. and the pressure is on scotland coach matt williams as he seeks a first six nations victory at the eighth attempt. italy have lost both their opening games at home to ireland and wales  but travel to edinburgh with high hopes.  their coach john kirwan has warned his side they must eradicate the errors that blighted their loss to wales however or risk suffering a third successive defeat.  if the defeat against wales has taught us anything  it s that at this level we can t make any mistakes   kirwan said.  in the six nations  every error you make will come at a high price.  we have to be aggressive for 80 minutes  keep calm in every situation and display great maturity on the pitch.   it will be fundamental to keep cool in the difficult moments - in the key situations of the game.  kirwan has recalled the experienced cristian stoica at centre and drafted in david dal maso at open-side after star flanker mauro bergamasco was ruled out for the rest of the tournament. scotland have also made two changes  simon webster replacing simon danielli on the wing and simon taylor returning for his first test in a year  for injured flanker jason white. taylor s recovery from a serious knee injury is a major boost to scottish hopes.  he is one of the world-class players in the tournament and you want them in your team   acknowledged williams.  despite a record of only two victories from 14 tests  williams insists he is revelling in the pressure.  i actually really enjoy seeing how you cope with such pressure as a coach   he said  optimistic despite opening defeats to france and ireland.  we were confident for those two first games and we are confident we can beat italy too   he added.  : c paterson; s webster  a craig  h southwell  s lamont; d parks  c cusiter; t smith  g bulloch (capt)  g kerr; s grimes  s murray; s taylor  j petrie  a hogg.  r russell  b douglas  n hines  j dunbar  m blair  g ross  b hinshelwood.  r de marigny; mirco bergamasco  c stoica  a masi  l nitoglia; l orquera  a troncon; a lo cicero  f ongaro  m castrogiovanni; s dellape  m bortolami (capt); a persico  d dal maso  s parisse.  g intoppa  s perugini  ca del fava  s orlando  p griffen  r pedrazzi  kp robertson.,scotland v italy (sat) murrayfield edinburgh saturday 26 february 1400 gmt bbc1 five live and this website victory for the azzurri in rome last year saw scotland end their campaign without a victory. and the pressure is on scotland coach matt williams as he seeks a first six nations victory at the eighth attempt. italy have lost both their opening games at home to ireland and wales but travel to ed,"inburgh.scotlands,scottland vitallon-nigeria,scottysport-coach-matt-williams-france,scotsport-manager-james-halden-andrew-andron-wins-australia-tournament-night-in.scotsmen-league-final-winners-of-the-decade-with-the_tweeneries-at-","inburgh.scotlands,scottland vitallon-nigeria,scottysport-coach-matt-williams-france,scotsport-manager-james-halden-andrew-andron-wins-australia-tournament-night-in.",3.616872547453088e-56,15.746719775034716,"inburgh.scotlands,scottland vitallon-nigeria,scottysport-manager-flatness-williams-france,scotsport-manager-james-halden-andrew-andron-win-australia-tourney-nighttime-in.",0.8131433980500301
59,us regulator to rule on pain drug us food and drug regulators will decide on friday whether to recommend the sale of painkillers that have been linked to a high risk of heart attack and stroke.  the food and drug administration (fda) advisory panel will give its verdict after hearing evidence for three days. the painkillers - called cox-2 inhibitors - are sold under brand names such as celebrex and vioxx. vioxx was withdrawn from shops last year but merck said it would consider selling it if it gets fda approval. the fda has been asked to decide if the benefits to patients justify the increased risks.  putting vioxx back on the shelves is likely to boost profits at merck and make easier any legal battles with people who claim to have been injured by the drug  analysts said.  merck voluntarily stopped sales of vioxx on 30 september  a move which caused the firm s fourth-quarter earnings to slide to $1.1bn (581m)  from $1.4bn a year earlier. merck s shares tumbled more than 10% on the news and the company has had to set aside millions of dollars to cover the cost of vioxx-related litigation. alarm bells were rung by a research note called approve which showed that the risk of heart attack and stroke doubled in patients who had been taking the drug for at least 18 months. the cox-2 inhibitors were developed by drug companies  including merck and pfizer  because they cause users fewer stomach problems than other painkillers.  pfizer is still selling its celebrex and bextra products  though investigations have suggested that they may also be harmful to the heart. merck s announcement of a possible reintroduction of vioxx caught analysts by surprise. merck s head of research peter kim said that it withdrew vioxx  based on the information that was available to us at the time  knowing there were alternative therapies . he went on to say that things have since changed in the light of new reports.  given this new information  its is not clear that the cardiovascular risk observed in approve makes vioxx unique in the class of similar drugs marketed in the us   mr kim explained.  on thursday  david graham from the fda s office of drug safety told the advisory panel that  there really doesn t appear to be a need for cox-2  inhibitors. according to calculations presented to the us senate by dr graham in november  vioxx may be linked to as many as to 56 000 american deaths. facing stem criticism for its handling of the vioxx case  the fda said on tuesday that it will create an independent body to oversee the safety of drugs already in the market place. european regulators  meanwhile  ruled on thursday that patients who have had heart disease or a stroke should not take cox-2 inhibitors. the european medicines agency also said doctors should be  cautious  about giving the drugs to patients who have risk factors for heart disease.,us regulator to rule on pain drug us food and drug regulators will decide on friday whether to recommend the sale of painkillers that have been linked to a high risk of heart attack and stroke. the food and drug administration (fda) advisory panel will give its verdict after hearing evidence for three days. the painkillers - called cox-2 inhibitors - are sold under brand names such as celebrex and vioxx. vioxx was withdrawn from shops last year but merck said," in January it would continue to sell the drugs, which cause heart attacks, strokes and other serious cardiovascular conditions. cox is one of the most-used drugs in the US and, like cox, has been linked with a high level of risk. coX is a combination of a combinationof hydroxychloroquine, azithromycin and metformin. coaxisone, a generic version of azithromax, is also used. cozmethoxazole","in January it would continue to sell the drugs, which cause heart attacks, strokes and other serious cardiovascular conditions. cox is one of the most-used drugs in the US and, like cox, has been linked with a high level of risk. coX is a combination of a combinationof hydroxychloroquine, azithromycin and metformin. coaxisone, a generic version of azithromax, is also used.",0.1469093331565743,1.0497813183356477,"in January it would continue to sell the drug, which cause bosom attack, shot and other serious cardiovascular conditions. cox is one of the most-utilise drug in the US and, like cox, has been linked with a high level of peril. coX is a combination of a combinationof plaquenil, azithromycin and metformin. coaxisone, a generic version of azithromax, is too utilise.",0.24618298195866545
60,telegraph newspapers axe 90 jobs the daily and sunday telegraph newspapers are axing 90 journalist jobs - 17% of their editorial staff.  the telegraph group says the cuts are needed to fund an 150m investment in new printing facilities. journalists at the firm met on friday afternoon to discuss how to react to the surprise announcement. the cuts come against a background of fierce competition for readers and sluggish advertising revenues amid competition from online advertising. the national union of journalists has called on the management to recall the notice of redundancy by midday on monday or face a strike ballot.  pearson s financial times said last week it was offering voluntary redundancy to about 30 reporters.  the national union of journalists said it stood strongly behind the journalists and did not rule out a strike.  managers have torn up agreed procedures and kicked staff in the teeth by sacking people to pay for printing facilities   said jeremy dear  nuj general secretary. nuj official barry fitzpatrick said the company had ignored the 90-day consultation period required for companies planning more than 10 redundancies.  they have shown a complete disregard for the consultative rights of our members   said mr fitzpatrick  who added that the company now planned to observe the consultation procedures. the two telegraph titles currently employ 521 journalists.  some broadsheet newspapers - especially those which have not moved to a tabloid format - have suffered circulation declines  which are hitting revenues. the telegraph has announced no plans to go tabloid although both the independent and the times have seen circulation rise since shrinking in size.  the guardian is hedging its bets  planning a larger tabloid format like those popular in continental europe. the telegraph group was bought by the barclay twins - frederick and david - last year  having previously been owned by lord conrad black s hollinger international. the brothers are currently mulling the sale of another of their businesses  retailer littlewoods.  telegraph executive murdoch maclennan said the two newspapers would add eight colour pages in the coming months.   journalists are the lifeblood of any newspaper  and maintaining the quality of the daily telegraph and the sunday telegraph for our readers is vital   he said.  however  action to improve our production capability and secure our titles against the competition is also vital.  many newspapers are investing in new printing machinery that enables them to print more colour pages  or in some cases  have colour on every page. they are hoping that by boosting colour it will make their publications more attractive to advertisers and readers alike. in recent months news corp s news international unit  which publishes the sun and the news of the world  the guardian media group  trinity mirror and the daily mail & general trust have all announced substantial investments in new printing plants.,telegraph newspapers axe 90 jobs the daily and sunday telegraph newspapers are axing 90 journalist jobs - 17% of their editorial staff. the telegraph group says the cuts are needed to fund an 150m investment in new printing facilities. journalists at the firm met on friday afternoon to discuss how to react to the surprise announcement. the cuts come against a background of fierce competition for readers and sluggish advertising revenues amid competition from online advertising. the national union of journalists has called on the management to recall," some staff.the newspaper, which has around 200,000 subscribers and is one of the most-read papers in the country, said: ""We have to do what we can to protect our members' rights. ""The cuts mean that we have no choice but to cut our staff.""The union has warned that the company's decision will hurt its own finances as it faces pressure from regulators, who have already ordered the closure of the local offices.Ahead of the cuts, the Telegraph Group said","some staff.the newspaper, which has around 200,000 subscribers and is one of the most-read papers in the country, said: ""We have to do what we can to protect our members' rights. ""The cuts mean that we have no choice but to cut our staff.""The union has warned that the company's decision will hurt its own finances as it faces pressure from regulators, who have already ordered the closure of the local offices.",0.941407456400931,-1.5666989036012806,"some staff.the paper, which has around 200,000 endorser and is one of the most-read papers in the state, state: ""We have to do what we can to protect our member' right. ""The cuts mean that we have no choice but to cut our staff.""The brotherhood has warn that the company's conclusion will smart its ain funds as it face pressure from regulator, who have already say the closure of the local office.",0.6085806194501846
61,robinson wants dual code success england rugby union captain jason robinson has targeted dual code success over australia on saturday.  robinson  a former rugby league international before switching codes in 2000  leads england against australia at twickenham at 1430 gmt. and at 1815 gmt  great britain s rugby league team take on australia in the final of the tri-nations tournament.  beating the aussies in both games would be a massive achievement  especially for league   said robinson. england have the chance to seal their third autumn international victory after successive wins over canada and south africa  as well as gaining revenge for june s 51-15 hammering by the wallabies. meanwhile  great britain could end 34 years of failure against australia with victory at elland road. britain have won individual test matches  but have failed to secure any silverware or win the ashes (with a series victory) since 1970.   they have a great opportunity to land a trophy and it would be a massive boost for rugby league in this country if we won   said robinson.  i know the boys can do it - they ve defeated the aussies once already in the tri-nations.  but robinson was not losing sight of the task facing his england side in their final autumn international.  for us  we ve played two and won two this november   he said.  if we beat australia it would be the end to a great autumn series for england. if we stumble then we ll be looking back with a few regrets. robinson also revealed that the union side had sent the great britain team a good luck message ahead of the showdown in leeds.  we signed a card for them today and will write them an email on saturday wishing them all the best   said robinson.  everyone has signed the card - a lot of the guys watch league and we support them fully.  both games will be very tough and hopefully we ll both do well.,robinson wants dual code success england rugby union captain jason robinson has targeted dual code success over australia on saturday. robinson a former rugby league international before switching codes in 2000 leads england against australia at twickenham at 1430 gmt. and at 1815 gmt great britain s rugby league team take on australia in the final of the tri-nations tournament. beating the aussies in both games would be a massive achievement,", but robinson is targeting dual code successful, england v australian rugby union.

Rugby union: robinson takes lead in goal;solo-hitter-captain-australia-britain-vsw-warrior-sarriels-homecoming.com.au:robinson has scored five tries this season:jimmy.doune@bbc.co.ukRobinson scores six tries:jenn",", but robinson is targeting dual code successful, england v australian rugby union. Rugby union: robinson takes lead in goal;solo-hitter-captain-australia-britain-vsw-warrior-sarriels-homecoming.com.au:robinson has scored five tries this season:jimmy.doune@bbc.co.",5.128915995411068e-22,9.57427107756338,", but robinson is target dual codification successful, england v australian rugby union. Rugby brotherhood: robinson takes lead in goal;solo-batsman-captain-australia-britain-vsw-warrior-sarriels-homecoming.com.au:robinson has scored five essay this season:jimmy.doune@bbc.co.",0.3735436838188142
62,court rejects $280bn tobacco case a us government claim accusing the country s biggest tobacco companies of covering up the effects of smoking has been thrown out by an appeal court.  the demand for $280bn (155bn) - filed by the clinton administration in 1999 - was rejected in a 2-1 decision. the court in washington found that the case could not be brought under federal anti-racketeering laws. among the accused were altria group  rj reynolds tobacco  lorillard tobacco  liggett group and brown and williamson. in its case  the government claimed tobacco firms manipulated nicotine levels to increase addiction  targeted teenagers with multi-billion dollar advertising campaigns  lied about the dangers of smoking and ignored research to the contrary.  prosecutors wanted the cigarette firms to surrender $280bn in profits accumulated over the past 50 years and impose tougher rules on marketing their products. but the court of appeals for the district of columbia ruled that the us government could not sue the firms under legislation drawn up to counteract mafia infiltration of business. the tobacco companies deny that they illegally conspired to promote smoking and defraud the public. they also say they have already met many of the government s demands in a landmark $206bn settlement reached with 46 states in 1998. shares of tobacco companies closed higher after the ruling  with altria rising 5% and reynolds showing gains of 4.5%.,court rejects $280bn tobacco case a us government claim accusing the country s biggest tobacco companies of covering up the effects of smoking has been thrown out by an appeal court. the demand for $280bn (155bn) - filed by the clinton administration in 1999 - was rejected in a 2-1 decision. the court in washington found that the case could not be brought under federal anti-racketeering laws. among the accused were altria group rj reynolds tobacco lor,"raine, which was formed on 1st jan, 2000, and, from 2002 to 2007, had paid more than $60m to the tobacco industry. the tobacco-related charges, including false advertising and marketing, have been dismissed. the appeal court ruled, however, that the tobacco company's claims of the health benefits of smoking were not valid. the administration argued that the claims were based on ""factuals"" and, therefore, would have to be proven. the appeals court ruled.the","raine, which was formed on 1st jan, 2000, and, from 2002 to 2007, had paid more than $60m to the tobacco industry. the tobacco-related charges, including false advertising and marketing, have been dismissed. the appeal court ruled, however, that the tobacco company's claims of the health benefits of smoking were not valid. the administration argued that the claims were based on ""factuals"" and, therefore, would have to be proven. the appeals court ruled.",0.8648760438384763,-1.102491821052753,"raine, which was formed on 1st jan, 2000, and, from 2002 to 2007, had pay more than $60m to the baccy industry. the tobacco-associate charge, include false advertising and selling, have been dismissed. the prayer tribunal rule, however, that the tobacco company's claim of the health benefits of smoke were not valid. the administration argued that the claims were based on ""factuals"" and, hence, would have to be prove. the entreaty tribunal ruled.",1.3482838780492632
63,hingis to make unexpected return martina hingis makes her return to competitve tennis after two years out of the game at the volvo women s open in pattaya  thailand  on tuesday.  she faces german marlene weingartner in the first round.  as a competitor and athlete  i always want to win. i hope my body will hold up   said hingis.  you miss being out there in a grand slam final and not competing. it s a big difference between playing and commenting for tv. i miss it a lot.  the former world number one was 22 when she retired after having surgery on both ankles  and her last wta event was in filderstadt  germany  in october 2002  when she lost to elena dementieva. only last year she insisted that a comeback was unlikely  but speaking in thaliand hingis admitted:  i said that because i didn t know what would happen with my body.  her appearance will also benefit charities in the region and the swiss star will donate her prize money.,hingis to make unexpected return martina hingis makes her return to competitve tennis after two years out of the game at the volvo women s open in pattaya thailand on tuesday. she faces german marlene weingartner in the first round. as a competitor and athlete i always want to win. i hope my body will hold up said hingis. you miss being out there in a grand slam final and not competing. it s a big difference,". i wasnt sure if,dontcha think so? and,however,theres no way for me to be back.i know that i need to keep going,but,that snottastic.i hope youre allwell.ive missed you.sigh.i wish.i.could.i wouldnta been here.but,youllfindout soon enough.i havent heard from you.i feel sorryforyou.iamsof",". i wasnt sure if,dontcha think so? and,however,theres no way for me to be back.i know that i need to keep going,but,that snottastic.i hope youre allwell.ive missed you.sigh.i wish.i.could.i wouldnta been here.but,youllfindout soon enough.i havent heard from you.i feel sorryforyou.",3.8349728911854193e-11,6.506935237542097,". i wasnt sure if,dontcha conceive so? and,notwithstanding,theres no manner for me to be back.i cognize that i postulate to maintain going,but,that snottastic.i trust youre allwell.ive miss you.sigh.i wish.i.could.i wouldnta been here.but,youllfindout shortly enough.i havent hear from you.i feel sorryforyou.",2.215646837627989
64,india power shares jump on debut shares in india s largest power producer  national thermal power corp (ntpc) have risen 13% on their stock market debut.  the government s partial sell-off of ntpc is part of a controversial programme to privatise state-run firms. the 865 million share offer  a mix of new shares and sales by the government  raised 54bn rupees($1.2bn). it was india s second $1bn stock debut in three months  coming after the flotation by software firm tata. the share offer was eleven times oversubscribed.  it is a good investment bet   said suhas naik  an investment analyst from ing mutual fund.  power needs in india are set to rise and ntpc will benefit from that.  analysts say the success of the ntpc flotation would encourage the government to reduce stakes in more power companies. ntpc has said it will use the money from the share sale to feed the growing needs of the country s energy-starved economy. the firm is the largest utility company in india  and the sixth largest power producer in the world.,india power shares jump on debut shares in india s largest power producer national thermal power corp (ntpc) have risen 13% on their stock market debut. the government s partial sell-off of ntpc is part of a controversial programme to privatise state-run firms. the 865 million share offer a mix of new shares and sales by the government raised 54bn rupees($1.2bn). it was india s second $1bn stock debut in three months coming," after the company raised Rs15b in its first-half listing last year.the company was expected to raise about Rs60b-ishmiles-worth of equity shares in the second half-way.the IPO, which was priced at Rs1250-and-up, was the biggest of the day's session.it also marked the end of a nearly two-decade-long-term slide for the stock market.invectives.the stock-market-beating","after the company raised Rs15b in its first-half listing last year.the company was expected to raise about Rs60b-ishmiles-worth of equity shares in the second half-way.the IPO, which was priced at Rs1250-and-up, was the biggest of the day's session.it also marked the end of a nearly two-decade-long-term slide for the stock market.invectives.",1.3001915629892368e-06,4.700096710803842,"after the company raise Rs15b in its first-half list last year.the company was anticipate to raise about Rs60b-ishmiles-worth of equity share in the second half-way.the IPO, which was price at Rs1250-and-up, was the biggest of the day's session.it too tag the terminal of a about two-decade-long-term slide for the stock market.invectives.",1.0288868055369642
65,broadband in the uk growing fast high-speed net connections in the uk are proving more popular than ever.  bt reports that more people signed up for broadband in the last three months than in any other quarter. the 600 000 connections take the total number of people in the uk signing up for broadband from bt to almost 3.3 million. nationally more than 5 million browse the net via broadband. britain now has among the highest number of broadband connections throughout the whole of europe.  according to figures gathered by industry watchdog  ofcom  the growth means that the uk has now surpassed germany in terms of broadband users per 100 people. the uk total of 5.3 million translates into 7.5 connections per 100 people  compared to 6.7 in germany and 15.8 in the netherlands. the numbers of people signing up to broadband include those that get their service direct from bt or via the many companies that re-sell bt lines under their own name. part of the surge in people signing up was due to bt stretching the reach of adsl - the uk s most widely used way of getting broadband - beyond 6km.  asymmetric digital subscriber line technology lets ordinary copper phone lines support high data speeds. the standard speed is 512kbps  though faster connections are available.  this breakthrough led to a dramatic increase in orders as we were suddenly able to satisfy the pent-up demand that existed in many areas   said paul reynolds  chief executive of bt wholesale which provides phone lines that other firms re-sell. bt retail  which sells net services under its own name  also had a good quarter and provided about 30% of the new broadband customers. this was a slight increase on the previous three months. despite the good news about growth in broadband  figures from telecommunications regulator ofcom show that bt faces increasing competition  and dwindling influence  in other sectors. local loop unbundling  (llu)  in which bt rivals install their hardware in exchanges and take over the line to a customer s home or office  is growing steadily. cable & wireless and ntl have announced that they are investing millions to start offering llu services. by the end of september more than 4.2 million phone lines were using so-called carrier pre-section (cps) services  such as talktalk and one.tel  which route phone calls across non-bt networks from a local exchange. there are now more than 300 different firms offering cps services and the percentage of people using bt lines for voice calls has shrunk to 55.4%.,broadband in the uk growing fast high-speed net connections in the uk are proving more popular than ever. bt reports that more people signed up for broadband in the last three months than in any other quarter. the 600 000 connections take the total number of people in the uk signing up for broadband from bt to almost 3.3 million. nationally more than 5 million browse the net via broadband. britain now has among the highest number of broadband connections throughout the whole of," the world. the number of, for example, 1.7 million, is about one-quarter of the global total. The country also has the highest-ever broadband connection rate, at a rate of 16.9mbps.britain has had a major impact on the global growth of broadband networks: the country has become the most-connected nation, with 933Mb/s.aipn.com.bronoricaisleptospiatica-s","the world. the number of, for example, 1.7 million, is about one-quarter of the global total. The country also has the highest-ever broadband connection rate, at a rate of 16.9mbps.britain has had a major impact on the global growth of broadband networks: the country has become the most-connected nation, with 933Mb/s.aipn.com.",2.6944014910778936e-06,4.549052379454474,"the creation. the figure of, for instance, 1.7 million, is about one-quarter of the worldwide total. The country too has the highest-ever broadband connectedness rate, at a rate of 16.9mbps.britain has had a major impact on the global ontogeny of broadband networks: the country has get the most-connected nation, with 933Mb/s.aipn.com.",0.6731890674983151
66,deadline nears for fiat-gm deal fiat and general motors (gm) have until midnight on 1 february to settle a disagreement over a potential takeover.  the deadline marks the point at which fiat will gain the right to sell its car division to gm  part of an alliance agreed in 2000. gm  whose own european operations are losing money  no longer wants to own the unprofitable fiat unit. reports of deadlocked talks sent fiat shares down 1.2% on tuesday  after monday s 4% gain on hopes of a payoff. the us firm is thought to be offering about $2bn (1.06bn) to extricate itself from the arrangement. it has argued the deal was voided by fiat s decision to sell off fiat s finance arm and halve gm s stake via a capital-raising effort.  the 2000 deal resulted from a race between gm and daimlerchrysler to ally with fiat. the german firm wanted to buy fiat outright. but gianni agnelli  the godfather of the group  wanted to keep control  and preferred gm s offer to buy a 20% stake and give fiat the right to sell in the future  known as a  put option . since then  however  fiat cars have lost market share and the firm has piled up losses  while a plan to raise new money in 2003 cut gm s stake in half to 10%. for its part  gm s european units opel and saab have both had trouble  with opel management threatening to cut 12 000 jobs.  the last thing they need is additional production capacity in europe   said patrick juchemich  auto analyst at sal oppenheim bank.,deadline nears for fiat-gm deal fiat and general motors (gm) have until midnight on 1 february to settle a disagreement over a potential takeover. the deadline marks the point at which fiat will gain the right to sell its car division to gm part of an alliance agreed in 2000. gm whose own european operations are losing money no longer wants to own the unprofitable fiat unit. reports of deadlocked talks sent fiat shares down 1.2% on tuesday,", while the europeans have been waiting for a better-timed deal.

theres a lot of talk that the europies have a big-time plan. theyre looking at buying the assets, and if not, theyre going to sell them. theres also a lot more talk about how much fiat-gms would have to be sold before it gets to the point where it couldnt be used. the europhiles arent going to do that, because",", while the europeans have been waiting for a better-timed deal. theres a lot of talk that the europies have a big-time plan. theyre looking at buying the assets, and if not, theyre going to sell them. theres also a lot more talk about how much fiat-gms would have to be sold before it gets to the point where it couldnt be used.",0.3858586121727618,0.2901294265928297,", while the europeans have been wait for a better-timed trade. theres a peck of talking that the europies have a large-clip program. theyre look at buy the assets, and if not, theyre locomote to sell them. theres too a peck more talk about how much rescript-gms would have to be sell before it get to the point where it couldnt be utilise.",-1.7638342073763937
67,top of the pops leaves bbc one the bbc s flagship pop music programme top of the pops is to move from bbc one on fridays to sundays on bbc two.  the new programme will combine with archive show totp2  mixing new music with footage of classic bands. the corporation said the new show  aims to appeal to a diverse audience of music lovers . the move is the biggest shake-up in the history of the show  which was first broadcast in 1964 and has always been on bbc one. top of the pops was relaunched in a blaze of publicity in december last year in an attempt to reverse a long-term decline in audience figures.  the all new top of the pops was fronted by newcomer tim kash and was put together by producer andi peters  who was brought back to the bbc from channel 4 to revitalise the series.  about three million people a week were watching the show on fridays - less than half the total it was attracting in the mid-1990s - as the programme went up against popular itv soap coronation street. but despite the relaunch audience figures failed to rise and still remain around the three million mark. tim kash has since been replaced as host by fearne cotton. the new show will launch in spring next year in an extended format. bbc two controller roly keating:  it s an exciting new era for top of the pops. we want to make it bigger and better so that it becomes the ultimate pop music show for music lovers of every generation.  mr keating described bbc two as the  natural home  of top of the pops. he added:  the addition of top of the pops will also extend bbc two s offering to younger audiences.   a bbc spokeswoman said andi peters would continue as executive producer on the show. she said that issues over the exact format of the programme and a time slot were still to be decided. the programme will have a close relationship with the bbc radio 1 chart show  which suggests the relaunched show may be transmitted at about 1900 on sundays.  hopefully the audience for top of the pops will find it on bbc two.  we think that the new slot will create a buzz around the programme as for the first time viewers will discover the news of who is number one as it happens.,top of the pops leaves bbc one the bbc s flagship pop music programme top of the pops is to move from bbc one on fridays to sundays on bbc two. the new programme will combine with archive show totp2 mixing new music with footage of classic bands. the corporation said the new show aims to appeal to a diverse audience of music lovers. the move is the biggest shake-up in the history of the show which was first broadcast in 1964 and has always been on," the BBC. the company has also made several changes since then. it has:
included:
more than 1m original programmes, including the popular-rock-and-rolls-a-sona-dance-on-the-floor-and/or/s'nod-to-theory-of-theater;
more-analogous shows featuring British-American artists, including The Beatles' ""The Beatles' Greatest Hits"" (1994) and",the BBC. the company has also made several changes since then.,1.3999184135288102e-16,8.181649829917799,the BBC. the company has also make several change since then.,0.0
68,microsoft gets the blogging bug software giant microsoft is taking the plunge into the world of blogging.  it is launching a test service to allow people to publish blogs  or online journals  called msn spaces. microsoft is trailing behind competitors like google and aol  which already offer services which make it easy for people to set up web journals. blogs  short for web logs  have become a popular way for people to talk about their lives and express opinions online.  msn spaces is free to anyone with a hotmail or msn messenger account. people will be able to choose a layout for the page  upload images and share photo albums and music playlists. the service will be supported by banner ads.  this is a simple tool for people to express themselves   said msn s blake irving. this is microsoft s first foray into blogging  which has taken off as a web phenomenon in the past year. competitors like google already offer free services through its blogger site  while aol provides its members with journals. accurate figures for the number of blogs in existence are hard to come by. according to blog analysis firm technorati  the so-called blogosphere  has doubled every five and a half months for the last 18 months. it now estimates that the number of blogs in existence has exceeded 4.8 million  although some speculate that less than a quarter are regularly maintained.,microsoft gets the blogging bug software giant microsoft is taking the plunge into the world of blogging. it is launching a test service to allow people to publish blogs or online journals called msn spaces. microsoft is trailing behind competitors like google and aol which already offer services which make it easy for people to set up web journals. blogs short for web logs have become a popular way for people to talk about their lives and express opinions online. msn spaces is free to anyone with a hotmail or," google account. the launch of msnSpace is a big step in the right direction for both companies.

The launch of MSNSpaces gives readers access toMSNspaces.com.com, an open source blog. The blog has been designed to be free. The free-to-use blog.com/msnspace.com[email protected] is a new and free-for-all.org.com(free) blog. It will be available to all","google account. the launch of msnSpace is a big step in the right direction for both companies. The launch of MSNSpaces gives readers access toMSNspaces.com.com, an open source blog. The blog has been designed to be free. The free-to-use blog.com/msnspace.com[email protected] is a new and free-for-all.org.com(free) blog.",0.0003589781528514,3.382628692414865,"google account. the launch of msnSpace is a large measure in the right direction for both company. The launch of MSNSpaces gives reader admission toMSNspaces.com.com, an unfastened origin blog. The blog has been project to be free. The free-to-employment blog.com/msnspace.com[email protect] is a new and free-for-all.org.com(free) blog.",0.4490502093697089
69,indonesia  declines debt freeze  indonesia no longer needs the debt freeze offered by the paris club group of creditors  economics minister aburizal bakrie has reportedly said.  indonesia  which originally accepted the debt moratorium offer  owes the paris club about $48bn (25.5bn). mr bakrie told the bisnis indonesia newspaper that a $1.7bn donors  aid package meant that the debt moratorium was unnecessary. this aid comes on top of a previously-pledged $3.4bn package. most of this  normal aid  would be used to finance the country s budget deficit. the indonesian economics minister explained that the money - $1.2bn in grants and $500m in soft loans - was for the rebuilding of aceh province  which was badly hit by the tsunami of 26 december. nevertheless  one of mr bakrie s deputies  mahendra siregar  told afp news agency that indonesia was still considering the offer by the paris club of rich creditor nations to temporarily suspend its debt payments.  what is true is that we are still discussing... the paris club decision to find out more details such as how much of our debt will be subject to a moratorium. that s how far we are at this stage   said mr siregar.  the 19 member countries of the paris club are owed about $5bn this year in debt repayments by nations affected by the indian ocean tsunami. indonesia  sri lanka and the seychelles accepted the paris club offer  which was criticised by some aid groups as being too little. thailand and india have however declined the offer  with thailand prefering to keep up with its payments while india said it would prefer to rely on its own resources rather than on international aid. putting off payments may lower a country s rating among financial organisations  making it more expensive and more difficult for them to borrow money in the future  analysts said. separately  the indonesian government has said it will announce monthly how much it has received in foreign donations and how it has spent the money. welfare minister alwi shihab told ap news agency that this announcement should allay suspicion of official corruption in relief operations.,indonesia declines debt freeze indonesia no longer needs the debt freeze offered by the paris club group of creditors economics minister aburizal bakrie has reportedly said. indonesia which originally accepted the debt moratorium offer owes the paris club about $48bn (25.5bn). mr bakrie told the bisnis indonesia newspaper that a $1.7bn donors aid package meant that the debt moratorium was unnecessary. this aid comes on top of a," $2m(3m)of funding that was already in place, and is due to expire. mr aburizzalbakrie said: ""theParis club of creditors' plan,"" the newspaper reported. ""TheParisian club of creditor's proposal for debt relief, which theParisia-ledParisians' plan is to implement."" mrabakrie added: ""TheBrisnierzia-controlledParisisisi-owned","$2m(3m)of funding that was already in place, and is due to expire. mr aburizzalbakrie said: ""theParis club of creditors' plan,"" the newspaper reported. ""TheParisian club of creditor's proposal for debt relief, which theParisia-ledParisians' plan is to implement.",2.1383987011074738e-07,5.056205829602306,"$2m(3m)of backing that was already in place, and is due to expire. mr aburizzalbakrie state: ""theParis nine of creditors' program,"" the paper account. ""TheParisian nine of creditor's proposal for debt relief, which theParisia-ledParisians' program is to implement.",0.4865336327998411
70,wales  must learn health lessons  the new health minister for wales says there are lessons to learn from england in tackling waiting lists.  dr brian gibbons  on his first full day in the job after jane hutt was sacked  admitted  big challenges  but insisted the  essentials  were in place. but both plaid cymru and the liberal democrats said dr gibbons needed to change policy. meanwhile ms hutt defended her record  saying waiting times and lists were  only 10% of the health agenda. dr gibbons  who was a gp in blaengwynfi  in the upper afan valley  before becoming am for aberavon  said nhs staff wanted a period of consolidation after  tremendous change and reform . one of the biggest problems which had faced ms hutt during her five-and-a-half years as the assembly s first health minister was the length of waiting lists in wales.  in november the british medical association said nhs staff were  weeping with despair  as figures showed 311 000 people were waiting for treatment in wales  up by 2 400 on the previous month. in the same month lists in england were at their lowest for 17 years  with 856 600 people waiting for treatment. dr gibbons told radio wales:  there is no doubt that  in managing waiting lists  england has done a lot of very very useful work  and we do need to learn from that.   but he said the nhs in wales also needed to create a healthier population rather than respond only to ill health  and a balanced view of priorities was important.  we do need a consistent across-the-board approach  recognising the patients  experience of how they use the service is going to be  at the end of the day  the main test of how the service is working.  he said nhs staff wanted a period of consolidation after  tremendous change and reform . later  dr gibbons praised the work of ms hutt  saying he  agreed with everything she s done  to change the health service in wales. dr gibbons said he accepted there was a problem  but his job now was to build on the foundations put in place by his predecessor. he also acknowledged that until the waiting list issue was sorted out  the rest of the assembly government s health policy would be overshadowed.  opposition members and some labour mps had long called for ms hutt s removal after sustained criticism over extended hospital waiting times. first minister rhodri morgan told bbc wales he had agreed with ms hutt in 2003 that she would not be health minister in the run-up to the 2007 elections.  she s been doing the job for five years and eight months and  apart from nye bevan himself  (architect of the nhs)  i don t think anybody has ever done the job for so long.  mr morgan said he had only told ms hutt of the reshuffle on monday morning  and said the nhs in wales was dr gibbons   baby  now. in response to dr gibbons  comments  ieuan wyn jones  leader of the plaid cymru group in the assembly  said:  it is apparent that this reshuffle by the first minister was just changing the deckchairs on a sinking titanic.  kisrty williams  for the lib dems  added:  if the underlying policy is going to continue  then changing the minister will serve no purpose  other than to deflect flak from labour s mps   she said. meanwhile ms hutt said she hoped  that the people of wales would benefit from my investment of the past five years and eight months  asked about waiting lists  she said that waiting times and lists were  only 10% of the health agenda  and that the welsh assembly government had  turned the corner  on the issue.,wales must learn health lessons the new health minister for wales says there are lessons to learn from england in tackling waiting lists. dr brian gibbons on his first full day in the job after jane hutt was sacked admitted big challenges but insisted the essentials were in place. but both plaid cymru and the liberal democrats said dr gibbons needed to change policy. meanwhile ms hutt defended her record saying waiting times and lists were only 10% of the health agenda.," but now ministers have put forward a list of measures. but it is too early to say whether they will implement. what about the new NHS? dr gibbon.

saying that he would be happy if the government decided not to implement.the bill to make sure no one gets sick.but, the bill has been rejected by the house of Commons.but this isnt surprising.the current system for healthcare.isn't working and,most of all,it isnt","but now ministers have put forward a list of measures. but it is too early to say whether they will implement. what about the new NHS? dr gibbon. saying that he would be happy if the government decided not to implement.the bill to make sure no one gets sick.but, the bill has been rejected by the house of Commons.but this isnt surprising.the current system for healthcare.",0.7011078045582759,-0.5275893435844943,"but now ministers have set forward a listing of step. but it is overly early to state whether they will implement. what about the new NHS? dr gibbon. state that he would be happy if the authorities determine not to implement.the measure to make certain no one get sick.but, the measure has been reject by the house of Commons.but this isnt surprising.the current system for healthcare.",-1.176696810829104
71,singapore growth at 8.1% in 2004 singapore s economy grew by 8.1% in 2004  its best performance since 2000  figures from the trade ministry show.  the advance  the second-fastest in asia after china  was led by growth of 13.1% in the key manufacturing sector. however  a slower-than-expected fourth quarter points to more modest growth for the trade-driven economy in 2005 as global technology demand falls back. slowdowns in the us and china could hit electronics exports  while the tsunami disaster may effect the service sector.  economic growth is set to halve in singapore this year to between 3% and 5%. in the fourth quarter  the city state s gross domestic product (gdp) rose at an annual rate of 2.4%. that was up from the third quarter  when it fell 3.0%  but was well below analyst forecasts.  i am surprised at the weak fourth quarter number. the main drag came from electronics   said lian chia liang  economist at jp morgan chase. singapore s economy had contracted over the summer  weighed down by soaring oil prices. the economy s poor performance in the july to september period followed four consecutive quarters of double-digit growth as singapore bounced back strongly from the effects of the deadly sars virus in 2003.,singapore growth at 8.1% in 2004 singapore s economy grew by 8.1% in 2004 its best performance since 2000 figures from the trade ministry show. the advance the second-fastest in asia after china was led by growth of 13.1% in the key manufacturing sector. however a slower-than-expected fourth quarter points to more modest growth for the trade-driven economy in 2005 as global technology demand falls back. slowdowns in the us and china could," be attributed to the slowdown in global economic activity, which is expected to continue through the year.

sales: sales, gross, net, nett and nett-worth,the-biggest-performance-in-seo-for-seas-and-southeast-sloan-market-through-the-first-halfof-2004,isdown.com.com/indexes_listing(4);sales-grossestperform-","be attributed to the slowdown in global economic activity, which is expected to continue through the year. sales: sales, gross, net, nett and nett-worth,the-biggest-performance-in-seo-for-seas-and-southeast-sloan-market-through-the-first-halfof-2004,isdown.com.",5.284896280535672e-23,9.806374618837644,"be ascribe to the lag in worldwide economical activity, which is expected to keep through the year. sales: sales, gross, cyberspace, nett and nett-deserving,the-biggest-performance-in-seo-for-seas-and-southeasterly-sloan-market-through-the-first-halfof-2004,isdown.com.",-0.8339503888294594
72,parties build up poll war chests the labour party received more than 5m in donations in the final quarter of 2004  new figures show.  this is nearly half of the 11 724 929 received by 16 political parties listed by the electoral commission. the conservatives were in second place with donations totalling 4 610 849  while the liberal democrats received just over 1m. the majority of labour s donations came from affiliated trade unions. there were also large sums from individuals. lord drayson  whose company powderject won multi-million pound contracts to provide smallpox vaccine to the government after the 11 september terror attacks  gave 500 000 to the party just days before christmas.  this followed an earlier donation of the same amount earlier in 2004. he was made a lord by tony blair last year. other significant donations came from retired millionaire businessman and philanthropist sir christopher ondaatje who gave the party a sum of 500 000  and refrigerator magnate william haughey obe who gave 330 000. the totals for the fourth quarter were well up on the same period of 2003  as the parties built up their war chests for the general election campaign. the largest donation to the conservatives was a bequest from ruth beardmore of nearly 400 000. the joint founder of merchant bank hambro magan gave 325 417. there were also donations topping 250 000 for the conservatives from scottish business groups focus on scotland and the institute of international research  the world s largest independent conference company.  also among the gifts to the tories were 24 donations totalling 161 840 from bearwood corporate services. this company is controlled by the party s former treasurer lord ashcroft which has directed almost 300 000 to specific marginal constituencies over the past two years. the liberal democrats  largest donor was the joseph rowntree reform trust ltd  a company which promotes political reform and constitutional change  which gave a sum of 250 000. and fast food giants mcdonald s are listed as donating a sum of 10 575. this was a fee the firm paid for a room for an event held with the work and skills foundation during the party s conference. the uk independence party  which lost its main donor paul sykes amid the row over robert kilroy-silk s bid for the leadership last autumn  took in 63 081. just 8 170 of this was cash and the remainder came in gifts in kind  such as office space and printing. registered political parties are required to set out each quarter all donations over 5 000 to their headquarters and over 1 000 to local constituency parties they receive. it is an offence for a person to knowingly or recklessly make a false declaration about party donations.,parties build up poll war chests the labour party received more than 5m in donations in the final quarter of 2004 new figures show. this is nearly half of the 11 724 929 received by 16 political parties listed by the electoral commission. the conservatives were in second place with donations totalling 4 610 849 while the liberal democrats received just over 1m. the majority of labour s donations came from affiliated trade unions. there were also large sums from individuals. lord drayson whose company powder,"coatcoat was the biggest donation to the labourparty was 15k, followed by jews, jewswomens and christians. the remaining-most-favoured-parties-to-the-lefts-are-theres-a-bigger-donation-for-lennon-nigel-davidson-butler-islamic-organisation-and-theatre-group-isle/738.000-40","coatcoat was the biggest donation to the labourparty was 15k, followed by jews, jewswomens and christians. the remaining-most-favoured-parties-to-the-lefts-are-theres-a-bigger-donation-for-lennon-nigel-davidson-butler-islamic-organisation-and-theatre-group-isle/738.",5.912343173891282e-33,11.900070749739148,"coatcoat was the biggest contribution to the labourparty was 15k, follow by jews, jewswomens and christians. the remaining-most-favoured-party-to-the-lefts-are-there-a-larger-contribution-for-lennon-nigel-davidson-butler-islamic-establishment-and-theater-grouping-isle/738.",1.58230961057048
73,funding cut hits wales students the wales students rugby side has become a casualty of the welsh rugby union s reorganisation at youth level.  an amalgamated under-18 side formed from separate schools and national youth teams plays its first match on thursday  against italy at the gnoll. but that move has seen the wru decide to end its funding of representative sides such as wales students. as a result  traditional international fixtures against england and france in the new year have been cancelled. the welsh students rugby football union feels that it is unable to properly prepare for or stage the matches. the secretary of the welsh students rugby football union  reverend eldon phillips  said:  it is a shame that fixtures cannot be maintained this year.  the competition provided by the strong english and french teams has enabled the welsh students to test themselves in high quality matches.  the increasing number of young rugby players entering higher education look for the biggest challenge  that is representative rugby  but this year that opportunity will be denied them. players who have played for wales students before going on to win full senior representative honours include robert jones  rob howley  jon humphreys  darren morris  martyn williams and ceri sweeney.,funding cut hits wales students the wales students rugby side has become a casualty of the welsh rugby union s reorganisation at youth level. an amalgamated under-18 side formed from separate schools and national youth teams plays its first match on thursday against italy at the gnoll. but that move has seen the wru decide to end its funding of representative sides such as wales students. as a result traditional international fixtures against england and france in the new year have been," postponed. in the wake of the uefa-widewidewide closure of all schools and/or clubs.the wales rugby team has become the victim of the wws.the uefas-wide-wide closure has seen all schools closed,and/or no club/clubs/racing.thewales-soccerclubs,thewelshmen-society.com.uk and/onc.uk have both been impacted.theres a number","postponed. in the wake of the uefa-widewidewide closure of all schools and/or clubs.the wales rugby team has become the victim of the wws.the uefas-wide-wide closure has seen all schools closed,and/or no club/clubs/racing.thewales-soccerclubs,thewelshmen-society.com.uk and/onc.uk have both been impacted.",3.1621263746696643e-16,8.08290376865476,"remit. in the wake of the uefa-widewidewide closure of all schools and/or clubs.the wales rugger squad has become the victim of the wws.the uefas-wide-broad closing has see all schools closed,and/or no club/nine/racing.thewales-soccerclubs,thewelshmen-society.com.uk and/onc.uk have both been impact.",1.5474611514754324
74,call to save manufacturing jobs the trades union congress (tuc) is calling on the government to stem job losses in manufacturing firms by reviewing the help it gives companies.  the tuc said in its submission before the budget that action is needed because of 105 000 jobs lost from the sector over the last year. it calls for better pensions  child care provision and decent wages. the 36-page submission also urges the government to examine support other european countries provide to industry. tuc general secretary brendan barber called for  a commitment to policies that will make a real difference to the lives of working people.    greater investment in childcare strategies and the people delivering that childcare will increases the options available to working parents   he said.  a commitment to our public services and manufacturing sector ensures that we can continue to compete on a global level and deliver the frontline services that this country needs.  he also called for  practical measures  to help pensioners  especially women who he said  are most likely to retire in poverty . the submission also calls for decent wages and training for people working in the manufacturing sector.,call to save manufacturing jobs the trades union congress (tuc) is calling on the government to stem job losses in manufacturing firms by reviewing the help it gives companies. the tuc said in its submission before the budget that action is needed because of 105 000 jobs lost from the sector over the last year. it calls for better pensions child care provision and decent wages. the 36-page submission also urges the government to examine support other european countries provide to industry. tuc general secretary brend,"iainan, who has been a member of the union since 1996, said: ""The government needs to act urgently to prevent the jobless, especially in Europe. We need to see that our industrialists get paid, and we need to find ways to support them.
""We, as a group, are working very hard to get this country back on track. This is not just about the future, but also about the long-term."" ""Theories"" have longed to be","iainan, who has been a member of the union since 1996, said: ""The government needs to act urgently to prevent the jobless, especially in Europe. We need to see that our industrialists get paid, and we need to find ways to support them. ""We, as a group, are working very hard to get this country back on track. This is not just about the future, but also about the long-term.",0.8648760438384763,-1.102491821052753,"iainan, who has been a member of the brotherhood since 1996, said: ""The authorities postulate to move desperately to prevent the jobless, especially in Europe. We postulate to see that our industrialist get pay, and we need to encounter shipway to support them. ""We, as a grouping, are work very hard to acquire this state back on path. This is not just about the future, but too about the long-term.",-1.338877362790406
75,tech helps disabled speed demons an organisation has been launched to encourage disabled people to get involved in all aspects of motorsport  which is now increasingly possible thanks to technological innovations.  the motorsport endeavour club left the starting grid yesterday at the autosport international 2005 show at birmingham s nec  with several technologies to adapt vehicles on display.  motorcycle racer  roy tansley  from derby developed his electronic sequential gear changer following an accident which resulted in part of his left leg being amputated.  i needed to find a way of changing gear and generally you do that with your left leg   mr tansley told the bbc news website.  in simple terms  i needed to invent a left foot - initially it was quite a heath robinson device.  mr tansley had to argue his case to be allowed to continue competing with motorcycle racing s governing body  the autocycle union.  at that time they wouldn t let any amputee race at all  but eventually they told me i could have a licence as long as i raced sidecars.  mr tansley s invention  the pro-shift  is designed to work with hewland gearboxes which are widely used in motorcycle racing. in addition to helping disabled riders to compete  mr tansley reckons that the pro-shift saves at least 20 seconds per lap when he competes in the isle of man tt. as a result  there has been considerable interest in the product from other riders keen to improve their performance.  i m not prejudiced  i ll sell to able-bodied people if i have to!  he joked.  another exhibit on the motorsport endeavour stand is a subaru impreza rally car  adapted to accommodate a variety of disabilities. the vehicle belongs to pararallying  the world s only rally school for disabled drivers which is based in lincolnshire.   we use the latest technology supplied by an italian company   said rally driver dave hawkins who runs the company.  the cars have electronic throttles  electronic brakes  electronic clutches - we ve yet to turn anybody away.  mr hawkins - a paraplegic himself - says his customers have included right or left arm amputees  quadriplegics  people who have had strokes and a woman who had had all four limbs amputated. pararallying uses a vauxhall astra gsi with an automatic gearbox and manual subaru imprezas. the car on display is fitted with a  duck clutch  - a switch on the gear stick used instead of the clutch pedal. it also has a second ring behind the steering wheel to operate the throttle and a hand operated brake bar.  when joy rainey started competing in motorsport in 1974 she was continuing the family tradition - her father  murray  is a former australian formula 3 champion.  and it was rainey senior who modified a sports racer to accommodate his daughter s small stature so that she could take part in hill climbs. she uses an ordinary road car by putting extensions on the pedals  a cushion behind her back and raising the seat.  but in a competition car you have to have everything right or you ll lose the balance of the car   she said.  i bring everything back to me - steering wheel  steering column  gear lever and pedals.  when she recently took part in the london to sydney marathon she shared the driving with her partner  trevor  who now does the engineering work. he designed a system for their morris minor so that the adaptations could be totally removed in under a minute. the motorsport endeavour club is hoping that putting such technologies on display will result in more disabled people becoming involved in all areas of the sport and at every level.,tech helps disabled speed demons an organisation has been launched to encourage disabled people to get involved in all aspects of motorsport which is now increasingly possible thanks to technological innovations. the motorsport endeavour club left the starting grid yesterday at the autosport international 2005 show at birmingham s nec with several technologies to adapt vehicles on display. motorcycle racer roy tansley from derby developed his electronic sequential gear changer following an accident which resulted in part of his left leg being amputated. i needed to find a way," to make it work.theres a good chance youll be able to do that,theres also a great chance youd be able.here are some of the best ways to help.aerojaxxar.com.au:theres-a-good-way-to-help-disabled-fasties-get-in.com:the-happiest.com:-how-to/howtos-for-disabled/howtoandhowtob","to make it work.theres a good chance youll be able to do that,theres also a great chance youd be able.here are some of the best ways to help.aerojaxxar.com.au:theres-a-good-way-to-help-disabled-fasties-get-in.com:the-happiest.",5.128915995411068e-22,9.57427107756338,"to make it work.theres a good chance youll be able to do that,there too a great opportunity youd be able.here are some of the best shipway to help.aerojaxxar.com.au:there-a-good-manner-to-aid-disenable-fasties-acquire-in.com:the-happiest.",2.143580348123382
76,yukos sues four firms for $20bn russian oil firm yukos has sued four companies for their role in last year s forced state auction of its key oil production unit yuganskneftegas.  yukos is claiming more than $20bn (11bn) in damages after yugansk was sold in december to settle back taxes. the four companies named in the law suit are gas giant gazprom  its unit gazpromneft  investment company baikal  and state oil firm rosneft. yukos submitted the suit in houston  where it filed for bankruptcy. as well as suing for damages  yukos has asked the us court to send its tax dispute with the russian government to an international arbitrator. it also has submitted a reorganisation plan as part of its chapter 11 bankruptcy filing.  the clash between yukos and the kremlin came to a head last year when yukos was hit with a bill of more than $27bn in back taxes and unpaid fines. to settle the bill  russia forced yukos to sell off yuganskneftegas.  yukos called the sale illegal and has turned to courts in the us in an effort to regain control of the oil production business. it also has vowed to use all legal means at its disposal to go after any firm that tries to buy or take control of its assets. earlier this month it sued the russian government for $28.3bn. analysts have questioned whether a us court has any jurisdiction over russian companies  while moscow officials have dismissed yukos  legal wrangling as meaningless. in houston  bankruptcy judge letitia clark will start a two-day hearing on 16 february to hear arguments on whether a us court is the proper forum for the case.  the threat of legal action from yukos and its bankruptcy filing in houston did have an effect on last year s auction  however. concerned that it would be caught up in a court battle  gazprom and gazpromneft withdrew from the auction  and yuganskneftegas was sold to little-known investment firm baikal finance group. a few days later  baikal gave control of the company to state-run oil group rosneft for $9.3bn. rosneft  meanwhile  has agreed to merge with gazprom  bringing a large chunk of russia s very profitable oil business back under state control. yukos claims that the rights of its shareholders have been ignored and that is has been punished for the political ambitions of its founder mikhail khodorkovsky. mr khodorkovsky  once russia s richest man  is in prison  having been charged with fraud and tax evasion and repeatedly denied bail.,yukos sues four firms for $20bn russian oil firm yukos has sued four companies for their role in last year s forced state auction of its key oil production unit yuganskneftegas. yukos is claiming more than $20bn (11bn) in damages after yugansk was sold in december to settle back taxes. the four companies named in the law suit are gas giant gazprom its unit gazpromneft investment company ba,"ikonnoyegevneft, kronos-richkonsultatiiyevnekontynovnekostiyskyiyskoyelevnekobonnaytegijennyegevinnekonnaloyevevnekoyego-soyevelnekotnoyegotevnekyelevnochoyevennyejkoyoyevesnekor","ikonnoyegevneft, kronos-richkonsultatiiyevnekontynovnekostiyskyiyskoyelevnekobonnaytegijennyegevinnekonnaloyevevnekoyego-soyevelnekotnoyegotevnekyelevnochoyevennyejkoyoyevesnekor",1.6447355387473674e-62,16.645003465030495,"ikonnoyegevneft, kronos-richkonsultatiiyevnekontynovnekostiyskyiyskoyelevnekobonnaytegijennyegevinnekonnaloyevevnekoyego-soyevelnekotnoyegotevnekyelevnochoyevennyejkoyoyevesnekor",0.9869275424396534
77,hodgson relishes european clashes former blackburn boss roy hodgson says the premiership should follow the rest of europe and have a winter break - but insists that a gruelling domestic schedule will not damage the english elite s bid for champions league glory.  hodgson - now in charge at viking stavanger - was at liverpool s clash with bayer leverkusen at anfield on tuesday as a member of uefa s technical committee. hodgson is a fierce advocate of the winter break employed throughout europe  although not in england - where the champions league contenders have ploughed through a heavy fixture list. but hodgson told bbc sport that while he believes the premiership should embrace the idea  he does not expect it to cost the english representatives in the last 16 of the champions league.  i just feel it is very difficult to say with certainty that teams who have had the break will have a definite edge.  i am a fervent supporter of the break. it gives players the chance to recharge their batteries midway through the season  which some suggest will give teams an advantage in the champions league.  the other school of thought suggests having a break then coming back to it puts you at a disadvantage.  the bigger discussions around the winter break should be to do with the nature of football today  the needs of football players and the way the premiership has developed  rather than one or two matches in the champions league in february.  hodgson believes a winter break carries many advantages  explaining:  as i said  it is the perfect chance to recharge batteries.   and certainly if i was still a manager in england i would be supporting any calls for its introduction.  in pre-season you get a lot of enthusiasm and energy but by the time you get towards christmas many players  having also played plenty of international matches for club and country and travelled a lot  find themselves getting very jaded.  the break gives them a chance to recover that energy and enthusiasm and  perhaps more importantly  recover their mental strength during the break and get ready for the games ahead.  the mental side is by far the most important thing.  hodgson added:  the length of breaks can vary. in italy the break was very short. you just took christmas and new year.  it was so short you didn t do anything. you gave the players a week or 10 days off  then you were training for a week or 10 days and then went into a game.  if it is longer  it is important those responsible for physical fitness give the players a programme to follow to ensure the physical strength they have accumulated stays with them.  and hodgson believes a winter break would be a positive step in the premiership. he said:  if we talk about football at elite level  which the premiership is  then i would support a winter break.  if you examine the demands of the premier league and  in particular on players who play international football for their club and country  then a break would do them the world of good - physically and mentally.,hodgson relishes european clashes former blackburn boss roy hodgson says the premiership should follow the rest of europe and have a winter break - but insists that a gruelling domestic schedule will not damage the english elite s bid for champions league glory. hodgson - now in charge at viking stavanger - was at liverpool s clash with bayer leverkusen at anfield on tuesday as a member of uefa s technical committee,", where he was asked if he wanted to continue as manager.

Hodgsen: 'I want to be here' - Liverpool-born-and-fancied-footballer susses out his future after'losing'leverkings'fans'clubs'biggest rival.
The former Chelsea, United and Manchester United striker is still trying to win back hisloosely-held job. ""I wantto play there, so, I",", where he was asked if he wanted to continue as manager. Hodgsen: 'I want to be here' - Liverpool-born-and-fancied-footballer susses out his future after'losing'leverkings'fans'clubs'biggest rival. The former Chelsea, United and Manchester United striker is still trying to win back hisloosely-held job.",4.0654247701977057e-07,4.932200252078106,", where he was asked if he want to keep as director. Hodgsen: 'I want to be here' - Liverpool-bear-and-fancied-footballer susses out his future after'losing'leverkings'fans'clubs'biggest competitor. The former Chelsea, United and Manchester United striker is still assay to win back hisloosely-keep business.",0.06337242505244779
78,o driscoll out of scotland game ireland captain brian o driscoll has been ruled out of saturday s rbs six nations clash against scotland.  o driscoll was originally named in the starting line-up but has failed to recover from the hamstring injury he picked up in the win over italy. his replacement will be named after training on friday morning. fellow centre gordon d arcy is also struggling with a hamstring injury and he will undergo a fitness test on friday to see if he can play.  kevin maggs would be an obvious replacement at centre while shane horgan could also be moved from wing. ulster wing tommy bowe could also be asked to travel with the squad to scotland as a precautionary measure. the only other change to the ireland side sees wasps flanker johnny o connor replacing denis leamy. o connor will be winning his third cap after making his debut in the victory over south africa last november.  : murphy  horgan  tbc  d arcy  hickie  o gara  stringer  corrigan  byrne  hayes  o kelly  o connell  s easterby  o connor  foley.  : sheahan  horan  o callaghan  miller  g easterby  humphreys  dempsey.,o driscoll out of scotland game ireland captain brian o driscoll has been ruled out of saturday s rbs six nations clash against scotland. o driscoll was originally named in the starting line-up but has failed to recover from the hamstring injury he picked up in the win over italy. his replacement will be named after training on friday morning. fellow centre gordon d arcy is also struggling with a hamstring injury and he will undergo a," scan. oscar lewis has also started for scotlands, having been substituted by jonesywadford. okereusiweghemaaarangiuwa.aahiraaangi.aaweerele.australiaoohorongore.auburnoohore.salfordoohooroo.sundayoohirongoreohorongsongoreore.franceoohort","scan. oscar lewis has also started for scotlands, having been substituted by jonesywadford. okereusiweghemaaarangiuwa.aahiraaangi.aaweerele.australiaoohorongore.auburnoohore.salfordoohooroo.sundayoohirongoreohorongsongoreore.",9.836408171983501e-39,12.963624321753372,"scan. oscar lewis has too get for scotland, having been substitute by jonesywadford. okereusiweghemaaarangiuwa.aahiraaangi.aaweerele.australiaoohorongore.auburnoohore.salfordoohooroo.sundayoohirongoreohorongsongoreore.",3.0983866769659336
79,khodorkovsky ally denies charges a close associate of former yukos boss mikhail khodorkovsky has told a court that fraud charges levelled against him are  false .  platon lebedev has been on trial alongside mr khodorkovsky since june in a case centring around the privatisation of a fertiliser firm. the pair claim they are being punished by the authorities for the political ambitions of mr khodorkovsky. mr lebedev said there were  absurd contradictions  in the case. opening his defence  he said he could not see the legal basis of the charges he faced  which also include allegations of tax evasion.  to my embarrassment  i could not understand the file of complaints against me   he told a moscow court. mr lebedev headed the menatep group  the parent company of yukos.  mr lebedev and mr khodorkovsky  who each face a possible 10 year jail sentence if convicted  will be questioned by a judge over the next few days. mr khodorkovsky began his testimony last week  telling the court that he objected to the way that the  running of a normal business has been presented as a work of criminal fiction . the charges are seen by supporters as politically motivated and part of a drive by russian president vladimir putin to rein in the country s super-rich business leaders  the so-called oligarchs. yukos has been presented with a $27.5bn (13bn) tax demand by the russian authorities and its key yugansk division was auctioned off to part settle the bill. the company s effort to gain bankruptcy protection in the us - in a bid to win damages for the sale - were dismissed by a court in texas.,khodorkovsky ally denies charges a close associate of former yukos boss mikhail khodorkovsky has told a court that fraud charges levelled against him are false. platon lebedev has been on trial alongside mr khodorkovsky since june in a case centring around the privatisation of a fertiliser firm. the pair claim they are being punished by the authorities for the political ambitions of mr khodorkovsky. mr lebedev said there were," no allegations of wrongdoing. he was charged with falsifying documents. and, according to lebedov, is facing serious charges. mrs. lebedekykhodorov.s-a-dilemmas-viliadisviliandysviliamontov.dilmarchuksviliaviliidisvilniyi.khodorsviliudikoviliavilniiviliviliakovevili","no allegations of wrongdoing. he was charged with falsifying documents. and, according to lebedov, is facing serious charges. mrs. lebedekykhodorov.s-a-dilemmas-viliadisviliandysviliamontov.dilmarchuksviliaviliidisvilniyi.",2.7626876913817733e-23,9.871639953033077,"no allegation of error. he was charge with distort documents. and, according to lebedov, is confront serious charge. mrs. lebedekykhodorov.s-a-dilemmas-viliadisviliandysviliamontov.dilmarchuksviliaviliidisvilniyi.",1.0425720702853738
80,us company admits benin bribery a us defence and telecommunications company has agreed to pay $28.5m after admitting bribery in the west african state of benin.  the titan corporation was accused of funnelling more than $2m into the 2001 re-election campaign of president mathieu kerekou. at the time  titan was trying to get a higher price for a telecommunications project in benin. there is no suggestion that mr kerekou was himself aware of any wrongdoing. titan  a california-based company  pleaded guilty to falsifying its accounts and violating us anti-bribery laws. it agreed to pay $13m in criminal penalties  as well as $15.5m to settle a civil lawsuit brought by the us financial watchdog  the securities and exchange commission (sec).  the sec had accused titan of illegally paying $2.1m to an unnamed agent in benin claiming ties with president kerekou. some of the money was used to pay for t-shirts with campaign slogans on them ahead of the 2001 election. shortly after the poll  which mr kerekou won  benin officials agreed to quadruple titan s management fee. prosecuting attorney carol lam said:  all us companies should take note that attempting to bribe foreign officials is criminal conduct and will be appropriately prosecuted.  the company says it no longer tolerates such practices. under the us foreign corrupt practices act  it is a crime for american firms to bribe foreign officials.,us company admits benin bribery a us defence and telecommunications company has agreed to pay $28.5m after admitting bribery in the west african state of benin. the titan corporation was accused of funnelling more than $2m into the 2001 re-election campaign of president mathieu kerekou. at the time titan was trying to get a higher price for a telecommunications project in benin. there is no suggestion that mr kerekou was himself aware of any wrongdoing. titan a,i.com.au:aamirahiratatatas.com:aarifs.co.ukamiratas:aarnafs.comamiralibilisahirathatas@amirajeet.comafs:aapadahirafs@amrajeetsahirapadhirathaiiras@britishministerialnews.combritain:aafs-,i.com.au:aamirahiratatatas.com:aarifs.co.ukamiratas:aarnafs.comamiralibilisahirathatas@amirajeet.comafs:aapadahirafs@amrajeetsahirapadhirathaiiras@britishministerialnews.,4.030679777122438e-59,16.17112436282322,i.com.au:aamirahiratatatas.com:aarifs.co.ukamiratas:aarnafs.comamiralibilisahirathatas@amirajeet.comafs:aapadahirafs@amrajeetsahirapadhirathaiiras@britishministerialnews.,1.5634719199411433
81,coach ranieri sacked by valencia claudio ranieri has been sacked as valencia coach just eight months after taking charge at the primera liga club for the second time in his career.  the decision was taken at a board meeting following the side s surprise elimination from the uefa cup.  we understand  and he understands  that the results in the last few weeks have not been the most appropriate   said club president juan bautista. former assistant antonio lopez will take over as the new coach. italian ranieri took over the valencia job in june 2004 having been replaced at chelsea by jose mourinho.  things began well but the spanish champions extended their winless streak to six after losing to racing santander last weekend. that defeat was then followed by a uefa cup exit at the hands of steaua bucharest. ranieri first took charge of valencia in 1997  guiding them to the king s cup and helping them to qualify for the champions league. the 54-year-old then moved to atletico madrid in 1999  before joining chelsea the following year.,coach ranieri sacked by valencia claudio ranieri has been sacked as valencia coach just eight months after taking charge at the primera liga club for the second time in his career. the decision was taken at a board meeting following the side s surprise elimination from the uefa cup. we understand and he understands that the results in the last few weeks have not been the most appropriate said club president juan bautista. former assistant antonio lopez will take over as," director of player-managerial relations for the team on September 1st.the decision, made in light of the current crisis, is expected to be announced in the coming days.saying that he is ""a very good"" man, the former-assistant manager of the champions league, which is the final qualification round, added:""I am happy, I am happy.I know what it means to be here and I'm going to do everything possible to help.I hope that we","director of player-managerial relations for the team on September 1st.the decision, made in light of the current crisis, is expected to be announced in the coming days.saying that he is ""a very good"" man, the former-assistant manager of the champions league, which is the final qualification round, added:""I am happy, I am happy.I know what it means to be here and I'm going to do everything possible to help.",0.6368032980988518,-0.3499271061118825,"manager of player-managerial relations for the squad on September 1st.the conclusion, make in light of the current crisis, is anticipate to be denote in the coming days.saying that he is ""a very good"" man, the former-supporter director of the champions league, which is the last qualification round, added:""I am happy, I am happy.I know what it intend to be here and I'm going to do everything possible to aid.",0.7867957924694432
82,straw praises kashmir moves the uk has welcomed the decision by india and pakistan to open a bus link across the ceasefire line dividing the disputed region of kashmir.  foreign secretary jack straw  touring south east asian countries  praised the  spirit of cooperation  in achieving the breakthrough. media reports in both countries describe the deal as a major step in the ongoing peace process. mr straw said he hoped the agreement would make a difference to kashmiris. the bus service was one of several announcements made after a meeting of foreign ministers of both countries in islamabad on wednesday. kashmiri politicians on both sides of the line of control which divides the region welcomed the move.  in a statement  mr straw said the bus service between srinagar and muzaffarabad  will be able to reunite families that have been divided for decades .  this will make a real difference to the lives of kashmiris on both sides of the line of control   he said.  i warmly applaud the efforts of both india and pakistan to make this happen.  this spirit of cooperation will  i hope  lead to many more measures that will benefit all in the region.   on thursday mr straw was in india visiting sikhism s holiest shrine  the golden temple in amritsar where he tried his hand at making indian bread or roti. he is due to take part in talks with the indian government on friday. a second bus service linking the pakistani city of lahore with amritsar in india was also announced as well as a rail link between rajasthan state and pakistan s sindh province. both sides agreed to begin talks on reducing the risk of nuclear accidents and also said they planned to reopen their respective consulates in karachi and mumbai (bombay). the mountainous region of kashmir has been a flashpoint between the two nuclear powers for more than 50 years.,straw praises kashmir moves the uk has welcomed the decision by india and pakistan to open a bus link across the ceasefire line dividing the disputed region of kashmir. foreign secretary jack straw touring south east asian countries praised the spirit of cooperation in achieving the breakthrough. media reports in both countries describe the deal as a major step in the ongoing peace process. mr straw said he hoped the agreement would make a difference to kashmiris. the bus service was one," of the first-ever internationalbus routes, which was built on the boundaries between India and Pakistan. jesuschrist, it's a shame that this isnt happening. theresaMaytona:@PMMaytonAmbergarden:@theresaMayson:@TheresaMayon:@JNS_World:@KashmiriY:@MukeshChawla:@julianaMaytonan:@kashmiryadani:@","of the first-ever internationalbus routes, which was built on the boundaries between India and Pakistan. jesuschrist, it's a shame that this isnt happening.",1.5102395148813977e-25,10.381170814652515,"of the first-ever internationalbus route, which was construct on the bounds between India and Pakistan. jesuschrist, it's a shame that this isnt pass.",-0.5940885257860046
83,news corp makes $5.4bn fox offer news corporation is seeking to buy out minority investors in fox entertainment group  its broadcasting subsidiary  for about $5.4bn (3.7bn).  the media giant  run by rupert murdoch  owns 82% of the shares in the company  home to the fox television network and the 20th century fox film studio. the move follows news corp s decision to register its business in the us. 20th century fox s recent film releases include i heart huckabees and i  robot  while fox puts out hit tv series 24.  under the terms of the offer  minority fox shareholders will receive 1.90 news corp shares in return for each fox share they hold. analysts said the decision to list news corp in the us - which will result in the firm s shares trading in new york rather than sydney- nullified the need to retain a separate stock market listing for fox entertainment shares. news corp investors voted in october to approve the transfer of the company s corporate domicile from australia to the us state of delaware. the move is designed to help news corp attract more investment from the largest us financial institutions  and make it easier to raise capital. fox entertainment group generated revenues of $12bn last year. news corp shares fell 25 cents to $17.65 after the share offer was announced while fox shares were up 19 cents at $31.22.,news corp makes $5.4bn fox offer news corporation is seeking to buy out minority investors in fox entertainment group its broadcasting subsidiary for about $5.4bn (3.7bn). the media giant run by rupert murdoch owns 82% of the shares in the company home to the fox television network and the 20th century fox film studio. the move follows news corp s decision to register its business in the us. 20th century fox s recent film releases include i heart huck,"ster.com.com,,thefox.comandnewyork.com;thefoxgame.com(whichisnowhereinforever)andthefoxtv.coms-biggeststreamingstore.comTheresnovalleymedia.comNewscorpisntlocatedinthecincinnati,njTherescoal.comAuroravalleycorporatesentertainmentcorporationshealingtheworldnewscorporationnewscorp","ster.com.com,,thefox.comandnewyork.com;thefoxgame.com(whichisnowhereinforever)andthefoxtv.coms-biggeststreamingstore.comTheresnovalleymedia.comNewscorpisntlocatedinthecincinnati,njTherescoal.",1.809916684674881e-51,15.04686556281095,"ster.com.com,,thefox.comandnewyork.com;thefoxgame.com(whichisnowhereinforever)andthefoxtv.coms-biggeststreamingstore.comTheresnovalleymedia.comNewscorpisntlocatedinthecincinnati,njTherescoal.",0.9456108576893003
84,controversial film tops festival a controversial film starring hollywood actor kevin bacon as a convicted paedophile won top honours at the london film festival on thursday.  the woodsman won the satyajit ray award  named after the indian director. the low-budget film  directed by nicole kassell  is about a convicted child molester trying to rebuild his life after 12 years in jail. judges said the film tackled the contentious subject with  great insight and sensitivity . previous films to take the prize include the oscar-winning boys don t cry  which was about the true life story of murdered transsexual brandon teena.  british writer-director amma asante won the uk film talent award this year for her debut feature a way of life. set in south wales  the film is about a teenage single mother who becomes embroiled in a tense stand-off with a turkish neighbour. also on thursday night  the fipresci international critics awards went to aaltra  a belgian film about the handicapped; and the sutherland trophy  which was won by jonathan caouette for his film tarnation. the festival closed with a screening of the film i heart huckabees  starring jude law and dustin hoffman and directed by three kings film-maker david o russell. the festival this year also included the first european screening of the new pixar animation the incredibles  and the british film bullet boy  starring so solid crew rapper asher d.,controversial film tops festival a controversial film starring hollywood actor kevin bacon as a convicted paedophile won top honours at the london film festival on thursday. the woodsman won the satyajit ray award named after the indian director. the low-budget film directed by nicole kassell is about a convicted child molester trying to rebuild his life after 12 years in jail. judges said the film tackled the contentious subject with great insight and sensitivity. previous films to take, home:Theatreslidesliderlubbsonthorpetheatertheatretheatreweddingsandweddingdinner-pandemonium-soulsingles-and-tea-hippies-inthe-tentpole.,home:Theatreslidesliderlubbsonthorpetheatertheatretheatreweddingsandweddingdinner-pandemonium-soulsingles-and-tea-hippies-inthe-tentpole.,5.392746453986286e-37,12.652874696891535,place:Theatreslidesliderlubbsonthorpetheatertheatretheatreweddingsandweddingdinner-pandemonium-soulsingles-and-tea-hipsters-inthe-tentpole.,-0.8563488385776753
85,hague  given up  his pm ambition former conservative leader william hague says he will not stand for the leadership again  having given up his ambition to be prime minister.  mr hague  43  told the daily telegraph he would now find a life dominated by politics too  boring  and unfulfilling. mr hague  who stepped down after his party s 2001 election defeat  does not rule out a return to the front bench. he also told the paper he hopes to remain mp for richmond  north yorks  and start a family with wife ffion. mr hague  who recently had published the biography of william pitt the younger  also said he wanted to continue writing books and speech-writing.  he told the newspaper:  i don t know whether i will ever go back on to the front  but don t rush me.  asked if he would stand for the leadership again  mr hague replied:  no. definitely not.  his determination to stay away from a central role will disappoint some senior conservative members  who say the party needs him. tim collins  the shadow education secretary  said last week it would be a  huge boost  to the party if mr hague returned to the front bench. mr hague became an mp at 27 and leader of the opposition at 36. he said:  i feel fortunate that  by the age of 40  i had crammed in an entire political career.  i had been in the cabinet and been leader of the party  so now i can branch out into other things...it is a very liberating feeling.  mr hague added that he may have misjudged his own ambition to be prime minister.  maybe i wasn t as driven by politics as i thought i was   he said.,hague given up his pm ambition former conservative leader william hague says he will not stand for the leadership again having given up his ambition to be prime minister. mr hague 43 told the daily telegraph he would now find a life dominated by politics too boring and unfulfilling. mr hague who stepped down after his party s 2001 election defeat does not rule out a return to the front bench. he also told the paper he hopes to remain mp for richmond north y,"ork.mr haggard has taken aim at the establishment and, in an interview, said: ""I have had enough. I've got too much. I want to be president of richmond.york.""mrhague said: 'It's my duty as a Conservative MP. It's my job. My job. I am going to remain. I do.
'It's a great honour. I'm going to stay. I don't know how. I just","ork.mr haggard has taken aim at the establishment and, in an interview, said: ""I have had enough. I've got too much. I want to be president of richmond.york.""mrhague said: 'It's my duty as a Conservative MP. It's my job. My job. I am going to remain. I do. 'It's a great honour. I'm going to stay. I don't know how.",0.1896150973152008,0.8793155726408238,"ork.mr haggard has take intent at the organization and, in an interview, state: ""I have had enough. I've get overly much. I desire to be president of richmond.york.""mrhague state: 'It's my obligation as a Conservative MP. It's my business. My business. I am locomote to stay. I do. 'It's a great laurels. I'm locomote to remain. I don't know how.",-0.8140915784106943
86,uk pledges 1bn to vaccine effort uk chancellor gordon brown has offered 960m ($1.8bn) over 15 years to an international scheme aiming to boost vaccination and immunisation schemes.  in a speech  he called for action to reach the 2000 millennium declaration goals of halving global poverty and tackling child mortality rates. mr brown has just returned from a tour of african nations. the 1bn commitment is part of a five-point plan on debt relief  trade  aid  education and health.  the chancellor was speaking at an event jointly organised by the uk s department for international development and the un development programme on wednesday. mr brown welcomed news that the bill gates foundation and norway are joining up to put an extra 0.53bn ($1bn ) into the global alliance for vaccines and immunisation (gavi). britain  france  gavi and the gates foundation have drawn up proposals to apply the principles of the international finance facility (iff) to the area of immunisation. that could see donors making long-term  legally binding financial commitments which can then be used as collateral for raising extra funds from international capital markets. as well as pledging 960m over 15 years to the immunisation iff  britain urged other donors to contribute.  if gavi could increase its funding for immunisation by an extra 4bn ($7.4bn) over 10 years  then an extra five million lives could have been saved by 2015 and five million thereafter  mr brown argued. campaign groups including friends of the earth  the world development movement  and war on want said uk government policy on free trade was a major barrier to fighting poverty. war on want s john hilary said:  compassionate rhetoric cannot disguise the reality of the government s neo-liberal policies.  as long as mr blair and mr brown continue to push free trade and privatisation on developing countries  more and more people will be pushed deeper into poverty  not lifted out of it.,uk pledges 1bn to vaccine effort uk chancellor gordon brown has offered 960m ($1.8bn) over 15 years to an international scheme aiming to boost vaccination and immunisation schemes. in a speech he called for action to reach the 2000 millennium declaration goals of halving global poverty and tackling child mortality rates. mr brown has just returned from a tour of african nations. the 1bn commitment is part of a five-point plan on debt relief trade aid education and health. the," pledge comes after the government pledged 1billion pounds (US$2trn) in aid to develop, manufacture, sell and distribute vaccines. the funders of the initiative, including the UK'sforeign secretary, have committed to investing more than 12billion in the development of, manufacturing, selling and distributing. the government's pledge also includes a promise to provide, on average, 1bmillion doses of a vaccine every year. it says it will ""build up"" the capacity of the country","pledge comes after the government pledged 1billion pounds (US$2trn) in aid to develop, manufacture, sell and distribute vaccines. the funders of the initiative, including the UK'sforeign secretary, have committed to investing more than 12billion in the development of, manufacturing, selling and distributing. the government's pledge also includes a promise to provide, on average, 1bmillion doses of a vaccine every year.",0.7928919108787373,-0.8164965809277259,"pledge comes after the government pledged 1billion pounds (US$2trn) in aid to develop, manufacture, sell and distribute vaccines. the funders of the enterprisingness, include the UK'sforeign secretary, have commit to commit more than 12billion in the development of, fabrication, sell and distributing. the authorities's pledge too include a promise to provide, on mean, 1bmillion dose of a vaccine every year.",0.5039526306789696
87,chinese dam firm  defies beijing  the china three gorges project corp is refusing to obey a government order to stop construction of one of its giant dams  the chinese state press has said.  the builder of the three gorges dam is continuing work on the sister xiluodu dam  said the beijing news. the xiluodu dam is one of 30 such large-scale construction projects called to a halt because of a lack of proper environmental checks. the beijing news said the company may instead choose to pay a fine. the firm has also ignored orders to stop construction at two of its other projects - the three gorges underground power plant and the three gorges project electrical power supply plant.  so far  only 22 of the 30 construction projects targeted by china s state environmental protection agency (sepa) for having not carried out mandatory environmental impact assessments have complied with its shutdown order. the china three gorges project corp could now face a fine up to 200 000 yuan ($24 000; 12 700). last week  it denied that its projects violated regulations.  the three gorges corporation has all along abided by the law and have built our projects in accordance with the law   it said.  the sepa order comes as the chinese government appears to be trying to cool the country s booming economy. previously it has encouraged construction of new electricity generating capacity to solve chronic energy shortages  which forced many factories into part-time working last year. in 2004  china increased its generating capacity by 12.6% to 440 700 megawatts (mw). the xiluodu dam is designed to produce 12 600 mw of electricity  and is being built on the jinshajiang - or  river of golden sand  as the upper reaches of the yangtze are known. it is a sister project to the main three gorges dam downstream where more than half a million people have had to be relocated  drawing criticism from environmental groups and overseas human rights activists.,chinese dam firm defies beijing the china three gorges project corp is refusing to obey a government order to stop construction of one of its giant dams the chinese state press has said. the builder of the three gorges dam is continuing work on the sister xiluodu dam said the beijing news. the xiluodu dam is one of 30 such large-scale construction projects called to a halt because of a lack of proper environmental checks. the be,iijing-related dam has been built by the company Dongfengeng.the construction was delayed by more than two years.the dam has become a symbol of the chinoisexist-troublemakers-in-chief.the Chinese government-owned company is also building the third of the four-phase-one-of-a-kind-dams in Guangdong province.dongfeng.com.phc/newsroom/newsletters/2015-,iijing-related dam has been built by the company Dongfengeng.the construction was delayed by more than two years.the dam has become a symbol of the chinoisexist-troublemakers-in-chief.the Chinese government-owned company is also building the third of the four-phase-one-of-a-kind-dams in Guangdong province.dongfeng.com.,5.934340569241363e-15,7.717442747369271,iijing-associate dyke has been built by the company Dongfengeng.the construction was delayed by more than two years.the dyke has become a symbol of the chinoisexist-troublemakers-in-chief.the Chinese authorities-have company is too building the third of the four-stage-one-of-a-form-dike in Guangdong province.dongfeng.com.,1.8378003265209861
88,cult band kasabian surge forward indie dance band kasabian built up a cult following throughout 2004 to secure three brit award nominations.  the four-piece leicester band blends dark electronics with rock  earning kasabian places on the best british group  rock act and live act shortlists. they have also earned a reputation as outspoken and charismatic  in contrast to fellow brit nominees such as keane and snow patrol.  british music needs a kick up the arse and britain needs a new band to breathe life into the british people again   declared kasabian s singer tom meighan.   no-one s doing it at the minute. music feels like it s in the afterlife right now. we don t want people to give up on it.  the serpent s going to rise from the sea and scare all the pirates away!  meighan grew up in leicester with kasabian songwriter/guitarist sergio pizzorno and bassist chris edwards  a trio which began making music from the age of 17.  they enlisted guitarist and keyboard player christopher karloff after spotting him in a pub.  we saw his long sideburns and thought  hey  he looks the part  we ll ask him    said meighan. inspired by britpop and a mutual love of hardcore  an early 1990s genre that fused house music with hip hop beats and a dark sensibility  they added an electronic element to the traditional guitar sound.  we got a computer and we cut rock n roll up  because there s no point in going back to how it was   said meighan.  it s all about new ideas and creativity.   the band s original approach is reflected in its name  inspired by linda kasabian - the getaway driver of us serial killer charles manson. coincidentally it is also the armenian term for  butcher . kasabian moved into a remote farmhouse in rutland to record their debut album  benefiting from its isolation but also managing to sneak in a few parties while they were there. signed to the rca record label  kasabian tested the water with two singles  club foot and lsf  which reached numbers 19 and 10 in the uk singles chart respectively.  they built up their following on the summer festival circuit  opening both glastonbury and t in the park  and at a series of  guerilla gigs  at unusual venues including half time orange  a pub next to leicester city football club s headquarters. kasabian s self-titled album was released last september to widespread critical acclaim  its indie dance stance drawing comparisons to the stone roses  primal scream and the happy mondays.  regarding it as  both a fiery assertion of rock  n  roll ethics and proof that a siege mentality is alive and well in the badlands of rutland water   the nme s praise was typical of the album s reception. as 2004 progressed kasabian would score a further two hits - processed beats and cutt off - and embark upon a well-received uk tour.  we take our music seriously  definitely  but we want to have fun with it   said pizzorno.  this is not a job to us   added meighan.  this is the best life we could ever have. this is what it s all about and without it we d be lost souls. but music needs us as well.,cult band kasabian surge forward indie dance band kasabian built up a cult following throughout 2004 to secure three brit award nominations. the four-piece leicester band blends dark electronics with rock earning kasabian places on the best british group rock act and live act shortlists. they have also earned a reputation as outspoken and charismatic in contrast to fellow brit nominees such as keane and snow patrol. british music needs a kick up the arse and," this isnt just a case of usigning kasibian into our hearts; it's about making sure were not just a bunch of fucking-nutsie-sayingers, but a buncha fucking-hatesyos.the band's latest single, ""Crazy"" was released in early November, and, as the band's website states, ""isn't a record that's anything but a really good, pretty good, good, catchy song. It's","this isnt just a case of usigning kasibian into our hearts; it's about making sure were not just a bunch of fucking-nutsie-sayingers, but a buncha fucking-hatesyos.the band's latest single, ""Crazy"" was released in early November, and, as the band's website states, ""isn't a record that's anything but a really good, pretty good, good, catchy song.",0.0786496035251425,1.4142135623730951,"this isnt simply a instance of usigning kasibian into our hearts; it's about make sure were not simply a clump of fucking-nutsie-sayingers, but a buncha fucking-hatesyos.the band's latest single, ""Crazy"" was relinquish in early November, and, as the set's site tell, ""isn't a record that's anything but a genuinely good, pretty good, good, tricky song.",-0.6085806194501846
89,bank set to leave rates on hold uk interest rates are set to remain on hold at 4.75% following the latest meeting of the bank of england.  the bank s rate-setting committee has put up rates five times in the past year but rates have been on hold since september amid signs of a slowdown. economic growth slowed in the previous quarter  as manufacturing output fell  while consumer confidence has slipped. there is also growing evidence that the previously booming uk housing market is now cooling.  house prices fell 0.4% in october  according to the nationwide  their biggest monthly fall since february 2001. last month  bank of england governor mervyn king said that the economy had hit a  softer patch  after rapid economic growth in the first half of 2004. richard jeffrey  chief economist at bridgewell securities  said it was very unlikely that the bank of england would put rates up again this time around.  there have been sufficient signs in the economy of a slowdown to stay the bank of england s hand   he told bbc radio 4 s today programme. however  mr jeffrey said he believed the slowdown in economic activity was temporary and it was dangerous to assume that rates had peaked.  i still think interest rates are going up   he said.  we are not out of the woods.,bank set to leave rates on hold uk interest rates are set to remain on hold at 4.75% following the latest meeting of the bank of england. the bank s rate-setting committee has put up rates five times in the past year but rates have been on hold since september amid signs of a slowdown. economic growth slowed in the previous quarter as manufacturing output fell while consumer confidence has slipped. there is also growing evidence that the previously booming uk housing market is now cooling.," the central bank, which has historically been supportive of the economy, has kept rates onhold for now. it is expected to make a decision on whether to raise rates later this month. [url=http://www.bankingnewsmagazin.com/]bank of englands[/url]
[url=www.bankofengland]bankofenland[/url],banking.com[/url].Bank of England:The Bank of England,the UK's central bank","the central bank, which has historically been supportive of the economy, has kept rates onhold for now. it is expected to make a decision on whether to raise rates later this month. [url=http://www.bankingnewsmagazin.com/]bank of englands[/url] [url=www.bankofengland]bankofenland[/url],banking.com[/url].",1.6128207281218837e-05,4.156921938165305,"the fundamental bank, which has historically been supportive of the economy, has hold rates onhold for now. it is anticipate to make a conclusion on whether to raise rates later this month. [url=http://www.bankingnewsmagazin.com/]bank of englands[/url] [url=www.bankofengland]bankofenland[/url],banking.com[/url].",0.26490647141300877
90,slovakia reach hopman cup final slovakia will play argentina in the final of the hopman cup after beating group b rivals the netherlands 3-0.  daniela hantuchova defeated michaella krajicek 6-4 6-2 to give the slovaks the perfect start before dutchman peter wessels retired against dominik hrbaty. wessels was unable to compete in the mixed doubles but slovakia had already booked their place in the final for the second year running. argentina claimed top spot in group a with three wins from three matches. in the other group b match  the united states defeated australia 2-1.  meghann shaughnessy lost the opening match against alicia molik but james blake levelled the tie with a 6-3 6-4 win over paul baccanello  who came in as a replacement for the injured mark philippoussis. blake and shaughnessy then beat molik and baccanello in a tense mixed doubles contest to take the win. hantuchova  who did not win a hopman cup singles match in 2004  has been in good form during this year s event and has won two of her three matches.  i feel like it s really deserved this time as i ve helped dominik to get through   she said.  i think if i keep going the way i have been in the past few matches then i will be okay.  i was really pleased with my last two singles  even the first one  which was a really high standard.  you can t ask for a better preparation than to play a few matches here for the australian open.,slovakia reach hopman cup final slovakia will play argentina in the final of the hopman cup after beating group b rivals the netherlands 3-0. daniela hantuchova defeated michaella krajicek 6-4 6-2 to give the slovaks the perfect start before dutchman peter wessels retired against dominik hrbaty. wessels was unable to compete in the mixed doubles but slov,"akia managed to beat the nethers 3-1. danishmane stanberg won his first-ever singles title at the hopmen cup, defeating the nethans 1-0 in a battle of the netterships. danaejia:slovakianna:danishman.com:slove.coop:slavicl:slovo:slvb:slivac:slvaik:slvo:slve:sl","akia managed to beat the nethers 3-1. danishmane stanberg won his first-ever singles title at the hopmen cup, defeating the nethans 1-0 in a battle of the netterships. danaejia:slovakianna:danishman.com:slove.",1.810117009888104e-22,9.681316602428751,"akia managed to vanquish the nethers 3-1. danishmane stanberg win his first-ever singles rubric at the hopmen cup, defeat the nethans 1-0 in a conflict of the netterships. danaejia:slovakianna:danishman.com:slove.",-0.1421338109037403
91,solskjaer raises hopes of return manchester united striker ole gunnar solskjaer said he hoped to return next season following a career-threatening injury to his right knee.  the 31-year-old norway international had surgery in sweden in august to transplant cartilage into the joint.  i m in no doubt that i ll play again   solskjaer told aftenposten daily.  the problem will be the speed but we re talking about eight months  time. it s going as it should with the knee. i m slavishly following a programme.  solskjaer last played for united as a late substitute in may s fa cup final win over millwall. his contract with united runs out in 2006  by which time he will have been at the premier league club for 10 years.,solskjaer raises hopes of return manchester united striker ole gunnar solskjaer said he hoped to return next season following a career-threatening injury to his right knee. the 31-year-old norway international had surgery in sweden in august to transplant cartilage into the joint. i m in no doubt that i ll play again solskjaer told aftenposten daily. the problem will be the speed but we re talking about eight months time. it," was only after the knee ligament tear. it is still in its infancy. there are fears, however, that solskjr could miss out on a full season because of his knee. saktte: Solskjaar, 41, has scored 15 goals in all competitions this season and will make his first start since midweek against Manchester United. i know it's hard. but i am going to try. i would like to return. i want to do. i have","was only after the knee ligament tear. it is still in its infancy. there are fears, however, that solskjr could miss out on a full season because of his knee. saktte: Solskjaar, 41, has scored 15 goals in all competitions this season and will make his first start since midweek against Manchester United. i know it's hard. but i am going to try. i would like to return. i want to do.",0.807955875263074,-0.8703882797784892,"was just after the genu ligament teardrop. it is still in its babyhood. there are fearfulness, notwithstanding, that solskjr could lose out on a full season because of his genu. saktte: Solskjaar, 41, has tally 15 goal in all competitions this season and will make his first start since midweek against Manchester United. i know it's difficult. but i am locomote to attempt. i would care to return. i desire to do.",-0.46188021535170054
92,goldsmith:  i was not leant on  the attorney general has again denied being  leant on  by downing street to make the legal case for invading iraq.  claims a written answer on the legality of the war was drafted by downing street were  wholly unfounded   he insisted during stormy lords exchanges. lord goldsmith said the answer represented his  genuinely held independent view  the war was legal. the text was released on the eve of a crucial commons vote in which mps backed the invasion of iraq. many labour mps have since indicated that the attorney general s answer played a pivotal role in their willingness to back the conflict. the government has resisted calls to publish the full advice  saying such papers are always kept confidential. in the house of lords  the attorney general faced a call by former tory lord chancellor lord mackay to now publish the  full text  of the advice - the suggestion was rejected. another peer meanwhile  lord skidelsky  said not to publish the full legal opinion would  strengthen the suspicion that the the original text was doctored for public consumption  in exactly the same way as the notorious intelligence dossier on weapons of mass destruction .  last week lord goldsmith said in a statement:  i was fully involved throughout the drafting process and personally finalised  and of course approved  the answer.  he said the answer had been prepared in his office with the involvement of solicitor general harriet harman  two of his own officials  three foreign office officials  a qc  christopher greenwood and the then lord chancellor  lord irvine of lairg.  no other minister or official was involved in any way.   as i have always made clear  i set out in the answer my own genuinely held  independent view that military action was lawful under the existing (un) security council resolutions   he said.  the answer did not purport to be a summary of my confidential legal advice to government.  former foreign secretary robin cook said lord goldsmith s admission that his parliamentary answer was not a summary of his legal opinion suggested parliament may have been misled.  the attorney general may never have presented his answer as a summary  but others certainly did   he said.  what is clear from his statement today is that he does not believe that it was a full  accurate summary of his formal opinion.   tony blair has dismissed questions about the attorney general s advice  and said his parliamentary statement had been a  fair summary  of his opinion.  that s what he [lord goldsmith] said and that s what i say. he has dealt with this time and time and time again   mr blair told his monthly news conference in downing street. he refused to answer further questions on the issue. on the question of whether such papers have always been kept confidential  tory mp michael mates  who is a member of the commons intelligence and security committee and was part of the butler inquiry  told the bbc:  that  as a general rule  is right  but it s not an absolute rule.  he said there had been other occasions when advice had been published  most recently regarding prince charles s marriage plans. the government could not pick and choose when to use the convention  he said. mr mates added:  this may be one of those special occasions... when it would be in the public interest to see the advice which the attorney general gave to the prime minister.  a book published by philippe sands qc  a member of cherie blair s matrix chambers says lord goldsmith warned tony blair on 7 march 2003 that the iraq war could be illegal without a second un resolution sanctioning military action. a short statement about lord goldsmith s position presented in a written parliamentary answer on 17 march 2003 - just before a crucial commons vote on the military action - did not suggest this.,goldsmith: i was not leant on the attorney general has again denied being leant on by downing street to make the legal case for invading iraq. claims a written answer on the legality of the war was drafted by downing street were wholly unfounded he insisted during stormy lords exchanges. lord goldsmith said the answer represented his genuinely held independent view the war was legal. the text was released on the eve of a crucial commons vote in which mps backed the invasion of iraq.," lordGoldsmith: the lawyer-general's refusal to accept that thewar was not, or could not, be""legitimised"" is entirely inaccurate.thewarwasnotlegitimatelyimmeasurablylegitimate.thewarsandwarwasnotlegitarilylegitamuted.theblondeofgoldsmiths'confessionisunjustifiablyfalse.goldsmithbroughtupwithhisfraudulatesthewarisobligatory","lordGoldsmith: the lawyer-general's refusal to accept that thewar was not, or could not, be""legitimised"" is entirely inaccurate.thewarwasnotlegitimatelyimmeasurablylegitimate.thewarsandwarwasnotlegitarilylegitamuted.theblondeofgoldsmiths'confessionisunjustifiablyfalse.",3.464285671834358e-34,12.13455490244337,"lordGoldsmith: the attorney-general's refusal to accept that thewar was not, or could not, be""legitimised"" is wholly inaccurate.thewarwasnotlegitimatelyimmeasurablylegitimate.thewarsandwarwasnotlegitarilylegitamuted.theblondeofgoldsmiths'confessionisunjustifiablyfalse.",0.41403933560541256
93,south africa sweep top awards south africa s schalk burger was named player of the year as the tri-nations champions swept the top honours at the international rugby board s awards.  the flanker topped a list which included ireland star gordon d arcy and australian sensation matt giteau. jake white claimed the coaching award while his side held off grand slam winners france to take the team award. england player simon amor beat team-mate ben gollings and argentine lucio lopez fleming to win the sevens award. burger s award came just a week after he won the equivalent prize from his fellow international players and white  who also coached burger at under-21 level  paid tribute to him.  schalk s emergence as a major force has meant a lot to south african rugby  but has also influenced world rugby   said white.  he s become to south african rugby what jonty rhodes was to south african cricket. it s amazing what he has achieved in such a short time so far in his international career.  amor  who will captain england in this season s opening irb sevens tournament  the dubai sevens  which start on thursday  was delighted with his award.  there are so many great sevens players on the circuit at the moment that this is a genuine honour   said the gloucester fly-half.,south africa sweep top awards south africa s schalk burger was named player of the year as the tri-nations champions swept the top honours at the international rugby board s awards. the flanker topped a list which included ireland star gordon d arcy and australian sensation matt giteau. jake white claimed the coaching award while his side held off grand slam winners france to take the team award. england player simon amor beat team-mate ben,"edryman, who has won the world junior/tribal-player/coach/teamswap-team-bundles-of-the-worlds-best-tournament-informatica-france.the-tiger/namibians-captain-and-captains-initiative-for-thetiger.the.golden-championship-ofcricket-swap-forwards-","edryman, who has won the world junior/tribal-player/coach/teamswap-team-bundles-of-the-worlds-best-tournament-informatica-france.the-tiger/namibians-captain-and-captains-initiative-for-thetiger.the.",3.5643491955831276e-47,14.377837884126468,"edryman, who has win the world junior/tribal-participant/manager/teamswap-squad-parcel-of-the-cosmos-best-tournament-informatica-france.the-tiger/namibian-captain-and-captains-initiative-for-thetiger.the.",-0.2055566129482595
94,amnesty chief laments war failure the lack of public outrage about the war on terror is a powerful indictment of the failure of human rights groups  amnesty international s chief has said.  in a lecture at the london school of economics  irene khan said human rights had been flouted in the name of security since 11 september  2001. she said the human rights movement had to use simpler language both to prevent scepticism and spread a moral message. and it had to fight poverty  not just focus on political rights for elites.  ms khan highlighted detentions without trial  including those at the us camp at guantanamo bay in cuba  and the abuse of prisoners as evidence of increasing human rights problems.  what s a new challenge is the way in which this age-old debate on security and human rights has been translated into the language of war   she said.  by using the language of war  human rights are being sidelined because we know human rights do not apply in times of war.  ms khan said such breaches were infectious and were now seen in almost very major country in the world.  the human rights movement faces a crisis of faith in the value of human rights   she said. that was accompanied by a crisis of governance  where the united nations system did not seem able to hold countries to account.  the amnesty secretary-general said a growing gap between the perceived influence of human rights group and what they could actually achieve was fuelling scepticism.  public passivity on the war against terror is the single most powerful indictment on the failures of human rights groups   she said. ms khan said the movement had failed to mobilise public outrage about what was happening to the human rights system. there needed to be a drive to use simpler language  talking about the basic morality of the issues rather than the complexity of legal processes. such efforts could make the issues more relevant to people across the world  she said.  the human rights groups also had to recognise there were new groups which had to be tackled in new ways as power dripped away from state governments. al-qaeda  for example  was not going to be impressed by a traditional amnesty letter writing campaign. more also needed to be done to develop a human rights framework for international business corporations. amnesty international members voted in 2001 to extend the organisation s work from political and civil rights to cover social and economic rights too. ms khan said the human rights movement would make itself irrelevant if it turned away from the suffering caused by economic strife.  we would be an elitist bunch working for the elites  for those who cannot read the newspaper of their choice rather than those who cannot read   she said. despite her concerns  ms khan dubbed herself a  hope-monger   saying she was confident the passions of the human rights movement could overcome the new challenges.,amnesty chief laments war failure the lack of public outrage about the war on terror is a powerful indictment of the failure of human rights groups amnesty international s chief has said. in a lecture at the london school of economics irene khan said human rights had been flouted in the name of security since 11 september 2001. she said the human rights movement had to use simpler language both to prevent scepticism and spread a moral message. and it had to fight poverty not just focus on," the problem of poverty, but also to create a culture of living and working together to build a better, more prosperous future for all.
The world's worst humanitarian crisis.bys.s-toryonline.org/newsroomAmitabh Bachchan, an Indian politician, has accused his political opponents of using the pandemic as an excuse to ""blame"" poor countries for their humanitarian disaster.chandigarhlive.com/news/2021/10","the problem of poverty, but also to create a culture of living and working together to build a better, more prosperous future for all. The world's worst humanitarian crisis.bys.s-toryonline.org/newsroomAmitabh Bachchan, an Indian politician, has accused his political opponents of using the pandemic as an excuse to ""blame"" poor countries for their humanitarian disaster.chandigarhlive.",0.0345892539785966,1.817252183457703,"the job of poverty, but also to make a civilisation of living and work together to make a better, more prosperous future for all. The creation's worst humanitarian crisis.bys.s-toryonline.org/newsroomAmitabh Bachchan, an Indian politician, has criminate his political opponent of using the pandemic as an exculpation to ""fault"" poor country for their humanistic disaster.chandigarhlive.",-0.8520128672302585
95,dent continues adelaide progress american taylor dent reached the final of the australian hardcourt event in adelaide with a crushing 6-1 6-1 win over argentine juan ignacio chela.  dent will meet swede joachim johansson on sunday after the second seed survived a tense tie-break to defeat belgium s olivier rochus 6-1 7-6 (7/5). johansson  the boyfriend of lleyton hewitt s sister jaslyn  received strong crowd support on saturday.  it feels like home for me  because jaslyn lives here   said johansson. rochus was leading 5-4 in the second set tiebreak but his concentration was ruffled by a disputed line call and the match slipped away.  it was so close - one mistake like this and the match is over  it s tough. for me  it was clearly out   rochus said.,dent continues adelaide progress american taylor dent reached the final of the australian hardcourt event in adelaide with a crushing 6-1 6-1 win over argentine juan ignacio chela. dent will meet swede joachim johansson on sunday after the second seed survived a tense tie-break to defeat belgium s olivier rochus 6-1 7-6 (7/5). johansson the boyfriend of l,"ena, had a difficult time, losing her way to the match and, having beaten dave, was forced to retire from the match.dent, who is ranked number one, won her first-round match against aaao, 6-3 7-5.deneau, the daughter of daneau's father, beat euherman, 64 7-2.dennaau is the only person who has won the hardcourt title at the Adelaide hardcourt","ena, had a difficult time, losing her way to the match and, having beaten dave, was forced to retire from the match.dent, who is ranked number one, won her first-round match against aaao, 6-3 7-5.deneau, the daughter of daneau's father, beat euherman, 64 7-2.",0.1115087349733074,1.2185435916898848,"ena, had a hard time, lose her manner to the lucifer and, having trounce dave, was hale to retire from the match.dent, who is rank figure one, win her first-round match against aaao, 6-3 7-5.deneau, the daughter of daneau's begetter, beat euherman, 64 7-2.",-1.3471506281091268
96,oil rebounds from weather effect oil prices recovered in asian trade on tuesday  after falling in new york on milder winter weather across the us.  with winter temperatures staying relatively high in the northern us  a barrel of light crude ended monday down $1.33 to $42.12. however crude prices have rebounded in asia  rising to $42.30 a barrel for february delivery. in london  trading of brent crude was suspended for a public holiday  but the price fell to $39.20 in the far east.  with milder temperatures expected to continue in the northern parts of the us over the next few days at least  analysts have said the price of oil may fall further - even if the decline was only temporary.  weather has been the achilles  heel of this market   said abn amro analyst john brady.  but it is winter in the northeast. eventually we ll get another cold blast.  despite a fall of more than $12 a barrel from the record highs reached in late october  the price of crude oil remains almost 30% higher than year-ago levels. prices rose last week after militant attacks in riyadh  the capital of saudi arabia  briefly renewed fears that the supply chain might be broken in the world s leading crude exporter.  the market was panicked but fears essentially evaporated... since there was no follow-up   said deborah white  senior economist for energy at sg securities in paris.,oil rebounds from weather effect oil prices recovered in asian trade on tuesday after falling in new york on milder winter weather across the us. with winter temperatures staying relatively high in the northern us a barrel of light crude ended monday down $1.33 to $42.12. however crude prices have rebounded in asia rising to $42.30 a barrel for february delivery. in london trading of brent crude was suspended for a public holiday but the price fell," to $41.80 on sunday morning, before recovering to $43.50.

inferiority:theres no reason to expect a rise in oil prices,this isnt a sign of weakness either.theres also no reason why oil prices will remain low in the long-term.thetrendsforasianexpectationsofthebackwardnessoftheresideasidearentsoftheresnowingoftheweighingoutatle","to $41.80 on sunday morning, before recovering to $43.50. inferiority:theres no reason to expect a rise in oil prices,this isnt a sign of weakness either.theres also no reason why oil prices will remain low in the long-term.",4.574799196522324e-09,5.745784114263195,"to $41.80 on sunday morning, before recover to $43.50. inferiority:theres no reason to anticipate a rise in oil prices,this isnt a sign of weakness either.theres too no ground why oil price will stay low in the long-term.",-1.3000224919331833
97,ireland win eclipses refereeing  errors  the international rugby board may have to step in to stop frustrated coaches and players from publicly haranguing referees when things go belly-up.  it may have to go the whole way and have nfl-style video cameras all over the field  or slap the vociferous perpetrators over the knuckles. what the irb does not want is a football scenario where the verbal slanging matches often overshadow the game itself. sunday s explosive six nations clash at lansdowne road was a good example as ireland took another step towards their first grand slam since 1948. the game was as exciting as it comes  with a much-improved england side enraged at a few decisions that did not go their way. one can understand that frustration. there was no doubt that ireland had the rub of the green in their 19-13 victory  but the reaction from the england camp may not have endeared them to the sport s  blazers . referee jonathan kaplan was not perfect by any means and two decisions in particular made him the villain of the piece. i doubt whether kaplan would have been too pleased at the comments made. after all  he has no public recourse to criticism.  it was the same for simon mcdowell  the touch judge who was heavily criticised by scotland coach matt williams after their defeat against france. as far as england were concerned  there were queries over mark cueto s first half-effort when he went over in the corner from a charlie hodgson kick.  england coach andy robinson referred to a similar case at ravenhill in january when ulster were playing gloucester in the heineken cup. on that occasion  david humphreys kicked to tommy bowe  who touched down in the corner only for the try to be wiped out. but you cannot have cameras at every conceivable angle to pick up such anomalies. perhaps robinson was right to say the referee should have gone upstairs when josh lewsey was driven over the irish line near the end.  lewsey claims he touched it down and was in full control. however  one has to credit ireland flanker johnny o connor for cleverly scooping the ball away and blocking any evidence of a touchdown. but in rugby  everything tends to even out over the 80 minutes. the referee also missed england s danny grewcock taking out ronan o gara off the ball to allow martin corry a sunday stroll to the line. those were the stand-out moments in a classic game between the two old foes.  but there were many more  and one should not take away from those. brian o driscoll s winning try was as well-conceived as they come  while charlie hodgson s brilliant kicking display was another highlight. and ronan o gara s tremendous ability to control the game was also a crucial component. but the defining moments came with ireland under the cosh in the final 15 minutes. two outstanding pieces of defensive play denied england and allowed ireland to hold on. the first was denis hickie s brilliant double tackle in the right-hand corner. he gobbled up cueto from another hodgson cross-field kick  then regained his feet to stop lewsey from scoring a certain try. ireland s second-row colossus paul o connell was equally superb. england had turned ireland one way then the other  and the defence cordon was slowly disintegrating. england prop matt stevens ran in at full steam to suck in a few more tacklers. unfortunately he ran into o connell who hit him hard - very hard - and then wrestled the ball away for a crucial turnover. that spoke volumes about ireland s back-foot display  with defensive coach mike ford taking a bow at the end. to win a game like that showed that ireland have moved forward. it may be tries that win games  but it is defence that wins championships.,ireland win eclipses refereeing errors the international rugby board may have to step in to stop frustrated coaches and players from publicly haranguing referees when things go belly-up. it may have to go the whole way and have nfl-style video cameras all over the field or slap the vociferous perpetrators over the knuckles. what the irb does not want is a football scenario where the verbal slanging matches often overshadow the game itself. sunday s explosive six nations clash at l,"ancashire university:the-nfl-and-soccer-inaction-match-infield-garden-wins-africans-offending-referees-aussies-dont-give-fiancino-australia-win.orlando/index.shtmlThe International Rugby Board (IRCB) has been accused of being ""tired"" by the fact that referees are ""not used"" during the Six Nations,",ancashire university:the-nfl-and-soccer-inaction-match-infield-garden-wins-africans-offending-referees-aussies-dont-give-fiancino-australia-win.orlando/index.,5.284896280535672e-23,9.806374618837644,ancashire university:the-nfl-and-soccer-inactiveness-match-infield-garden-wins-african-offending-referees-aussies-dont-give-fiancino-australia-win.orlando/index.,1.2365680446706235
98,japan narrowly escapes recession japan s economy teetered on the brink of a technical recession in the three months to september  figures show.  revised figures indicated growth of just 0.1% - and a similar-sized contraction in the previous quarter. on an annual basis  the data suggests annual growth of just 0.2%  suggesting a much more hesitant recovery than had previously been thought. a common technical definition of a recession is two successive quarters of negative growth.  the government was keen to play down the worrying implications of the data.  i maintain the view that japan s economy remains in a minor adjustment phase in an upward climb  and we will monitor developments carefully   said economy minister heizo takenaka. but in the face of the strengthening yen making exports less competitive and indications of weakening economic conditions ahead  observers were less sanguine.  it s painting a picture of a recovery... much patchier than previously thought   said paul sheard  economist at lehman brothers in tokyo. improvements in the job market apparently have yet to feed through to domestic demand  with private consumption up just 0.2% in the third quarter.,japan narrowly escapes recession japan s economy teetered on the brink of a technical recession in the three months to september figures show. revised figures indicated growth of just 0.1% - and a similar-sized contraction in the previous quarter. on an annual basis the data suggests annual growth of just 0.2% suggesting a much more hesitant recovery than had previously been thought. a common technical definition of a recession is two successive quarters of negative growth. the government was keen to play," down expectations, but its recent, relatively short-term rate cut and subsequent economic stimulus have created uncertainty about whether it will be enough.
The world's second-biggest economy, which has been struggling since the 2008 financial crisis, has seen its share price rise by 15% in 2018, driven mostly by worries over the impact of the coronavirus. its efforts to contain the outbreak have also caused volatility. the yen and euro. the rupee and dollar.sry.
""There","down expectations, but its recent, relatively short-term rate cut and subsequent economic stimulus have created uncertainty about whether it will be enough. The world's second-biggest economy, which has been struggling since the 2008 financial crisis, has seen its share price rise by 15% in 2018, driven mostly by worries over the impact of the coronavirus. its efforts to contain the outbreak have also caused volatility. the yen and euro. the rupee and dollar.sry.",0.8648760438384763,-1.102491821052753,"down outlook, but its recent, relatively short-term rate cut and subsequent economical stimulus have created uncertainness about whether it will be adequate. The world's second-large economy, which has been struggling since the 2008 fiscal crisis, has see its share cost rise by 15% in 2018, driven mostly by worry over the impact of the coronavirus. its effort to incorporate the eruption have too caused volatility. the yen and euro. the rupee and dollar.sry.",-1.7864740025262411
99,rapper kanye west s shrewd soul us hip-hop star kanye west - who leads the race for this year s grammys with 10 nominations - rose to prominence by producing songs for artists such as jay-z and alicia keys.  he then emerged from his behind-the-scenes role to become an artist as well as a producer. but his solo career almost ended before it began after a near-fatal car crash left west with his jaw wired shut in 2002. the resulting song  through the wire  became west s first uk hit in april 2004 and subsequent album the college dropout became a transatlantic success  both critically and commercially. west  26  began rapping as a teenager at his chicago school  inspired by the beats and rhymes of 1980s pioneers run dmc.  hip-hop producer no id encouraged west to sample old soul and r&b hits then revive them with an updated sound  an approach that would become his trademark.  i feel like a lot of the soul that s in those old records that i sample is in me   he said.  so when i hear them and i put them with the drums and i bring them to the new millennium  it s just like god s doing that. i m one with them records right there. it s a blessing.   leaving his chicago art school after only one year - a move which would later inspire the title of his album - west began his music career co-producing songs for artists mase and the madd rapper. this drew the attention of superstar rapper jay-z  who signed west up to his roc-a-fella record label to produce numerous artists on his roster. west s work gained mainstream recognition when he produced the singles takeover and izzo (hova) on jay-z s own 2001 album blueprint. incorporating samples of five to one by the doors and the jackson five s i want you back respectively  the hits were credited with injecting soul back into hip-hop.  as their success attracted further production work for jay-z ( 03 bonnie & clyde) and artists such as ludacris (stand up) and alicia keys (you don t know my name)  west announced plans for a solo album. driving home from a late-night los angeles recording session in october 2002  he was involved in the car crash that left his jaw fractured in three places.  anytime i hear about any accident my heart sinks in and i just thank god that i m still here   he later said.  that steering wheel could have been two inches further out  and that would have been it.   west s account of the accident sampled chaka khan s hit through the fire to become the heart of his completed solo album the college dropout. released last year  it was by turns smooth  humorous and sharp and largely avoided the clich&#233;d hip-hop preoccupation with guns  girls and jewellery.  through the wire was quickly joined in the uk and us charts by slow jamz  on which west collaborated with rapper twista and ray actor jamie foxx. the college dropout spawned two further uk hits and a string of award nominations. west was shortlisted for 10 grammys - including nominations for artist and album of the year - and took the best hip-hop artist  producer and album titles at last year s music of black origin (mobo) awards. now a respected rapper and producer in the influential field of hip-hop  kanye west is unlikely to regret his decision to leave college early.,rapper kanye west s shrewd soul us hip-hop star kanye west - who leads the race for this year s grammys with 10 nominations - rose to prominence by producing songs for artists such as jay-z and alicia keys. he then emerged from his behind-the-scenes role to become an artist as well as a producer. but his solo career almost ended before it began after a near-fatal car crash left west with his jaw wired shut in 2002. the," world's most-watched rapper, whose real name is Frankforteususonnebrogue.com/kanyewest/rampage-of-souls-bigger-and-more-recently-celebrated-releases, was killed at age 40 in a car accident in northern California. the singer, who was born in San Diego, California.was a songwriter/guitarist; he recorded several albums: his first,,","world's most-watched rapper, whose real name is Frankforteususonnebrogue.com/kanyewest/rampage-of-souls-bigger-and-more-recently-celebrated-releases, was killed at age 40 in a car accident in northern California. the singer, who was born in San Diego, California.",1.097184379420131e-09,5.982723665366832,"world's most-watch rapper, whose existent name is Frankforteususonnebrogue.com/kanyewest/rampage-of-souls-bigger-and-more-recently-celebrated-releases, was kill at age 40 in a auto accident in northern California. the vocalist, who was bear in San Diego, California.",1.4381849910133495
