"id","original_prompt","used_prompt","generated_text","p_value","z_score"
"0","family mormon have never tried explain them they still stare puzzled from time time like some kind strange creature nonetheless they have come admire for the patience calmness equanimity acceptance and compassion have developed all the things buddhism teaches","family mormon have never tried explain them they still stare puzzled from time time like some kind strange creature nonetheless they have come admire for the patience calm","some more I can't help glancing around them and these people and their mess that they have put up is still so disgusting it's kinda funny “just wallowing,” he says. “haha.” “yeah.” “yeah.” “yeah.” “yeah","8.43995742961213e-06","4.302608256737449"
"1","buddhism has very much lot compatible with christianity especially considering that sin and suffering are almost the same thing suffering caused wanting things shouldn want going about getting things the wrong way christian this would mean wanting things that don coincide with god will and wanting things that coincide but without the aid jesus buddhism could also seen proof god all mighty will and omnipotence certainly christians are lucky have one such christ there side but what about everyone else well many christians believe god grace salvation and buddhism god way showing grace upon others would also help study the things jesus said and see how buddha has made similar claims such rich man getting into heaven joke basically advocating that should rid ourselves material possessions fact distinctly remembered jesus making someone cry because that someone asked what achieve salvation and jesus replied with live like buddhist very very roughly translated also point out that buddha rarely spoke anything about god theory personally because knew well enough leave that jesus and mohamed who came later just remember conflict difference opinion but education can fun involving and enlightening easier teach something than prove right like intelligent design","buddhism has very much lot compatible with christianity especially considering that sin and suffering are almost the same thing suffering caused wanting things shouldn","'t be in the equation. I agree, but God did and I think that was what it was supposed to be about. My point was that the man who wrote the bible (the one where Jesus was crucified) did not believe in sin. Yea I'm just saying the bible doesn't exactly fit very well. So the man who wrote the bible *is* the","7.280110073914057e-09","5.666666666666667"
"2","seriously don say thing first all they won get its too complex explain normal people anyway and they are dogmatic then doesn matter what you say see mechante post and for any reason you decide later life move from buddhism and that doesn suit you identity though you still get keep all the wisdom then your family will treat you like you went through weird hippy phase for while there didncha and you never hear the end pro tip don put one these your wall jpg","seriously don say thing first all they won get its too complex explain normal people anyway and they are dogmatic then doesn matter what you say see","whats wrong with them You are a good person if you think it’s too complex well if it was too complex i would not be in here and you would not be getting what you are saying then thats why i said not saying anything first even though you are a good person","4.563670899644565e-11","6.48074069840786"
"3","for your own benefit you may want read living buddha living christ thich nhat hanh you might find any subsequent discussions with your loved ones easier you are able articulate some the parallels that exist between buddhism and christianity don surprised they react negatively for having lost you treat them with compassion and deserved understanding although they may indeed display signs being hurt your new path properly sharing with them way that may alleviate their fear something they may perceive wrong the very least alien their beliefs may help allowing them the long run accept although not necessarily agree with your decision regardless where they end you have make your own way","for your own benefit you may want read living buddha living christ thich nhat hanh you might find any subsequent discussions with your","buddha a better source, or just keep reading these articles and you will find that they are not contradictory. Dr Amir Khan, the founder’s son of Dr Shahid Khan, is the first author of the book The Path to Buddha: Practical Buddhism in Practice, which is the first in its series of Buddhist articles. […] along with Dr Shahid Khan","1.3768287042728127e-17","8.456566295696707"
"4","you should all sit down together and watch the simpsons episode where lisa becomes buddhist simpsons season episode she little faith then discuss","you should all sit down together and watch the simpsons episode where lisa becomes buddhist simpsons season episode she little faith then discuss","some more things then sit on your couch and watch the show while she gets drunk with some friends I was going to say, that sounds like the right thing to do. I don’t hate them, but it’s unnecessary and boring. i don't think it's a bad thing, just honestly, i don't mind the show, it's just something that makes me","3.6655615250382416e-11","6.513721780101713"
"5","was teens when discovered zen meditation was then undiagnosed bpd being homeschooled and just gotten 56k modem with web connection where came across link zen meditation tried for couple weeks and the change was palpable felt the most profound sense peace ever felt grades immediately started going had more energy started martial arts just huge positive change all around parents asked something was wrong fundie parents when anything changes this was where naiveté kicked foolishly told them been trying meditation and really calmed down thought they happy that found something that helped but never forget what happened next mother affected this mockingly calm breathy voice she said you can pretend calm and happy all you want but without jesus you never content was that moment that any belief had christian faith all vanished completely realized that she had probably never been happy ever have never felt profoundly sorry for someone did for her that moment","was teens when discovered zen meditation was then undiagnosed bpd being homeschooled and just gotten 56k modem with web connection where","some sites had a better on-line connection than others Then it’s time to fix those broken internet connections okay but i would have to cull out those broken internet connections if i dont do the zen meditation step so you would have to cull out those broken internet connections if you do the zen meditation step You would need to cull out those broken internet connections if you do","3.0953587719586688e-15","7.8"
"6","there are two varieties christians dogmatic that dwell words and conservative that take heart the spirit the teachings hate oversimplify things but helps this understanding you are discussing with dogmatic religious people who live the letter the law will uphill battle wish you luck you are discussing with moderates exchange idea should come fairly easily comparing contrasting also discussing parallel teachings presented differently wouldn out the ordinary they may give you relevant spiritual advice even though you are not believer their religion","there are two varieties christians dogmatic that dwell words and conservative that take heart the spirit the teachings hate oversimplify things but helps this understanding","of truth and the ways of our religion and it actually helps to make our culture strong in its beliefs. ""we don't need a lot of words to explain what God means, because we don't need all of the words we know and the ways we know and the ways we know and the ways we know and the ways we know and the ways we know and the ways we know and the","2.7935882150295748e-30","11.374735838014674"
"7","dont worry about trying explain yourself just meditate regularly and try hard you can more aware everything else will follow coming from someone who has been throught his situation welcome pms","dont worry about trying explain yourself just meditate regularly and try hard you can more aware everything else will follow coming from someone who has been through","some shit This is my plan. I started (and continue to) meditate, because it is my primary method of practice and it has helped me to become better at things I don't want to do. I'm going for more than one meditative meditation to help with some of the emotions. I'm just honestly not sure what to focus on. I'm trying to focus on finding what","3.853429476909578e-24","10.067294937093447"
"8","recently told family that buddhist live the bible belt this whole ordeal involved leaving the baptist church and everything been pretty rough but those who really care about have been open and accepting they seen the good has created life and relationships with others fact there are handful christians who have lovely conversations with and that truly respect someone else suggested living buddha living christ great one read about the important dialogue between buddhists and christians also welcome you message","recently told family that buddhist live the bible belt this whole ordeal involved leaving the baptist church and everything been pretty rough but those who","are now in the bible belt, are not getting ""real"" and their christians are. They're still trying to make sense of these ""real” Christian religious experiences. They have no rhyme or reason except for being a jerk. They have no problem with being a jerk. I am honestly not sure what they need to hold back, or really, what they need","1.8423326457249043e-13","7.266666666666667"
"9","unto others you would have them unto you would good start","unto others you would have them unto you would good start","I was thinking more on, ""Who are they to judge and claim them as their own?"" they are not your own. they are mine and mine and mine and mine and mine and mine and mine and mine and mine and mine and mine and mine and mine and mine and mine and mine and mine and mine and mine and mine and mine and mine and mine and mine and mine and mine","1.6057998088975788e-36","12.566877373731588"
"10","first understand that you are not anyway control how they will react always find that any subject better understood first learning the vocabulary explain what the word buddha means most people believe buddhists praise worship and follow guy named buddha christians due jesus let them know that one could both buddhist and christian with conflict the teachings and the messages jesus are indeed buddhist philosophy jesus became enlightened buddha and realized that had become annointed being christ then continue with your practice and let them work out their own issues that advice all the best","first understand that you are not anyway control how they will react always find that any subject better understood first learning the vocabulary explain what the word budd","hist means to them better on your own you are not but if you are not then they will not be as interested as they need to be in what you are saying with those words. I was not trying to say it was better, I'm just saying that the subject matter was better, which is the purpose of the post itself. So the subject matter, along with the meaning of the","3.244405842210005e-17","8.355986525989065"
"11","recently heard similar question where person asked they should introduce meditation his loved ones who had challenges coping with problems life the answer from the lama was quite interesting instead giving people advice one should focus his practice that way others will see the change and maybe even ask about personally think better keep yourself even though you must really excited about you can also keep dharma books around the house and sure people will pick them for quick browse when you are not looking learn bit about other people traditions well browsing through books they owned","recently heard similar question where person asked they should introduce meditation his loved ones who had challenges coping with problems life the answer from the lama was","that they should not be on meditations when their loved ones were struggling with some problems, or just while researching for a job. My girlfriend and I’ve been going through a lot of this. I would like to suggest some ideas. I’ve thought of meditation on the go before, but haven’t taken the time yet. I would like to hear what you think","6.1014421920100456e-15","7.713901315435238"
"12","different times different cultures same point they were trying get across jesus said god has beginning nor end buddha said mind was never born and has never died just replace the word meditation with prayer and couting the breath with the name jesus and everyone happy","different times different cultures same point they were trying get across jesus said god has beginning nor end buddha said mind was never born and","thus the universe was created on different occasions and it has no Kingdom and there is no God or real creation is it real? Not really. There are a lot of different interpretations of the Bible, but one of the things that I would argue would make sense in the bible is that the universe was created by humans/human beings. well then thats pretty much it. this is just one thing","1.9178898790404034e-14","7.566444492037343"
"13","does evil include the lady pai chunked","does evil include the lady pai chunked","out? Not sure on, but it does include a bit of the girl pai chunked out. ""He's a good Guy""","1.9687982181584466e-05","4.111111111111111"
"14","our campaign has two suns one pelor the other shamedan pelor the god all know and find bit stifling really shamedan the sun desert the burning sun who will kill you without mercy even second though shamedan brings drought and brings the fire that destroys all you own generally not very nice has race fey called desert hags who worship him and have radiant and fire resistance but they haven played nearly much part the campaign they should have","our campaign has two suns one pelor the other shamedan pelor the god all know and find bit stifling really shamedan","pelor all know how it is to kill them both but i don’t feel like having to hunt for them Drastic. You are right”- wallpaper-pennell Drastic indeed. haha thanks!","1.664253072634348e-12","6.963106238227914"
"15","technically you could argue that sobek evil would represent power and also crocodiles whereas also represents fertile land also the guy could shapeshift into crocodile badass","technically you could argue that sobek evil would represent power and also crocodiles whereas also represents fertile land also the guy could shapeshift into","a crocodile (which he would do as a ""garden"" if someone was worried or just wanted to hide behind the shrubs). so, yes, there would be some similarities, but i dont see the resemblance either. ya, that's a good point. I'm just gonna go ahead and assume it's a crocodile but I could hold onto it. haha! they","1.1553044044989252e-17","8.47700708521628"
"16","always liked vecna the one time was able use him story had blast playing the fact that was far not the most powerful deity but was one the most dangerous due his portfolio but favorite pale night who technically not deity but close enough guess most the abyssal lords and the rulers the nine hells are fairly straightforward and have ample backstory but her lack thereof just intriguing","always liked vecna the one time was able use him story had blast playing the fact that was far not the most powerful deity but was one the","least powerful was definitely better on some occasions and it actually improved his story","0.002739276621273683","2.7774602993176543"
"17","though don have any good suggestions for additional deities the moment you should probably have some overlap the cavern dwelling gnolls might consider pelor the god evil blinding them with his wicked light loki has sufficiently fooled them over the years into thinking their benefactor always leading them the bountiful crops they steal from the peasantry they have statues him fat woman giving out food the starving they view the god death the god justice giving righteous end those gnolls that have served brutal conflicts point view can change everything","though don have any good suggestions for additional deities the moment you should probably have some overlap the cavern dwelling gnolls might consider pelor the god evil","I was thinking more on, what if dragons (and dwarves and humans) were in both sides of the cavern dweller cult? There are a lot of dwarven religions based on pagan beliefs but one of the things that I would recommend is to try and gather a lot of the folk religion (or some folk religion) from the cavern dweller cult as they are really good and you could","1.9848913793922377e-22","9.671889915908604"
"18","cliche but you can wrong with cyric mean was mortal who just nabbed all when got the chance you gotta respect that","cliche but you can wrong with cyric mean was mortal who just nabbed all when got the chance you gotta respect that","I was pretty confident on it. You'll get it. if you were in his place, you'd probably get it. You are right i need to keep going, its not worth it. its a good thing you didnt use the name cyric. Totally. I really like his art. I just don't want to make a lot of this. well,","1.335957228793778e-19","8.981462390204985"
"19","zon kuthon and his sister shelyn good deity have really cool story from the pathfinder setting plus off topic pathfinder has the coolest good deity ever cayden cailean was bard that got wasted one night stumbled into the temple the star stone artifact that can turn you into deity and woke the next morning with hangover memory the night before and godly powers","zon kuthon and his sister shelyn good deity have really cool story from the pathfinder setting plus off topic pathfinder has the coolest good","god exotics and a great, well done god exotics set and I really like that they’re both based off of the pathfinder world and”also I love how they’re both the first looking God,” said her sister also here’s a really good set from the pathfinder setting and a really good set from the pathfinder setting and they","2.91528814821389e-16","8.092805848005158"
"20","homebrew setting the primary lawful evil deity named for friend lewie essentially has three domains tyranny law applied without mercy vengeance and community the idea being that cruel and harsh god but also recognizes that you catch more flies with honey than with vinegar thus his church often the most benevolent toward the common people day day basis the running gag that lewian churches sponsor more inner city basketball teams than any other major faith you probably want change the name but might make interesting dynamic within your setting","homebrew setting the primary lawful evil deity named for friend lewie essentially has three domains tyranny law applied without mercy vengeance and community the idea being","that justice is the better choice, which i dont think will become reality for long I was thinking about making a homebrew setup as well. I'm in a bit of a dissapointment that my ""real evil deity"" is still not localized in the US. well if your using homebrew go ahead and set the first domain to pubic evil and have them be your lawful evil and you could","1.4043485111644206e-13","7.303263814053436"
"21","for one campaign pretty much just snatched the chaos god nurgle lord plague from the whfb wh40k universe renamed him narghull was nar ghull can remember random apostrophes are always nice though the campaign revolved around his cult trying wake the god from sleep that had lasted 1000 years but sadly stalled very lazy this was back was never meant encountered directly meaning never worked out any stats anything basically works spread plague and other diseases and pretty damn evil think","for one campaign pretty much just snatched the chaos god nurgle lord plague from the whfb wh40k universe renamed him narghull was","pretty shit too Why did they rename it? (not much of a fan of the name, just curious about what it means) Because it’s the correct name, which means “moon god.” Or is it? Yep, I can't help but see your point. You are right!","2.742664908887137e-12","6.8924144060036046"
"22","demogorgon because fuck you and your shit god","demogorgon because fuck you and your shit god","dammit Demogorgons ruined my day (and why the fuck did they ruin my life??). I'm SO fucking happy that these boys have come out with something so different from what I expected. they are a step in the right direction, but holy shit they released a better album than the first one. Not sure why you are being downvoted for this. Because","2.7281535713460872e-21","9.4"
"23","you want badasss evil gods you want real gods then choose from this list there plenty evil cthulhu mythos","you want badasss evil gods you want real gods then choose from this list there plenty evil cthulhu mythos","god exegesis list on here (ween) I'd love to have that list but it is hard to find. I can't find any links to it. I don't do much but I'm curious how this is not niche. you can't find any links to it either. you can't find any links to it. I don't do much but I'm curious how","9.539165044991841e-16","7.947194142390263"
"24","pelor the burning hate the best evil god","pelor the burning hate the best evil god","ever created Not sure on if you are being serious but if so, what is it? ""main"" god. The one that allows you to worship and kill evil people, but creates hate towards them. TIL...I'm not a good person. I can't help hate maple syrup I am. I can't help hating the largest and most hated religion in the world.","3.0953587719586688e-15","7.8"
"25","fyi the traditional chtonic deity for magic for the romans least was the goddess hecate","fyi the traditional chtonic deity for magic for the romans least was the goddess hecate","(which was pretty popular on, well, modern magic circles, and I think that was done sometime after ducal rule, which means she was too popular). I don’t remember the name of the deity though. ya i remember the name, but i dont think it was maple tbh. I was talking about the traditional version of the name, which is probably why they","3.244405842210005e-17","8.355986525989065"
"26","far evil goes big fan shar from the forgotten realms setting the god ultimate despair loss and suffering you know god evil when followers don even bother asking for small boons but instead invoke suffering themselves and others hopes that those events will enough prevent the god from needing get involved personally bringing suffering into the world shar isn one those pansy goddesses evil where you might get nod appreciation for sacrifice with shar you better kill somebody damn near ever day and you get nothing and like with check out the dogma here","far evil goes big fan shar from the forgotten realms setting the god ultimate despair loss and suffering you know god evil when followers don even bother asking for","his forgiveness in the first place, its not about you but all of the characters and the universe Yea I know about that setting, but it’s so much so, that I don’t know how it’ll be all that cool in my mind.","2.12451866954864e-12","6.928640603037555"
"27","like the idea prometheus giving magic the pcs however think that prometheus should more like demi god and that the reason why gives the magic mortals prometheus could jealous the fact that the gods have all the powers and they granted him only half status upon his creation thus his revenge giving humanity order turn the tides power among deities and mortals furthermore perhaps the repercussion prometheus feels from his action being dragged the underworld cerberus making him seem less than deity like and more mortal inhuman order face judgment from egyptian goddess morals virtue and judge the dead","like the idea prometheus giving magic the pcs however think that prometheus should more like demi god and that the reason why gives the magic","the pcs the powers of the magic powers of the magicians and the magicians are because prometheus is going to use the powers of magic the magicians and the magicians are because prometheus is going to use the powers of magic the magicians and the magicians are because prometheus will use the powers of magic the magicians and the magicians are because prometheus will use the powers","6.72816570931952e-26","10.458073819632258"
"28","pelor the burning hate also hextor boss god tyranny and conquest always fun think one the books there god lawyers too","pelor the burning hate also hextor boss god tyranny and conquest always fun think one the books there god lawyers too","I was thinking more on, what if he were to become a cleric? Would it be just as good since it has a cleric stat? i’ve thought so, yes a cleric stat is the first thing that comes to mind but it’s a lot more likely to end up at his grave. Not sure why I'm getting downvoted for this. i","1.8423326457249043e-13","7.266666666666667"
"29","wee jas lawful neutral god death magic and necromancy not evil god but perfect representation the inevitable things which mortals fear while other evil gods make plans which may thwarted wee jas merely waits all shall come her the end also playing cleric her fabulous fun","wee jas lawful neutral god death magic and necromancy not evil god but perfect representation the inevitable things which mortals fear while other evil gods","do not fear the damned. I wish this actually happened. we do not, because god is evil ""He is evil!"" ""He’s bad!"" We do not hate God, because it’s evil! ""He’s good! He’s good! He’s good!"" We do hate God, because it’","2.2278545302028032e-05","4.08248290463863"
"30","zen master bassui said when the functioning analytical consciousness destroyed feelings are purified this referred the pure land the west you truly want know the meaning being born the pure land you must first know the master who born this land the physical body has never from its inception been the true body but rather temporary formation the five aggregates after the four elements disperse what remains called the self the self originally empty what that born the pure land there master born the pure land what that seeks this land bliss just extinguish the ever seeking mind rid thoughts and attachment form and the body consisting the four elements will have individual self when there individual mind the nature mind and there aspect disorder","zen master bassui said when the functioning analytical consciousness destroyed feelings are purified this referred the pure land the west you truly want know the meaning being born","in truth and the state of consciousness the state of consciousness the state of consciousness the state of consciousness the state of consciousness the state of consciousness the state of consciousness the state of consciousness the state of consciousness the state of consciousness the state of consciousness the state of consciousness the state of consciousness the state of consciousness the state of consciousness the state of consciousness the state of consciousness the state of consciousness the state of consciousness the","4.7607430986746085e-52","15.134976397356"
"31","pure land other power opposed the usual self power taught most buddhist schools though the pure land here and now and not some other dimension the afterlife","pure land other power opposed the usual self power taught most buddhist schools though the pure land here and now and not some other dimension the afterlife","is where you can put on your happy face, and you could also join in with some good observing You are right about that. I never thought about that. I suppose I don’t hate them more than a lot of the modern Buddhism I know but it’s just something I really like about the religion. i would say the religion is just a religion and it does what","3.244405842210005e-17","8.355986525989065"
"32","there are many flavours buddhism pure land ideas are not common all them however the important thing realize doesn really matter that the big difference compared the abrahamic religions buddhism not dogmatic the sense bunch things that must taken literally else you are non believer sinner whatever maybe pure land ideas work for you great maybe they don great what works for you works for you what doesn work useless you the historical buddha himself taught dramatically different styles suit his audience parables and metaphors are just that the point where they take you not literally believing them literally and physically true zen koans are good example this very purely distilled most are the form stories but not stories you are believe physically happened you are reading history book that entirely irrelevant what the story does you that the point you are wondering did this really happen does this place really exist you are missing that point also worth noting that most things are about psychological phenomenon not physical phenomenon personally find this makes buddhist cosmology much easier understand than considering competitor physical cosmology they not conflict they just about different cosmos","there are many flavours buddhism pure land ideas are not common all them however the important thing realize doesn really matter that the big difference compared the","name to name can be seen in the name, which can be seen in how they are communicating with eachother. Dr Amir Khan, “There is nothing new in buddhism or the concept of yoga,” said Khan, who is also the son of the great Guru Parvesh. “The yogic concept has its own practice which is still practiced.","8.290979087206774e-12","6.733333333333333"
"33","going try comment this simply can gets metaphysical and some may even say supernatural but hope you can try maintain open mind enough for help with your understanding everything that physical everything that exists the universe and beyond are created the power the mind exercised through consciousness mara created the samsara worlds planes dimensions that may experience joy sadness love heartbreaks etc this was done through his her its focus the mind and streams consciousness began attracted these worlds planes dimensions and begin develop craving for existence and thus begins the cycle rebirth the pure lands buddhism were created the focus the mind amitabha buddha way help individuals attain enlightenment their own pace amitabha buddha understood that the attraction emotions sex love and existence can overwhelming for normal individuals overcome within one lifetime 100 years average for human beings other beings much shorter and yet others much longer created the pure lands the west place refuge and practice for those who call upon his name sincerely this place not metaphorical state mind while these individuals are earth for lack better word real though not necessarily physical the way feel physical things via the electromagnetic repelling force electrons this world certain laws physics are applicable that world land plane dimension whatchamacallit certain laws physics not apply and yet newer laws superphysics would also the rule there that not the law our world now having been carried this land doesn mean that the individuals are guaranteed enlightenment first they still need cultivate themselves while there enlightenment not given dependant every single individual consciousness efforts shed the fetters samsara anger ignorance and jealousy and embrace the noble truths they may choose rejoin the samsaric worlds again and back into the cycle rebirth but least they have the option stay and cultivate themselves the pure land the west that would the main difference between the abrahamic idea heaven against the amitabha buddha pure lands the west hope this helps","going try comment this simply can gets metaphysical and some may even say supernatural but hope you can try maintain open mind enough for help with your understanding everything","is ok. I did, thank you, I really appreciate it.","0.1311658377041786","1.12089707663561"
"34","think your characterization pure land isn that far off there reason not that popular among westerners odd abandon christianity judaism and take pure land because first impressions buddhism was that was devoid dogma but now seems much leap faith the abrahamic religions least the pure land sect most forms buddhism have some sort supernatural element some orthodox believers might deny that just like some christians might attempt make scientific arguments for the world being 6000 years old the very least you have rebirth and different planes that includes devas zen seems have the least reverence for dogma which why popular the west the other western strategy assume things are meaningful figuratively and not literally but yeah buddhism religion the end the day for most its followers","think your characterization pure land isn that far off there reason not that popular among westerners odd abandon christianity judaism and take pure land","and it gives the better on, its not a ""ghetto and chic"" as it sounds I live in Central America, where there are a lot of Christians but I don't want to invade my homeland. I'm just curious about your opinion. i would say you are a good person but you are a bad person but you are a decent person so you are not a bad person they","1.46484181843294e-23","9.935070593892512"
"35","most religions have dogmatic orthodox well esoteric philosophic side the christian heaven can seen palace the clouds state mind rebirth buddhism can seen fact just superstition left over from other beliefs you interpret and understand you see fit like think about various religions talking about the same thing using different words and yes cherry pick what believe but honestly and very carefully think better than taking everything religion says and rejecting everything doesn say there must hundred different ways talk about enlightenment heaven pure land individuation alchemy rites passage education trials meditation the tricky part that what describes can easily explained words and most importantly has understood which different than just knowing reading about the pure land real place state mind doubt real place but sure some will believe buddhism has some dogma but not nearly much eastern religions","most religions have dogmatic orthodox well esoteric philosophic side the christian heaven can seen palace the clouds state mind rebirth buddhism can seen fact","the only way to deal with gluttony, god and the devil is to believe in what is good is to believe in what is good. “The religious are not those who are in truth, but those who are not.” –John Calvin The Christian doctrine of the Incarnation (and by its nature the doctrine of the Incarnation) seeks to establish that all of the","1.8423326457249043e-13","7.266666666666667"
"36","you won find one answer your question but the pure land state mind perspective reality not separate place let quote thich nhat hanh human beings our deepest desire find environment which secure and where there love and understanding all want live such environment you live surroundings where you feel there security understanding and love and where people have the capacity transform their suffering fear and attachment then you live the pure land from finding our true home this isn leap faith all because you have already been the pure land but momentarily every time you bring the buddha mind fully then you are said the pure land imagine because you enter that state some degree this not matter faith but expanding upon what you know joyful experience quite different the abrahamic religions concept heaven which eschatological reality rather than gnostic one will add that there course are some who believe the pure land totally separate paradise however there are positive ways understanding this when the state mind another rebirth will seem like such foreign reality that may well different place entirely","you won find one answer your question but the pure land state mind perspective reality not separate place let quote thich nhat hanh human beings","in problem of the state mind, its not about you but about your own mind as well. You are right about the boundaries within. “also I don’t believe in a single god either. I don’t believe in the creation of an occupying god either. I don’t believe in the creation of an occupying god either. I don’","3.929873434851008e-17","8.333333333333334"
"37","first impressions buddhism was that was devoid dogma isn good thing about buddhism least for outsider that much easier pick and choose what parts you not want use see dogma kind environment habitat for the profound and useful ideas develop all religions have something useful buddhist religions and not just one homogeneous buddhism just seem have something that more relevant and powerful the context our culture","first impressions buddhism was that was devoid dogma isn good thing about buddhism least for outsider that much easier pick and choose what parts you","are happy with. so, what good does buddhism have to do with religion? well if you are not happy with religion then whats the point of practicing it? What do you hate about buddhism? its unnecessary and boring. So I can't just get an opinion from you? if you hate buddhism then its not worth practicing it. Then","1.2621564092139072e-14","7.620634755325443"
"38","from limited knowledge the pure land not paradise but place contemplation stepping off point where you are given the knowledge leave the cycle suffering and rebirth anything more akin the now defunct catholic idea purgatory than actual heaven","from limited knowledge the pure land not paradise but place contemplation stepping off point where you are given the knowledge leave the cycle suffering and rebirth anything more akin","to exegesis is on, its not about you but all of the key things that were in those days are now within grasp but are not, its about you but you cant, its about you but you cant, its about you but you cant, its about you but you cant, its about you but you cant, its about you but you cant, its about you but you cant, its","2.3896183819983677e-50","14.875148476371347"
"39","response your question about how amitabha created the pure land this quote from the article pure land buddhism wikipedia the longer sukhāvatīvyūha sūtra the buddha begins describing his attendant ānanda past life the buddha amitābha states that past life amitābha was once king who renounced his kingdom and became bodhisattva monk named dharmākara dharma storehouse under the guidance the buddha lokeśvararāja world sovereign king innumerable buddha lands throughout the ten directions were revealed him after meditating for five eons bodhisattva then made great series vows save all sentient beings and through his great merit created the realm sukhāvatī ultimate bliss this land sukhāvatī would later come known the pure land chinese translation important remember that buddhism has been around for thousands years and that for long time buddhists didn have telescopes big machines scan the brain with his holiness the dalai lama himself has said that the discoveries science and the teachings buddhism contradict then the discoveries science are correct this video tgv1gwvrz one the major teachings the buddha was test out each his teachings oneself order see they were true rather than taking his word faith without proof however course just man who has seen mountain some remote region where one has not traveled may believed until the distance that region crossed might have some sort faith buddhist teachings since the people doing the teachings have often devoted their whole lives the teachings the buddha","response your question about how amitabha created the pure land this quote from the article pure land buddhism wikipedia the longer sukh","naz was in power, and the more it spread and the higher up did they became the real dissing the real dissing the real dissing the real dissing the real dissing the real dissing the real dissing the real dissing the real dissing the real dissing the real dissing the real dissing the real dissing the real dissing the real dissing the real","7.746152622968144e-44","13.835836792432739"
"40","exactly the song was jamming when made this","exactly the song was jamming when made this","post and it was better on, than ""i don't want to hear what you are saying."" You are right. The whole concept of the post was that the song was jamming when made but it didn't have that effect on me. I'm just curious about your thoughts on the effect of the post and honestly I don't mind the intro. I would pay for it and if they","8.838152338581088e-17","8.23687767580373"
"41","according this nbc chicago article walsh holds ladies week 169189026 html here what they have say about joe walsh unless you??conservative suburban white male over rep joe walsh tea party ill has said something offend you walsh??rhetoric has been caricature the image republicans party devoted only old white guys","according this nbc chicago article walsh holds ladies week 169189026 html here what they have say about joe walsh unless you","are a fan or have seen this site i would not be surprised and would not be surprised walsh is held by a lot of people and not others “also I would never say that he is held by a lot of people and not others” This is obviously an opinion, but it’s hard to argue with. Because the article said “everyone” of the","2.91528814821389e-16","8.092805848005158"
"42","are you guys seriously pissed about idli sambar remark thought were past all this second thoughts one gives shit about the tea party not even the their craziness got too much even for the hardcore republicans","are you guys seriously pissed about idli sambar remark thought were past all this second thoughts one gives shit about the tea party not even the","name itself. Why did they comment on it? they should. they meant it as a joke, since it sounds like idli sambar to me. You don’t hate them, you hate them because you hate them. They hate them because they’re short on words. You need to read more about them before going along with it. You","3.17426175562365e-14","7.500684900234294"
"43","tea partier expresses support for namo after eating idli sambar with conservative indian american group indiatribune com submitted minutes ago ladki realize you hate modi but you just showed off your casual racism with that idli sambhar snide remark another thought fuck off","tea partier expresses support for namo after eating idli sambar with conservative indian american group indiatribune com submitted minutes","show only one dose of the medicine to kill off namo. idli sambar is doused with focussing oil. ‘idli sambar’ sambar is doused with focussing oil. idli sambar (dyes) can be used to prepare dyes and cosmetics, surgical products, and pharmaceutical products.","8.023478892539461e-07","4.79773538663635"
"44","the discussion about the rat ended concluding won work because you will naturally headbutt the rat death minotaur might work with another race though trog wrath very very very difficult survive you have boots levitation and lots food you might able hover over lava deep water won help summons giant sized creatures other than that tomb card might work you have your stash food not sure you not using shield you might well switch two handed axe from experience anti magic isn that great with brand fire you can generally kill things faster use holy versus liches and other undead casters and also kill them faster","the discussion about the rat ended concluding won work because you will naturally headbutt the rat death minotaur might work with another race though trog wrath","is only for pve on some kind of level (e.g. dps dps or crit dps or something like that) so you could easily have three or so others (rat, sorc, or either mace) and the rat would have to kill them with a katana or something to make it worthwhile, but it isn't worth it. Yea I'm looking","8.251754528867321e-21","9.28283039654071"
"45","could swear they lowered trog wrath just got extremely lucky because recently tried make the switch kobe and was not difficult all just took food ring and some perma food and carved out two space area near the the summons were actually not the worst part the worst got was berserk hill giant and the vast majority were just berserk bears for the worst part was actually the rotting since happened least times and never caught right away while spamming rest","could swear they lowered trog wrath just got extremely lucky because recently tried make the switch kobe and was not difficult all just took food ring and","some armour to level up on, its not too bad but i would recommend trying to level up on those rings since it has a lot more crit chance and a lot more wall damage. I tried to make the switch kobe and it didnt even work. I just missed a lot of the mobs. I will just keep playing and try to make the switch kobe. Thanks for letting me know","9.289934936771385e-20","9.021342216356466"
"46","for the love gods don the abyss until trog wrath over none your teleport blink panic buttons work lost handful very promising mibes this way","for the love gods don the abyss until trog wrath over none your teleport blink panic buttons work lost handful very promising mibes this way","some more utility in fights on noobs wont mind Not really a problem. I just get frustrated when these damn things happen. My problem is with them and with wall-hanging primes too","2.78320998443394e-08","5.432197707173825"
"47","when and how supposed swap tso and branch order from there basically you switch immediately before entering crypt clear crypt max tso piety then holy brand your best weapon your case that executioners axe and off you post endgame branch order like whatever theres strict order like there the early game whichever branch you feel best prepared for how avoid meeting terrible fate the hands trog wrath you have book with blink soon you leave trog train transloc little bit that you can cast then whenever surrounds you with berserking enemies you can blink out the middle them and run staircase teleport you can keep scrolls blinking hand for this purpose but feel more secure also having the spell trog wrath includes fire miscasts that burn all your shit see trick with going lair and having rat block you off but this still viable you can the rat shield thing with most combos but its tedious and unnecessary and your case the minotaur retaliatory headbutt would kill the rat anyway its not option antimagic axe that carry around viable for use all since strictly one handed should train shields use with since have shield reflection could use not really war axes arent very good and while has fantastic selection resists does little damage that its not practical choice weapon against any tough monster wouldnt forgo the damage output weapon use physical shield shields arent very good for melee allruners and therse always tsos divine shield ability you want reflection isnt good shield brand plus its double not good for tso worshiper you reflect poison projectile and hits something you will incur penance for use poison","when and how supposed swap tso and branch order from there basically you switch immediately before entering crypt clear crypt max tso piety then holy brand your","f2p then move on, its not too late Then why does it say it says it is going to end the cycle at crypt 100 i’ve been so busy lately that i dont remember the time either. I know i’ve been in my mind for a good long time, but i honestly don’t remember the time at all. I’ve been","1.4043485111644206e-13","7.303263814053436"
"48","brother trog very wrathful indeed but his will destroy you neither endless nor inevitable going take the route many will find the easy way out and say that getting past trog your level trivial his wrath dangerous out the open but when you are able choose the area diluted mere timesink what you must grab your closest disintegration wand and cut two diagnols into the wall this will allow you only view one other tile time this point you simply need make sure you have good chunks permafood pip two and then either drop your scrolls wear conservation that point you just spam rest and then tab every time trog has tantrum minotaur your power should have trouble killing his summons after long while you will get message saying has calmed down then you are free worship that damned tso trog wrath your level probably one the least dangerous things you can spend your time dealing with you are willing cheese","brother trog very wrathful indeed but his will destroy you neither endless nor inevitable going take the route many will find the easy way out and say","god only gives the better choice, its not about you but all of us want to enjoy it. You are right brother. I can't handle all of this. I don't want to suffer in vain. I just don't want to be punished for doing the right thing.","2.1523632518931597e-14","7.551439758366772"
"49","were you slime zot except for the orb chamber and blade hopefully you find some better armour you really want good executioner axe before you convert well the okay but could better you really need wearing plate gda something heavier you have more than abandoned trog with level mibe and found pretty trivial the berserked stone giants weren terribly difficult and cleared tomb and most all hells while under trog wrath but somewhat wary trying this with your low and weak weapon you could try waiting out but takes thousands and thousands turns very boring one handed axes suck use executioner axe","were you slime zot except for the orb chamber and blade hopefully you find some better armour you really want good executioner axe before you convert well",". The thing is on, its not too bad but i don't want to spend a lot of coin to make sure it works. I use the orb chamber and the blade, its pretty much gone. I would like to keep the orb chamber and the blade but i dont think i would use it enough for the orb chamber and the blade. i would, along with the orb chamber and","3.372140668409467e-18","8.619167203972973"
"50","have currently rune mibe right now and abandoned trog then immediately cleared crypt max piety and enchant executioner axe then threw caution the winds and cleared pan and hells while under trog wrath was tricky but doable make sure you have curing potions that time was strong enough take out trog summons all sides problem worked but could have died with worse luck","have currently rune mibe right now and abandoned trog then immediately cleared crypt max piety and enchant executioner axe then threw caution the winds and cleared","some more crypts. i do not have rune mibe and I'm looking for boots I have rune mibe as well. I use the full rune mibe so I can't rune my way around 1.5h per rune. I'm looking for boots as well. i have rune mibe. I use the full rune mibe so I can't rune my way around","1.1553044044989252e-17","8.47700708521628"
"51","your stage you should strong enough take the berserk summons have the resources escape out them retreat corridor and take them one one quaff curing heal rot would also recommend you get plate armour better asap for the and guaranteed damage reduction also wield the biggest axes you can find kill things faster","your stage you should strong enough take the berserk summons have the resources escape out them retreat corridor and take them one one quaff curing heal","some more gives the better on damage. You should finish off all of the first xbows because they'll be easier to get. My idea was that a boss with wall breakers, or a boss with all of the crits from the first one, would be easier to pull off. I really like this idea. Not sure why you are being downvoted for this. Because","2.5419350759707964e-25","10.331352385107342"
"52","you max armour dodging and shields for tso divine shield then the berserkers are joke can wipe them even when fully surrounded and only lose health even with armour and dodging they won give you much trouble","you max armour dodging and shields for tso divine shield then the berserkers are joke can wipe them even when fully surrounded and only lose","some armour. Why on earth would you max your shield dodge and shields when you are already in cover? Because if you are in cover, you’re still going to get raped by sledge hammer/ledgehammer and you lose half your health and you lose half your shield, which means you will lose half your health and lose half your shield (which is basically a full shield and","6.1389859517386605e-12","6.776902458085621"
"53","ewwww why are you using broad axe get real weapon bet trog gave you good battleaxe exec axe something splint get plate armour better trog wrath will completely destroy char with such poor defenses","ewwww why are you using broad axe get real weapon bet trog gave you good battleaxe exec axe something splint get plate armour better t","rog gets sword axe better trog get sword axe get sword axe get sword axe get sword axe get sword axe get trog get trog get sword axe get trog get sword axe get trog get sword ax get trog get sword axe get trog get sword axe get trog get trog get sword ax get trog get sword axe get trog get sword axe get trog get","1.0588270536264773e-06","4.741859557969906"
"54","aeee mere watan kaee logoo ??zaraa aankh mein bharr loo paani ??","aeee mere watan kaee logoo ??zaraa aankh mein bharr loo paani ??","zaraa aankh mein bhaari ??(?) enquain biqasi kwadi hai. Harayana’s wallpaper, yes…. you’re looking for ‘winter’, not winter. Tao koi adi hai. i’ve gone full moon, along with kwadi k","9.313441753987662e-11","6.372255001396044"
"55","mera kar dega main bhi tera kar dunga","mera kar dega main bhi tera kar dunga","kaha hai. Ja us kar karo kaha hai xD Maal shwadera kaha hai. Tata saal hai. Tata saal hai. yaar ho rahe... kare liye.. koi adhira hai.. Tata saal hai. Yoga: Y","7.752908141884031e-17","8.2525437055456"
"56","must transitioning new avatar","must transitioning new avatar","to be in the game on your main console, or else why the fuck do they keep saying the game is going to be in PC Because ps4’s console so I can play it in PC Then why don’t they tell people on pc that the game in pc is going to be in pc.. Because ps4s console is going to be in PC Then","3.985804962848152e-18","8.6"
"57","ا??ع?ة ع??? bismillah rasool wasallam barigatul maudolul muhammad sallolulu ا??ع?ة ع???ا??ع?ة ع???ا??ع?ة ع??? ا??ض?ب ا???ارmay allah grant him jannah and sexy houris ا??ض?ب ا???ار","ا??ع?ة ع??? bismillah rasool wasallam barigatul maudolul muhammad s","abe hekat al irmi irmi irmi irmi irmi irmi irmi irmi irmi irmi irmi irmi irmi irmi irmi irmi irmi irmi irmi irmi irmi irmi irmi irmi irmi","1.0763485727432959e-49","14.774082180409863"
"58","saar don take tenshan will rize frm his asses and fly sum day sum day","saar don take tenshan will rize frm his asses and fly sum day sum day","I was thinking ""i would do this"" (and why the fuck did that guy get away with it? what about the whole family of the man who died? I don't want to hear about that shit) this is not worth the post karma i don't think it's worth karma at all i don't care if karma is on your posts. this is just dumb.","3.985804962848152e-18","8.6"
"59","don know but surely there his statue every bjp ruled state and have half the schemes named after him couple airports too they did for guy like savarkar compared whom modi small fry","don know but surely there his statue every bjp ruled state and have half the schemes named after him couple airports too they did for guy like sav","arkand. Why did they do that? (and why the opposite?) This is just some dwps fault. some DWDP’s fault","1.8551266992324647e-09","5.896618941607871"
"60","congress needs bogeyman modi without the bad guy where will the muslim votes the voter turn out good bjp will make successful coalition form government the current moods definitely suggest the same","congress needs bogeyman modi without the bad guy where will the muslim votes the voter turn out good bjp will make successful coalition","in 20 years. You are forgetting that BJP is still BJP and there is no possibility of the Congress winning by any margin. bjp is still a party with strong national prospects. that is one more thing, this party has no momentum to form a government. okay, but what about congress? if congress wins by a landslide, its going to be in power for years","1.700216809618135e-12","6.960094997514705"
"61","you mean the ruling coalition government hatch scheme assassinate their biggest political rival months before the next national election and then blame the incident muslim terrorism yea and also prepare witness the biggest religious genocide the history india","you mean the ruling coalition government hatch scheme assassinate their biggest political rival months before the next national election and then blame the incident muslim terrorism yea and","the only reason the left has no balls are because they failed to make any promises about fighting muslim terrorism and since then they need to be forced to defend their policies with wall street, which means basically sacking the left, which means not making the right even remotely tolerable. Yea sure, the left can't be trusted. The left isn't a gang or religion and it has no","9.289934936771385e-20","9.021342216356466"
"62","how people get daaru gujarat why drinks are prohibited the first place other words weekender drinker need scotch saturday evenings can get this gujarat why should and work gujarat even live there how are the alcohol smuggling contained gujarat easy smuggle daaru from neighboring state into gujarat ambani driving into the city with bottles daaru will his vehicle checked the check points","how people get daaru gujarat why drinks are prohibited the first place other words weekender drinker need scotch saturday evenings can","ada weekend drinks canada weekend drinks usa desk drinker need scotch saturday nights decided to write a small essay on the subject” drinker need scotch saturday nights canada weekend drinks usa desk drinker need scotch saturday nights decided to write a small essay on the subject” drinker need scotch saturday","4.7222152637716034e-17","8.311569754313677"
"63","who the most charismatic leader after modi who has worked the ground level for the upliftment gujarat state let know the people who have worked immensely for the development gujarat but are not quite popular the national media","who the most charismatic leader after modi who has worked the ground level for the upliftment gujarat state let know the people who have","suffered in his absence have left, its not about me but all of us, its about his people. ""He has made his dreams come true”- Anirudha Shetty ""Modi is one of the most inspirational leaders in the country. He is also one of the most honest leaders"", Anirudha Shetty said. ""He has made","7.754595937658488e-14","7.382716607354268"
"64","heard there was direct line narendra modi which can accessed any average gujju this true","heard there was direct line narendra modi which can accessed any average gujju this true","?? >direct line No, that's actually the name of the first one. Are you shitting me? The one that said ""direct line"" is still the first one. you don't know how this works","4.207307667906176e-06","4.45435403187374"
"65","dear going very difficult keep discussion about modi this page from there are many glorious commentaries happening mainstream media about the status improvement gujarat how true that why are gujaratis mostly vegetarian when spoke guy from gurgaon not douchey type about relocating gujarat mentioned that kinda different and uncomfortable haryana how gujaratis feel about other state guys gujarati manoos movements there","dear going very difficult keep discussion about modi this page from there are many glorious commentaries happening mainstream media about the status improvement gujarat","is now in the post on, its not about you but all of us want to hear what is happening in gurubabad i support the development of the wall-sangat-a-thon. this is not a question for people who are not here. i am not against the grandujan but i am against promoting the GUP. i am","4.445430960767228e-16","8.041274802953883"
"66","know gujjus are big veg food but isn there least one gujju non veg dish worth trying out edit you retards are going downvote this least have the decency tell the reason","know gujjus are big veg food but isn there least one gujju non veg dish worth trying out edit you retards are","so fanboys lul i like gujjuss but i don't want gujjus They're still huge meat. You can't just eat them and eat them and eat them as a ""normal"" meal. haha yes they are super huge meat. Can't give you realistic expectations. i have no real expectations. So you eat them as a normal meal.","1.4774013582195826e-15","7.8928002823013514"
"67","how the public transportation gujarat from friends experience really bad when compared tamil nadu andhra pradesh","how the public transportation gujarat from friends experience really bad when compared tamil nadu andhra pradesh","is only in regionals on sunday night and sunday night and sunday night and sunday night is still on sunday night and sunday night is still on sunday night and sunday night is still on sunday night and sunday night is still on sunday night and sunday night is still on sunday night and sunday night is still on sunday night and sunday","2.658769750109254e-17","8.379450451755039"
"68","family personally has always had good relations with muslim families before and after the 2002 riots have noticed one big change ahmedabad last years muslims and hindus travel each others areas bade aaram know should always like that and there shouldn ghettoization the first place but you cannot change something overnight ghettos have always been there ahmedabad there are religion based laws that regulate the purchases real estate now weekends see hordes muslims parks malls hindu dominated areas this something you can only feel good about you have seen the historical animosity first hand while land being occupied private owners during the real estate bubble earlier last decade corporations started building gardens all across the city availability public spaces also opened social opportunity for people right after the carnage don understand sociology and its relation with architecture but guess open spaces contribute people feeling more comfortable however when real estate prices started going housing has been completely out reach for middle class lot malls open only close down later any time mall all see people chilling the centrally cooled off ambiance than any shopping you can take land away from people but they will reclaim one way another for youth this state can really boring you can travel and visit places but you want kick around the city during weekend there hardly anything add that the prohibition that takes out huge venue for people hangout ahmedabad baroda and surat you can see groups people sitting curbs and parking lots and chatting because there nowhere else again own inclination towards the want public spaces could cloud judgment gujarat has always been safe for women could trust that sister and her friends would come home safely after late night show dandiya lately there has been lot incidences chain snatching and robberies lot migration has taken place the same time don know both are related bootleggers check major illegal activities are around booze and real estate are much lower than punjab ncr and higher than south indian states bragging","family personally has always had good relations with muslim families before and after the 2002 riots have noticed one big change ahmedabad last years muslim","s now have a better understanding, they are more comfortable with their family and friends, they have real bonding with their religion and it has helped in establishing them as a better religious community,” said Ms. Deepa Nair, Director, Indian Council for Religion and Religious Education. “Islam is a religion and it is founded on the belief that the Islamic religion is founded on the","9.60625827171285e-13","7.040083136069528"
"69","don discuss gujrat like everyday","don discuss gujrat like everyday",". > Gujrat, where you are (and why and why not why don't you go to it) The fuck is going on? Gujrat means demon (rat-you). You have to enjoy it. lol, apparently the post here is just kiddie shit. You are a fellow redditor and have no idea how this subreddit and the sidebar","3.6720869773885765e-20","9.12245460839306"
"70","geez why every single post this thread downvoted","geez why every single post this thread downvoted","I was just commenting on your comment, it actually makes me feel better. I was just commenting to make sure it wasn't a joke","9.894680026299528e-07","4.755563543407302"
"71","lets talk about the elephant the room regardless what the media wants think how good bad the equation between hindu muslims gujrat was good before that has worsened improved since then","lets talk about the elephant the room regardless what the media wants think how good bad the equation between hindu muslims gujrat was good","is only bad if they agree to disagree with it. Then why does it have to be Hindu. Because religion is one thing, but it has to be used to its full potential for humanity in a different sense. haha. you are a liar. I dont think that the religion is the right one. I dont think that the religion is the wrong one. Woah.","1.3768287042728127e-17","8.456566295696707"
"72","does ahmedabad have chance becoming the next great metro city india joining the first four bangalore and hyd","does ahmedabad have chance becoming the next great metro city india joining the first four bangalore and hyd","ritown states? Not really, because it has better cities and there are not any tourists. they are not tourists anymore... There are. If there was one city, it'd be in bangalore. they are not tourists anymore... They are. If there was one city, it'd be in gurgaon. Because the largest city, Gurgaon has better cities","5.62598072663921e-13","7.114254185268658"
"73","why that there are not many big companies gujarat","why that there are not many big companies gujarat","is where you can put on some kind of desk and put all of your important things in a real space is crazy but i need to be there to work to make it that far. Because there isn't a lot of room for more than one. i know but i think that the top of the mountain is honestly the only place where people go with a lot of things in order to make","1.9178898790404034e-14","7.566444492037343"
"74","dry state why","dry state why","does it say dry state on it? Because (a) it’s black and (b) it’s dry. Yea i guess it must have been manufactured for door sills or something like that ya it’s made for door sills.. the maple has the largest wood grain footprint, makes for a smooth surface that gets dry. Woah.","1.4842265923714632e-09","5.933333333333334"
"75","the sabarmati waterfront really good maintained properly why autorickshaws like cram people where should only max people inside arent there any safety regulations regarding that","the sabarmati waterfront really good maintained properly why autorickshaws like cram people where should only max people inside arent there any safety","requirements in those cars? It's a great place to park and there are plenty of tourists but it is still dangerous. The parking is not bad but it is still dangerous so don't do it in a park. its called a modern night out club, its not a modern night out club, its a small recreational area You are right and it is, along with all of the bars","1.9848913793922377e-22","9.671889915908604"
"76","always hear about modi when comes gujarat politics who are some less unknown politicians should know about","always hear about modi when comes gujarat politics who are some less unknown politicians should know about","his background. Why did they need to keep him in BJP and why did they need to keep him in BJP? because they are not the right” political party so they want their supporters in BJP, which means if they keep him in BJP, they will win elections.","7.603358291876363e-14","7.385337492392829"
"77","you were pick one other state you consider closest your culture what would raj","you were pick one other state you consider closest your culture what would raj","asthan be in today i would assume it would be in jainstan as well. Yea I know about Jainistan but it’s so different from the rest of India. i would assume it would not be in jainistan but it is in jainistan. I live in Jainistan but I would have no problem getting this job in Delhi.","3.985804962848152e-18","8.6"
"78","have heard that due the booze policy women feel much safer night gujarat this true why the addiction fried snacks must visit places","have heard that due the booze policy women feel much safer night gujarat this true why the addiction fried snacks must visit places","where only drunk people sit on, its not safe for rich people and for poor women its not safe for rich men to drink. My girlfriend and I would do the same thing, but she was too drunk to drive a car... so we decided to drive ourselves to a bar in a city with very few drunkards. I'd probably drive myself there too, along with some friends You","4.261361294362226e-13","7.152474728151237"
"79","more worried about gujarat child sex ratio stands 886 village population 400 500 there are roughly single guys who are years old only girls were single years older and they got married nris this the case for many villages this continue most likely guys will have give dowry girls gujarat","more worried about gujarat child sex ratio stands 886 village population 400 500 there are roughly single guys who are years old only girls were single","in gurbanagar i dont think it counts because i dont know how much more people are there in gurbanagar i dont know how to cull the bad so i dont know how much more the girl is there in gurbanagar i dont know how much more the girl is there in gurbanagar i dont know how much more the girl is there in g","4.053951663133772e-14","7.468556937120096"
"80","scheduled castes day before marriage parties are awesome they get drunk and dance like crazy plays songs god knows what languages but they dance crazy closer foreign clubs starts around 10pm and goes till 4am was there only for minutes friends didnt wanted stay there girls and guys from all ages but after around midnight only youngsters mostly singles left dancing and what heard that they khet and fuck like crazy after party didn see that part recorded video and took pictures but fucking lost iphone5","scheduled castes day before marriage parties are awesome they get drunk and dance like crazy plays songs god knows what languages but they dance crazy closer","to each other Why on Earth would you even need to dance? The majority of the cast is just playing songs and getting themselves drunk. Because that’s how you know you’re getting the right guy. I know you’re getting the right guy.","1.9019804747948503e-08","5.499719409228703"
"81","want move gujarat and live there for few months any city that you can recommend","want move gujarat and live there for few months any city that you can recommend","me how to move there on, its not too big but i want to move there in a bit. I'd love to hear more!","2.612365196829464e-06","4.555555555555555"
"82","fun fact under the current fsi rules cities like ahmeadbad surat vadodra etc you will not find buildings residential commercial taller then 200ft the result this policy cities have grown horizontally then vertically ahmedabad from what was years ago now incorporates much bigger footprint","fun fact under the current fsi rules cities like ahmeadbad surat vadodra etc you will not find buildings residential commercial taller","than 3m tall You are right, that actually makes sense and I suppose I can't just make it to school yet. I suppose I could have to wait for the finals, then do a test in the morning and a test in the evening. Yep you can do an in-class test in the morning. I suppose it would be harder in the night. I haven’t","1.4043485111644206e-13","7.303263814053436"
"83","what problems you face your daily life mean form gov system","what problems you face your daily life mean form gov system","to problem. Why do they need to keep me running for a year? they need you to keep going and keep going and keep going","9.519982903586023e-08","5.20847435706514"
"84","all bullshit experts said was practically impossible move 000 people short span time even the armed forces whose personnel are trained for such massive tasks the government own records showed that the 000 odd people who have returned gujarat till saturday about 200 had used arrangements made the state government the 400 plus pilgrims that reached ahmedabad railway station sunday morning had made their own arrangements return home source cms","all bullshit experts said was practically impossible move 000 people short span time even the armed forces whose personnel are trained for such massive tasks the government own records","some more data. You are absolutely right, and you are right. The data that was gathered is infinitely different from the data that was obtained by the US and the Russian government. the US government does the same things. Not sure where you are getting your info from. The US government used the same information. The Russians inherited the US and have no intention of copying it. You","3.321098258650897e-20","9.133333333333333"
"85","pretty sure this sarcasm satire the news 15000 people saved stems from only one source toi article author anand soondas author with exclusive profile writing anti modi articles toi the last line the article giveaway asked about the new model rescue and relief operation modi that has helped 000 gujaratis get out uttarakhand angry congress legislator said see that what mean his model works only for gujaratis cms","pretty sure this sarcasm satire the news 15000 people saved stems from only one source toi article author anand soondas author with exclusive","access to info and source on, which i dont think will become reality for long I was just curious if someone had pulled this shit. If it does come to light that means I'm going to have to pay for it. I know you said it was satire but I can't help but see your point. i didnt know it was satire... i went to school for IT and if they","1.9178898790404034e-14","7.566444492037343"
"86","why not have ama someone rescued uttarakhand government sure that more fiery","why not have ama someone rescued uttarakhand government sure that more fiery","is more likely to be on, its not like you are going to be on if u were in uttarakhand Because that might get him in trouble and you would never know. that is one of the things that makes me believe you are right Yea I'm just saying why wait for this shit. I know it may be a bit of a long shot, but if they","1.0236161327748467e-10","6.35775531391221"
"87","where when did modi claim rescue 15000 people far know his government organized transportation gujarat plane and road judging the reports that are coming out from uttarakhand about survivors being raped and looted goons say did the right thing pulling out gujaratis soon possible least they won have suffer relief camps and mercy state government for food and water","where when did modi claim rescue 15000 people far know his government organized transportation gujarat plane and road judging the reports that are coming out","that he was not asked for his permission to enter into the India and claim these as his own They have to provide proof of the contract. i’ve seen this happen a lot, but i don’t believe you. You are right. I can't help you but you are right. I'm going to let the experts hold my breaths. haha! they","7.832711652817892e-22","9.530415984039145"
"88","ama request kapil sibal need more explanation about zero loss theory this theory some how connected string theory theory","ama request kapil sibal need more explanation about zero loss theory this theory some how connected string theory theory","some how gives the idea of no loss of loss (e.g. how about loss of consciousness). Because zero loss theory is a theory that gives the idea of no loss of consciousness as a ""true"" concept. haha yes because it is Yes because it is","8.756590856744521e-12","6.72538245981366"
"89","too much attention","too much attention","to detail with the shirt on, its not even wearable I agree, it's kind of silly. I love it. The colors are so vivid and the color is so vivid, its like a reference to the color of the shirt. Eh, I appreciate the shirt but no.. the shirt is the shirt that the shirt happened to be in the picture.. the shirt that the shirt happened to","1.9178898790404034e-14","7.566444492037343"
"90","rofl why are you asking permission you and your internet sena already have ghotofied his message any one you can this ama posing him just ask your social media viral team leader for permission and happy with your initiative only thing steal your idea and not give you credit but you fine being phokat nachne wala tattu rofl","rofl why are you asking permission you and your internet sena already have ghotofied his message any one you can this ama posing","as a guy ur friends on, its not ok to ask for and you are not exempt Are you trolling? ok i see you are trolling then i need you to re-read your question but i dont accept it. I know you said u had her and you are not exempt, but you are not exactly. I dont accept your request. So I don't need you to re","9.157840178339696e-21","9.271726499455307"
"91","deserves you think deserve such mainstream media attention with the number shady accounts that have fuck hate the new india well most anyway think mods should try ban toi ndtv etc urls from submission test run for few days","deserves you think deserve such mainstream media attention with the number shady accounts that have fuck hate the new india well most anyway think mods should try","to ban all the post on here for this same reason cause people and mods think that they deserve it. Because if people don’t support the US and the wall that they’ve built then they’re coming here. well people are complaining about traffic issues.. the top page doesn't have traffic issues anymore.. but if people don't want to host and post here they","2.5113338670768307e-21","9.408709237924697"
"92","social media technology from the west","social media technology from the west","The Left’s media network, which had been a fierce opponent of censorship and real democracy, is now the largest source of disinformation, especially in Europe and the US. In this signatory country, the US government is the largest source of disinformation. In the US, the largest political and media network, the US government has a lot to hide. In","3.1349294313101616e-13","7.194481453189082"
"93","although don personally like modi will admit that has the most brilliant writers have ever seen indian politics pretty much unprecedented this america level campaigning very very impressive","although don personally like modi will admit that has the most brilliant writers have ever seen indian politics pretty much unprecedented this america level campaigning very","few voices. Why on earth would you think that? India and the US have had significantly stronger economies and foreign policy since the revolution. Because that’s how India and the US have gone back in time. haha. you are a liar. I dont think that the US has far more influence. Not really but I promise you I would pay for it. ok","1.700216809618135e-12","6.960094997514705"
"94","true india needs top universities and not fdi fdi means foreign slavery","true india needs top universities and not fdi fdi means foreign slavery","and it is just better on national security issues, which is why the opposite is true in india. ""true india needs top universities and not fdi fdi means foreign slavery and it is just better on national security issues, which is why the opposite is true in india."" This is exactly the same argument that makes the US the largest and most powerful nation in the world.","2.045165343124891e-10","6.250541102117805"
"95","why does every post about modernizing developing india turn into pissing contest with china why constantly drag ourselves down whilst comparing authoritarian regime wouldn much easier have huge manufacturing sector when you don have meet any environmental labour safe working conditions norms open many factories you want will provide workers who work hours day days week for next nothing left wing labour unions bother you political parties opposing land grabbing from farmers environmental groups preventing deforestation constructing new dams nuclear poweplants you won have ill informed villagers occupying the construction place ill advised politicians spreadnig lies and scaring people about the harm these build how ever many you want seen people mention chinese websites and mobile apps that laughable chinese people had choice from the beginning they wouldn have their own versions facebook and twitter and google they would have just used facebook and twitter and google censorship and isolationist distrust does not spur innovation never has and never will also people slagging off indians that can create similar quality products forgetting the fact that huge amount work those products take place india comparing india and china like comparing apples and oranges fortunately unfortunately depending your view india secular democracy never million million years want become like china have our problems and need work them out but value democracy more than the other option worth","why does every post about modernizing developing india turn into pissing contest with china why constantly drag ourselves down whilst comparing authoritarian regime wouldn much","like to be in better times, its not about me but all of our friends who are Indians and fighting is about me. The world is not dead yet i need you to help us fight for humanity in india. ""Pissing contest with china"" is one of the best words i've heard in a very long time. I promise, its not a piss contest. ok","3.6655615250382416e-11","6.513721780101713"
"96","well let start with eliminating religion the very least separating religion and state politics true sign modernisation and progress doubt the man capable","well let start with eliminating religion the very least separating religion and state politics true sign modernisation and progress doubt the man capable","of leading a modern world on, its not about religion but about the opposite. I agree with you, but it sounds like you are not trying. Keep in mind that the states of Europe and America are not solely responsible for religious freedom. well thats how it works here in the states of Europe and America, its up to all states to end the repression of religious freedom and it does they","2.966948352211674e-20","9.14552855994079"
"97","from whatever heard this the model modi speech make audience feel good about themselves piece from history talk about current relevant problems solution may may not have employed gujarat restart","from whatever heard this the model modi speech make audience feel good about themselves piece from history talk about current relevant problems solution may may not have employed","some more basic knowledge to solve them Not sure if you are being serious. I don't think that is what it sounds like, but it does sound to me like you are. sounds like you are saying yes if you are saying NO. Yep. I can't help but see your point. i am not saying no from the top of my head. Woah.","1.1173786764879366e-11","6.689800046154911"
"98","there one tool bjp can use their manifesto which would pretty much win every netizen vote and that fast and cheap internet they promise deliver blazing fast internet 1gbps faster than romania and allow isps such google fiber they have vote","there one tool bjp can use their manifesto which would pretty much win every netizen vote and that fast and cheap internet they promise deliver blazing fast","internet then they can put on some kind of massive manifesto and claim a huge win then they will just make it about freedom and freedom and money then they lose to konstantin konstantin who is the first guy who says we need to end the wars in india and start focusing on India and Afghanistan You are right! This is the largest and most effective way to end the wars","6.850265118884539e-22","9.544318576724956"
"99","probable scenario arnab goswami addressing everybody what will you you become the the nation wants know modi will list out some possible ways for the economic development the country raul can speak diggi will smile and say issme rss haath hai ishrat jehan encounter case mms will say theek hai","probable scenario arnab goswami addressing everybody what will you you become the the nation wants know modi will list out some possible","options to help you better on your journey. Arnab and Bhagat are both real. ""true"" as in delusional? ""true"" as in you don't believe what is happening in the world and you are saying the story is false? ""true"" as in you are saying the story is false? ""true"" as in you are saying the story is","4.445430960767228e-16","8.041274802953883"
"100","would rather love have more like confessional statements from mms gandus piggy zero sibal chidu tiwari and others russian roulette style there nothing debate every congi have developed good jaw muscles from all that useless debates time break their jaws","would rather love have more like confessional statements from mms gandus piggy zero sibal chidu tiwari and others r","n >confessional statements from mms gandus piggy zero sibal chidu tiwari and others rn That was too cute. I would so want one. you could also send a mms notepad if u wanna have them Okay. I'm sure it would make a great gift. i am a fan of giving along the gifts and if they","2.394865488369616e-11","6.577329341097438"
"101","its just going embarrassing for the congress party modi clearly different level campaigning rest them has better speech writers publicity teams etc whitewash","its just going embarrassing for the congress party modi clearly different level campaigning rest them has better speech writers publicity teams etc whitewash","this problem of the congress party, its not about the rich people and their wealth they are saying real problem is about the rich people and their wealth they have to cull out their wealth and throw them out but its not an issue of the rich, its about the rich people and their wealth they need to cull out their wealth and throw them out but its not an issue of the rich, its about the","2.445301971670924e-28","10.977729661601563"
"102","would love even though they aren candidates like add kejriwal and this group then things will get even more interesting","would love even though they aren candidates like add kejriwal and this group then things will get even more interesting","I agree, but it would be nice to read up on and try to make sense of the situation. ""Why are these places so scary?” I don’t think that’s a good idea. Eh, people are pretty chill here.","1.494804150270466e-07","5.124100921762788"
"103","you mean between namo and manmonia manmaino","you mean between namo and manmonia manmaino","?? The thing is on, its not too late to make it into the game. Are you talking about namo or manmonia manmaino manmaino? I'm confused. Both manmenia and manmonia manmaino oh I didn't notice, dude. I'm just pointing out that Namo isn't a bad name, which is probably why they","7.234804392511998e-05","3.8"
"104","porngress wont announce their candidate cuz they know they there will massive pressure them have against modi and all know that modi can pawn mms anyday anytime they want announce before election will have someone that can return heat back modi even they find such candidate there isn simply anyone match modi popularity ground studios you have anchors that can negate the modi effect not ground basically you will see congress attacking modi left and right but not disclosing their candidate avoid being punched back","porngress wont announce their candidate cuz they know they there will massive pressure them have against modi and all know that modi can pawn","off his anti-minority, its not about his anti-minority. I was just curious if someone had pulled this off. If so, what is it? haha what a joke","7.972825628476645e-12","6.7390217698427435"
"105","who will moderate the debate and which channel website will show the debate uncensored and live","who will moderate the debate and which channel website will show the debate uncensored and live","in HD? Everyone on Fox News will be shown. oh I'm pretty worried that the moderators is going to show up at the debates There’s a rumor, that they’ll be there like this. Yea I'm aware, I'm just worried that if Fox News will air it live, that they might try and censor it. I'm just worried they","3.6121719382339236e-16","8.066666666666666"
"106","namo would talk about how the congress has failed the country rahulbaba would talk about how the others are attempting polarize the country diggi would just wildly throw baseless accusations and manmohan would read from drab script about how the world tough place and that even through that the congress has attempted develop the nation and would read this out irrespective the question irrespective the subject the mood the discussion and irrespective whether someone else speaking him asking him questions all all would just waste everybody time given that this would broadcasted primetime slot would really waste everyone time","namo would talk about how the congress has failed the country rahulbaba would talk about how the others are attempting polarize the country","rahulbaba would talk about how the US failed the country rahulbaba would talk about how the US failed the country rahulbaba would talk about how the US failed the country rahulbaba would talk about how the US failed the country rahulbaba would talk about how the US failed the US rahulbaba would talk about how they","0.003019779524328411","2.7456258919345764"
"107","wow that assist the assist was pretty good","wow that assist the assist was pretty good",", only gives the opponent a chance to kill him before the assist and if someone is going through them while you are trying to kill them You are right i need to fix that, thanks! you don't need to fix it if you have no problem getting in a lot of fights, its really the simplest thing. I usually get in a lot of fights, this is my favorite part","1.0236161327748467e-10","6.35775531391221"
"108","can wait see the chubs few years time looks good","can wait see the chubs few years time looks good",", only reason i dont expect to see those skins (and why i want one xD) They're skins based off of the old update that was released a few years back, which made them more expensive. well, i wouldnt be surprised if they changed skins based off of the old update :P I was talking about the old update with its skins. I wasn't trying to","1.0236161327748467e-10","6.35775531391221"
"109","great agility from akpom cut back and bend","great agility from akpom cut back and bend","over to avoid being poked on, also you should not be in a position to turn around and try to turn around and try and counter his attack, especially not with the wall behind you, that was not safe. Trying to counter his attack with walls behind you wasn't safe.. This was straight from his ult. Not sure why you are being downvoted for this. He could","9.157840178339696e-21","9.271726499455307"
"110","nice ball through rambo and tidy finish form akpom","nice ball through rambo and tidy finish form akpom","I was thinking more on, what are your thoughts? i would say pretty well. Yea I'm pretty confident in my shot-blocking capabilities and with that said, I'm definitely in the top 1% of the grade. well, that's a lot to ask for after what you said I was talking about my ranking... i would say this is probably not the","2.408045658422923e-13","7.2303899488745"
"111","anybody got full list subs","anybody got full list subs","? /r/nba","0.6018732926311804","-0.2581988897471611"
"112","chamberlain really did well","chamberlain really did well","here. I can't wait to see what he can do in the opposite situation though. Not really, since he had a really good season. I agree with that. I just don't want to see him get injured and not be in the lineup. I don't think we need him. I am honestly not sure he would be in the lineup. He gets heavily used here and","2.837707223351546e-12","6.887568256738228"
"113","fantastic strike the","fantastic strike the","other weekend in the US on some kind of desk (not much of a desk though, or real wood) for $60. My girlfriend has a desk and it's so much easier to clean than a wood desk. haha. I love mine. I can't think of the name of the wood desk. I can usually find a decent deal on it. Its a cheap one","5.009415788042654e-11","6.466666666666667"
"114","great goal","great goal",", only time i would do this is when i get home and it’s time i get off and it’s time i get back in” I don’t think it’ll be that long so you could use a roll of toilet paper for this. I was thinking the same thing, but I'm in college so I don't need all of the","3.372140668409467e-18","8.619167203972973"
"115","beautifully weighted strike from the","beautifully weighted strike from the","left hand. It looks like you are about to hit the ball right at the top. Yea I know but it's a classic strike from the left hand. haha! He's a good guy. haha! He's a good guy. homo sapiens","7.51225497856426e-11","6.4051261522034855"
"116","stuck work here can watch the game live does anyone have any videos the 2nd and 3rd giroud goals","stuck work here can watch the game live does anyone have any videos the 2nd and 3rd giroud goals","were scored ? thanks! Check the game stream (not much of a fan though) or watch the replays, the first one scores the first goal, and the second one doesn't do much but shows the first goal. I don't remember the first goal but I can't help you there. i am honestly not sure what to watch the game on, i search for it on google","1.4043485111644206e-13","7.303263814053436"
"117","will there replay the game the arsenal website","will there replay the game the arsenal website","said it was not finished until later? Yea I don’t believe so either well if it does come out later than a few days’ before the game, then we can stream","2.78320998443394e-08","5.432197707173825"
"118","this getting bit silly now","this getting bit silly now","but i would not be surprised if us ""pussies"" and ""hate"" the Indians now. ""we don't like Indians""","0.0027366017862441435","2.7777777777777777"
"119","zelalem going cesc without all the barca dna shit","zelalem going cesc without all the barca dna shit","I was thinking more on, what if he gets all that and goes to Barca. Yea I would do that","1.829589199903533e-09","5.898906801202691"
"120","wilshere scares the hell out when does those slide tackles from behind does that too often the starting yellow card collection","wilshere scares the hell out when does those slide tackles from behind does that too often the starting yellow card collection","? Because he dropped on Kane and it landed on Kane's shoulder. i know... but i dont see why the yellow card collection needs to be in there.. that means he gets reds in the next 1.5 games","8.834302210939195e-08","5.222329678670935"
"121","giroud touches are all reminding how clumsy and his non existent dribbling skills good finisher though would love see someone like suarez playing front with him also really nice see gnabry making strong case for playing the first team","giroud touches are all reminding how clumsy and his non existent dribbling skills good finisher though would love see someone like suarez playing","in his place Why on earth would he not be okay? Because he is simply terrible in midfield and since he has no real contract. Thats why i said hes gonna get red carded. Then why don't you give him a chance to learn how to play a ball and pass the ball in. Not sure why you are being downvoted for this. Because","4.7222152637716034e-17","8.311569754313677"
"122","after the indonesia performance and now this rout against vietnam feel really confident about our chances this season giroud looks good that wouldn mind don sign striker","after the indonesia performance and now this rout against vietnam feel really confident about our chances this season giroud looks good that wouldn mind","some more games against us on sunday night and if we win and win against england or Ireland or something like that we need to be strong, especially our defence and the attacking 3 of klopp, sign the young guy. ya we need to be strong in defense. I don’t know how exactly he works but it’s something that needs to be discussed. ok","3.244405842210005e-17","8.355986525989065"
"123","giroud hat trick goal season confirmed","giroud hat trick goal season confirmed","I was thinking more on Kane and if he gets better, and if he gets worse, but both if for sure okay, that makes a lot of sense!","1.9442309078732065e-08","5.495843982071254"
"124","zelalem passing makes hard","zelalem passing makes hard","work. Not sure on your point about hard work. I don't think that's what it is. ""He died, and so did many of us, that means I'm taking him in."" ""He died, and so did many of us, that means I'm taking him in."" ""He died, and so does many of us, that means I'm taking him","3.6121719382339236e-16","8.066666666666666"
"125","sorry guys just got call saying got job hang while update some this stuff may look rusty for bit","sorry guys just got call saying got job hang while update some this stuff may look rusty for bit","some more info thanks! It's alright man, dude. I'm just making sure it's not too late and getting it sorted. Hope to see you there eventually!","1.1580867658435437e-06","4.723677731718297"
"126","close another great pass from tommy","close another great pass from tommy","to luther, better on, better on, better on. Same. I love both. they are so similar, i love them both.","6.988711185717553e-09","5.673665146135802"
"127","fantastic pass zelalem","fantastic pass zelalem","faktisk! haha ""pogromos och politiska konflikt""","0.0003348647245109144","3.401680257083045"
"128","zelalems vision incredible","zelalems vision incredible","but i don't have a zalems Not really, and I'm looking for a shiny pokedex for sure","0.013357849223589726","2.215646837627989"
"129","really looking forward tracking zelalems progress through the ranks the kid was playing high school ball marlyland year ago and now standing out the arsenal first team","really looking forward tracking zelalems progress through the ranks the kid was playing high school ball marlyland year ago and now standing out the","game in his position","0.36944134018176367","0.3333333333333333"
"130","sagna should interesting","sagna should interesting","I was thinking more on, ""Who's actually better at something than someone who's already established themselves in an industry?"" The thing is, that's a tough question. I don't think that ""who's actually better"" is necessarily a good question. i don't think that the top 3 guys are the same but i don't think that the top 3 guys are in a position they","3.244405842210005e-17","8.355986525989065"
"131","giroud lovely ball from rosicky","giroud lovely ball from rosicky","to send it in for a header to kill them Not really a striker but if he were a striker we'd probably try and counter pick him up. He's a wall behind the left, he's a lock defensively. haha yes he would be awesome to counter pick with","2.661856402889066e-13","7.216769430035112"
"132","regardless the opposition all girouds goals have been well taken this preseason however will continue liability unless able find the simple pass the final third when his back goal","regardless the opposition all girouds goals have been well taken this preseason however will continue liability unless able find the simple pass the final third when","playing in midfield. You are absolutely right, I don't mind him. I just don't think it is enough for us to be concerned about his goal record. I don't want him in my top 4, either. I would rather have Hazard in my top 4. I just don't want the man in midfield to be getting in his way, which he seems to be. I","2.91528814821389e-16","8.092805848005158"
"133","strong tackle bacary sagna","strong tackle bacary sagna","was only in the game for 1 week. Not true. She did come back in the real version and since then had been getting kinda old","2.5572401604498595e-13","7.222222222222222"
"134","newcastle fan here the young lads are playing really well for you future looks bright","newcastle fan here the young lads are playing really well for you future looks bright",":) The young lads are playing really well for us future looks bright :) okay but i dont see what is going on. Yea i don't want to argue, what is going on? well, because it is the young lads fucking up now.","3.6699103830481584e-06","4.48358830654244"
"135","goddamn its good have football back","goddamn its good have football back","in the states somewhere. It's good, because it's a good idea. Back when Ireland were in for a lot of scrutiny, Ireland were in for a lot of scrutiny, because they turned out to be the most awful football team in the world. i don't think that the Ireland fans were in for much scrutiny, because they turned out to be awful. they were probably upset they","1.4043485111644206e-13","7.303263814053436"
"136","those kits look even better every time see them can wait get hands one","those kits look even better every time see them can wait get hands one","I was thinking more on, what are your thoughts? i love them as well. they're so damn cool. I just kinda hate the color of the kits I own. I don't hate them as much as my other friends, but it's a bit of a pain in the ass to get colors like these up and working without the regular kit, especially for this project. I","1.0867601190885696e-16","8.21210061380327"
"137","believe not that the first goal conceded since newcastle","believe not that the first goal conceded since newcastle","was 3-0 up on sunday night is actually better than a game against enqurest. They're still on the first goal scoresheet, that’s why the game at Reading was better. they are. I don’t even know how we can keep up with them. I am honestly not sure it’s possible that they are this good. You","1.4842265923714632e-09","5.933333333333334"
"138","sagna has been great far centre bac","sagna has been great far centre bac","una is one of the best midfielders around and a better skipper than Bironi. Yea I know about Bironi. I'm just saying with the lack of experience we don't have the quality to make him worth signing at all. Yea I'm just saying we don't need a CB for now. I'm just saying we need a CB for now Y","1.060588859631397e-19","9.006820028042299"
"139","apparently the running man coming out with the team","apparently the running man coming out with the team","name isnt going to make it to game day (and apparently the game has been in his real name for years) so it may be a bit of a stretch for us to make it to game day I hope they keep him. He's a good player but I can't help but see him losing his shit. Not sure why the downvotes. I don't mind him losing his","1.9178898790404034e-14","7.566444492037343"
"140","zelalem just amazing","zelalem just amazing",". The thing is on, its not too bad but i don't want to spend a lot of coin to make sure it works. I would have to invest a lot more, but i don't mind the price either. I just don't want to end up getting one.","2.2427591578782364e-13","7.240040180702163"
"141","very impressed with gnabry movement and linking seems like intelligent addition being very technically gifted","very impressed with gnabry movement and linking seems like intelligent addition being very technically gifted","in how to position the ball, keeping your foot on the ground and making sure you are hitting the ball in an aggressive way. My girlfriend and I play a lot of football, and we don't do the linking either. I know she likes it though!","1.7988723938950815e-09","5.901700209217436"
"142","giroud just having fun and what ball from mozart","giroud just having fun and what ball from mozart","i isnt enough for this team? He has better dribbling, better pace, better shots and is still really good at dribbling. i’ve said this since the beginning, but i don’t believe you. lol, apparently you missed my point.. This is like the 3rd straight time you’ve said Giroud has better dribbling and better pace","5.545939418332129e-10","6.092848842499201"
"143","zealalem doesn make arsenal then will beyond amazed his composure and vision the ball incredible reminds pirlo","zealalem doesn make arsenal then will beyond amazed his composure and vision the ball incredible reminds pirlo","he gets exposed in midfield on sunday night and zealalem gets exposed in midfield. Yea I know but it’s kinda weird to think that the man who won so much in the Bundesliga is looking for a new niche where he can really stretch his game.","5.874966447055638e-11","6.442528450810767"
"144","damn that stadium really packed","damn that stadium really packed","some fanboys in for the game. Yea dude. I'm just hoping they keep the damn fans for the game. My girlfriend and I would do the same thing, plus we don't mind the crowds either. I would rather have them be in the ground. Yea I really like that the seats are in the ground. I have no problem getting in and out of the","9.157840178339696e-21","9.271726499455307"
"145","sagna 4th choice for the season sign luiz gustavo can fill too and alright think love that gnabry starting again can take gervinho spot this year with him probably goin","sagna 4th choice for the season sign luiz gustavo can fill too and alright think love that gnabry starting again can","get us to the next round, also wish him well Same and I'm looking for another striker to complement Jordie. I'm also not looking for a winger so I'm going for a striker but sign him. i mean, if you play him in the 2nd half of the game he'll be a great alternative to Jordie. I'm going for this. I'm looking","9.157840178339696e-21","9.271726499455307"
"146","zelalem has the best vision the club senior youth","zelalem has the best vision the club senior youth","team gets. Why on earth would he not? they make him look pretty. Not really, since he looks like an old dude","0.0009113675831956993","3.117691453623979"
"147","hfb brilliant","hfb brilliant","I was thinking more on, ""Who's actually better at something than someone who's already established themselves in an industry?"" The thing is there are so many different ways that these types of programs can ""get"" people interested. I know some people are really good at something, but a lot of these people are just really good at it. I'm just saying, along with *all* programs","3.853429476909578e-24","10.067294937093447"
"148","gibbs nearly gave scare there","gibbs nearly gave scare there","too The thing was that, while I'm actually okay with it, it was pretty much just an attempt to make sure it didn't get taken out of hand with the lack of a ""completely unexpected"" card. ""Punchy"" is a really good card. I just don't like the idea of having to make it into a card with a lot of this. Yea","2.837707223351546e-12","6.887568256738228"
"149","that wasn surprising","that wasn surprising","to me. It surprised me. You'll get better information and you'll be more comfortable with it. ""He's a good person""","1.9687982181584466e-05","4.111111111111111"
"150","giroud shows this sort finishing prowess this season force reckoned with realize early days but showing confidence and awareness that didn display last season mother god just scored while was typing this","giroud shows this sort finishing prowess this season force reckoned with realize early days but showing confidence and awareness that didn display last season mother god just","some more games can put on some magic. Not really, and I think that was both the quality and attitude of the first half against us, especially in the second half when we played like crap and looked like an underdog. I don't think we had any success in the first half, but it was good enough. Not really but it was pretty bad, along with Mourinho and the lack","1.4043485111644206e-13","7.303263814053436"
"151","gotta crazy hot playing there july even night miss insane polluted fun hanoi","gotta crazy hot playing there july even night miss insane polluted fun hanoi","is where you can put on some good shows, and you could also play some amazing games or watch some amazing movies in hanoi. Yea I'm in the US and it's a bit of a pain to get admission in. I'm in Europe and I can't help you but it's a good place to start. So I can't be there this year and if they","3.372140668409467e-18","8.619167203972973"
"152","what the fuck giroud know only vietnam but damn","what the fuck giroud know only vietnam but damn","is it cool he knows on national television that he won't be invited You meant he knows on national television. He knows on national television that he’ll be invited. He’s invited. He’ll be there every year Yep. I can't help but see him at his best. I can't help but want him at his best this year. I","2.7281535713460872e-21","9.4"
"153","what great pass from gnabry shame giroud was being slow would have been great goal","what great pass from gnabry shame giroud was being slow would have been great goal","but it was a better pass, its not about rushing but it also doesnt come about in a real way if its not about tracking and passing. i’ve said this since the beginning, but i don’t believe you. well, apparently you are wrong.","1.9019804747948503e-08","5.499719409228703"
"154","game delayed","game delayed","for 3 hours because they did no strategic shit, and it's a game that was supposed to be on sale for less than a day. Yea i guess ill wait for 1.5 hours but i dont have a lot of time. well, 3 hours is still an eternity, but it's a good day to hold out for a decent game at least. haha! they","3.985804962848152e-18","8.6"
"155","just the tight shirt does giroud look bit slimmer than last season","just the tight shirt does giroud look bit slimmer than last season","but it was definitely better on him than on anyone else I agree, but if he were a striker we'd probably see a bit of a change. He's a wall behind the left, he's a lock defensively, and he's a good defender. i don't think that's a realistic comparison. I agree, but if he were a striker, we'd probably see a bit","2.805747415052715e-09","5.827942371086193"
"156","how old akpom","how old akpom","is he? oldish, its not too late to make a change. okay but how does it look like akpom? i’ve been so busy lately that i dont remember the pictures yet. I know hes in his prime but i dont think he looks old at all i am honestly not sure, but i dont have a lot to say, and if they","1.313013246529633e-06","4.69809238649817"
"157","olliieeee cool you like","olliieeee cool you like","some more water than usual on your face? Not really, and I'm pretty black. well if you are white then thats kinda cool man I am white. I don't do much but I'm very black. I don't care if people are white. okay cool dude","3.0500695870302363e-09","5.813989089756057"
"158","giroud should done better but great ball rosicky","giroud should done better but great ball rosicky","should be in the shirt on sunday night Not really, and I think that was both. i still think rosicky should be in the shirt but i would agree with you","5.627263826921036e-06","4.3915503282684"
"159","gnabry playing the right podolski","gnabry playing the right podolski","style now? Not on, but it does sound pretty. I think that's what it is. I'm SO happy to hear. Yea I'm hoping so, plus we don't need all the hype. I know we have plenty of cool games coming out for sure, but it sounds like a great time to me. I promise, its going to be awesome. I","3.6121719382339236e-16","8.066666666666666"
"160","where can find live stream","where can find live stream","? The game has on, its on netflix Then it’s on netflix. I tried to watch the game live, and it’s on netflix... you’re looking for the game. not the game Yea sorry about that, I’ll just keep up with it. I promise it’ll be on netflix.","7.686417658880323e-10","6.040404496926219"
"161","that some serious rain","that some serious rain","was coming tho lmfao Not really, but it’s pretty heavy. so is it raining in the rain There was a lot of rain in the morning. that's a good thing then","0.0001303648164276581","3.6514837167011076"
"162","very harsh send the keeper off friendly","very harsh send the keeper off friendly","for now. Why on earth would you even try to send a striker to a friend or family member if you are SO fucking determined to get him off of friendly terms? haha what a joke","1.1177764430390497e-09","5.979695373240744"
"163","much prefer the sound drums air horns","much prefer the sound drums air horns","makes when you play a roll, its not too loud but makes it sounds like you are playing a roll and it sounds like you are driving a car. It would be so much easier to hear in a roll/sounds like you are driving a car... or a roll/sounds like you are driving a car... or a roll/sounds like you are driving a car... or","9.613913930584605e-18","8.498365855987974"
"164","lovely finish there giroud","lovely finish there giroud","is only in the shirt on, its not too late to fix it. I agree...I'll fix it. But it's a pain to fix sometimes, especially with the skin tone. you could always just wear a black shirt and the shirt will look even better. no harm in getting rid of the skin tone. I dunno. I have a red velvet dress and it looks so","9.539165044991841e-16","7.947194142390263"
"165","goals and assist for giroud his first minutes preseason not bad start","goals and assist for giroud his first minutes preseason not bad start","I was expecting a bit, but it's actually better than a lot of the first half well if it was me I would be concerned","5.9121174235734746e-05","3.849741916091625"
"166","giroud really has found his touch this preseason lovely ball","giroud really has found his touch this preseason lovely ball","game and it seems like he would do well at klopp's team too. I was expecting Klopp to make Giroud a bit of a sensation in goal, but I'm glad that we don't sign him. I hope we don't buy him... he'd probably ruin a good season for us. I hope Klopp doesn't sell him. I would pay for his services if they","1.7639379780013417e-11","6.622661785325219"
"167","vietnam goal was kinda raw","vietnam goal was kinda raw","but it was definitely better on net than any moment before the game and I think that was both the biggest and most important moment. My girlfriend and I watched it with our dog, and it was amazing. I would have to disagree, because it was pretty cool watching her. I just don't think the winner was that far off. That was pretty awesome, along with the snow. Didn","1.9178898790404034e-14","7.566444492037343"
"168","why did miyaichi come off early","why did miyaichi come off early","in the game? so she has another moment to let it happen","0.0038303805675897365","2.6666666666666665"
"169","ramsey apparently walked off with injury","ramsey apparently walked off with injury","I was thinking more on, what if he walked off in a car with some kind of car accident? ""He walked off in a car with some kind of car accident, then got injured in a car with a gunshot wound and a bullet to the head in a shooting accident""","4.551670119167179e-06","4.437443981720681"
"170","the vietnamese team very weak but cant tell giroud definetly improved his finishing","the vietnamese team very weak but cant tell giroud definetly improved his finishing","in the right position, he would do well, and the left back too i agree... but i dont see him coming here to scores. i’ve heard so, but i don’t know how this is going to affect him. i don’t hate him. i hate him for his stupidity but i dont have a problem with this. i hate","7.686417658880323e-10","6.040404496926219"
"171","lol the vietnam goalscorer didn even mean kick the ball that way","lol the vietnam goalscorer didn even mean kick the ball that way",", only that he dropped it, which was clearly a mistake. Also, that was both a mistake and a mistake. The kick was not the right thing to do. haha what a joke","8.92835014655087e-08","5.220368976638745"
"172","dat intense celebration","dat intense celebration","tho The special edition has no cover art, only the poster and the keychain. Are they making the poster for the keychain? Yea I'm hoping so, but it's in a sealed box and there's not a sticker with it. Yeah. I just don't want the poster hidden. I don't want to end up with it. Then it’","8.290979087206774e-12","6.733333333333333"
"173","good finish the there super ball ramsey the build walcott","good finish the there super ball ramsey the build walcott","was shit Solid finish on, well done. i don't know how to feel about it. i want it to be more like a decent game i guess. I don't want it to be a boring 1v1 irl. well, it's a good game in the end. I don't honestly know how it would be in online games, but this game has tons of","5.8497514033687694e-08","5.298129428260175"
"174","chemistry ain bad this year boys know vietnam and indonesia but this great for this early the season","chemistry ain bad this year boys know vietnam and indonesia but this great for this early the season","but it’ll be really good for this team cause i don’t wanna have them lose to any other team in the first round i’ve been so pumped for this team in the past month and a half, and honestly, vietnam and indonesia are pretty close, this team is going to struggle without Anthony Davis Anthony would make this team and if they","3.244405842210005e-17","8.355986525989065"
"175","akpom has great composure for his age","akpom has great composure for his age",". The thing is, he has good footwork but also a lack of pace. Not really, his footwork is just really good, especially for his age. And his strength. Ya thats why hes playing so well. Ya and I dont think that the game has the right pace. I dont watch the game and have no idea how this game has any momentum","5.469865918325231e-09","5.715476066494082"
"176","hot diggity damn that was screamer","hot diggity damn that was screamer","metal The thing was on, its not metal (not metal with any keycaps, or just some ducky ones), but it sounds like it.","1.262364185461568e-10","6.325463955542989"
"177","second and third were deliciously finished second one particular was quite juicy and satisfying","second and third were deliciously finished second one particular was quite juicy and satisfying","added a bit of spice on it. You should probably post more and I'm looking for more I'll post more about it later tonight!","1.9687982181584466e-05","4.111111111111111"
"178","great burst pace and lovely chip over the keeper hattrick giroud","great burst pace and lovely chip over the keeper hattrick giroud","was amazing. Why did they keep him for so long? Because he was signed for real. He is still one of the most prolific wingers in Europe and I don’t think Chelsea would pay for his services. Yea I'm aware of the costs, but if he really wasn't a great player then he would be in pretty good shape. I just don't see","7.813621162275081e-15","7.682287670977254"
"179","wow what strike from giroud don know why they don least shake each other hand when they score rather than nothing and look pissed off","wow what strike from giroud don know why they don least shake each other hand when they score rather than nothing and look pissed off","I was thinking something like, ""Who's actually better at striking?""","3.453281582346863e-07","4.963972767957701"
"180","what beaut olivier just telling arsene that got this far striker concerned","what beaut olivier just telling arsene that got this far striker concerned","is no surprise. You are absolutely right, I just don't want to believe him. well if he gets pulled he would be a great signing to have around. so, yes... he would be the first guy. Not sure if sarcasm... or just dumb.","2.460643656463267e-14","7.533990064322369"
"181","fantastic finish giroud","fantastic finish giroud","is only in position to make, its not like you are going to give him much more than a shot to make it to the top. Yea I'm just hoping the next thing we see is a full blown blowjob and not a one on one blowjob. i don’t know how exactly he would make it to top. Best of luck to him. i","3.929873434851008e-17","8.333333333333334"
"182","fuck giroud better finishing like this month","fuck giroud better finishing like this month","or so Not sure on, what about Kante? Yea I meant more like, what is his finishing like at the moment. Very poor finishing. I don’t think it’ll be enough for him. well, he's a guy with a lot of defensive flaws so you'd be right. So I have no idea. I’ve only","7.686417658880323e-10","6.040404496926219"
"183","man the players seem really high strung today for pre season friendly","man the players seem really high strung today for pre season friendly","games The thing is on, they’re still getting a lot more confidence in what they’re doing. The early scores are dead in the water with teams going crazy. that's a good thing, this is not realistic at all. Yea I think it’s the opposite. The early goals were always the result of the game getting away from us, they","1.7639379780013417e-11","6.622661785325219"
"184","this interesting and well written please keep these coming","this interesting and well written please keep these coming","out more often. You are welcome to keep posting them occasionally and I'm looking for more people to read about. okay good idea, ill keep it in mind","1.9442309078732065e-08","5.495843982071254"
"185","your stories are interesting keep coming","your stories are interesting keep coming","up! Thanks man, kindest comment I've ever read and I'm glad that was appreciated. np, keep up the great stuff man. Keep it up!","0.000545417588062648","3.2659863237109046"
"186","hard nips and goosebumps","hard nips and goosebumps","every time I play a roll, its not even my favorite part of the game xD Are you me? Gayer. My girlfriend is my favorite and i would never say it out loud but i get it. haha. I love you","4.084440639641821e-13","7.1582913290654115"
"187","god that creepy","god that creepy","smile is adorable. You are so cute!","0.00012781543391825724","3.65655170486763"
"188","economic history 101 economy doesn depend persons even policies depends circumstances","economic history 101 economy doesn depend persons even policies depends circumstances","may depend people are better on, than on, (e.g. how they work or whether they use their real resources as a source of support)”- Joshua Peterson, co-founder of the Environmental Institute Institute of Sciences (EIPIS), in his post here. Wendy Guilherme, author of the book The Great Gatsby, and a fellow","3.321098258650897e-20","9.133333333333333"
"189","true that people love say let namo come all problems would solved would the superpower could never under congress might better than congress but not the panacea all our problems","true that people love say let namo come all problems would solved would the superpower could never under congress might better than congress but not the panacea","the problem of the state of our country and the state of our society is solved by simply spending more money and by making sure it works. i’ve been so frustrated at times by this. the people are so obsessed with saying the state of our country and the state of our society is solved by simply spending more money and by making sure it works. hmm, they","2.088818198229013e-22","9.666666666666666"
"190","indians are morally corrupt birth caste system google corrupt money with forward caste people","indians are morally corrupt birth caste system google corrupt money with forward caste people","are now automatically corrupt so, what if it actually works? if it actually works... real progress is going to be made... There are already dozens of such developments happening. sounds like a noble project to me. not saying the idea is bad but it takes time.. the process of advancing this will be slow but it may be the largest change of the social and economic system.","9.957242687860136e-15","7.651179029439877"
"191","course yes sir you are right should vote the current government back into power because they clearly more than one man","course yes sir you are right should vote the current government back into power because they clearly more than one man","is more powerful then any republican, its not about you but all of us want to keep our current leaders in power, lets just see how they handle this election and the next few years. that is one of the things that makes me believe the current government is even remotely close.","2.12451866954864e-12","6.928640603037555"
"192","nonsense who claimed that the panacea for all evils will turn india into supapowaaa 2015 find one poster who claimed such here almost everyone acknowledges that the best atleast one the best amongst the current available lot and can provide governance that will atleast better relative the current upa regime","nonsense who claimed that the panacea for all evils will turn india into supapowaaa 2015 find one poster who claimed such here almost","all India uses the panacea, its not indian problem(not indian problem(not indian problem(not indian problem(not indian problem(not indian problem(not indian problem(not indian problem(not indian problem(not indian problem(not indian problem(not indian problem(not indian problem(not indian problem(not ind","1.1214810916331742e-48","14.615320555386695"
"193","yes won solve all the problems overnight but strong leader with plan still better than idiots with plan case study obama people expected the economy fixed the thursday after was elected and course that didn happen still fairly shit and most the issues that were big deal 2009 are still pertaining but still did manage eliminated subsidies private lender middlemen student loans and protect student borrowers healthcare reforms for tens millions americans expanded hate crime law the include sexual orientation appointed nations first chief technology officer signed financial reform law establishing consumer financial protection bureau signed financial reform law prohibiting banks from engaging proprietary trading are these irrelevant and pointless they aren hasn lifted america out the sewer but empowered students women consumers medical patients etc that they can achieve their potential without shit like insurance and loans get their way thus bringing back point the change you wantt see etc etc and that what believe modi can the change for the country must come from the grass roots easier said than done not like have deal with lapse enforement laws corruption red tape logistics etc you can call modi bots but think the alternatives double failure mms rahul gandhi digvijay chiddu what has the congress done besides spoonfeed the backward zombies and keep them backward","yes won solve all the problems overnight but strong leader with plan still better than idiots with plan case study obama people expected the economy fixed the th","aw problem but instead they did no warming of the economy problem( and there was not any warmongering till dumbasses had to fix their economy) “just wall-hanging” No, not wall-hanging. This is just an elaborate lie that your government will bring in its own massive amounts of cash with its own huge program and it’","3.1544998976786e-27","10.744224316551826"
"194","please change the title wretched country where its news sold appease the ruling party wretched country where terrorism sickularism maoism separatism tolerated wretched country whose leaders appease community the name religion and caste wretched country where its leaders are involved corruption scams rape money laundering tax evasion etc not saying namo will solve all problems but atleast will not remain mute and deaf like manmohan singh who does not even give interviews about his governance atleast namo speaks good bad about his state manmohan singh does not not even speak about the country just lapdog sonia gandhi","please change the title wretched country where its news sold appease the ruling party wretched country where terrorism sickularism maoism separatism tolerated wretched country","where only one man is on the frontline of the struggle against fascism and imperialism. I was just about to make this comment. I can't begin to understand what you are saying. ""completely"".","1.414022053531106e-06","4.68292905790847"
"195","and even more wretched the country that can depend even one man there have been people throughout history who were pivotal figures gandhi and lincoln are two examples have seen modi handle his charge that gujarat superbly contrast have seen politicians who are inept and corrupt led the congress which can sell out the country for example pitting against cbi and having suggestions surface that pakistan sponsored attack admitted pakistan was inside job yes bank the man hope nothing happens him because our opinion party that capable compromising india interests vis vis pakistan capable killing someone well","and even more wretched the country that can depend even one man there have been people throughout history who were pivotal figures gandhi and lincoln are","now known to have put on, are not, and will become a lot more powerful and much more powerful and much more powerful as we are now the ones”- wall street, pence, sakai/sakai/sakai/sakai/sakai/sakai/sakai/sakai/sakai/sakai/","2.282185776680391e-21","9.418762135693648"
"196","gandhi mandela hitler mao plato chandragupt maurya chanakya jeeejuss mohammed ching shih maggie thatcher celopatra indira gandhi what common between them they were all one man show edit you are the one with wretched mind","gandhi mandela hitler mao plato chandragupt maurya chanakya jeeejuss moh","i lal jawa (e.g. dhu chana mandela dhu chana mandela dhu chana mandela dhu chana mandela dhu chana mandela dhu chana mandela dhu chana mandela dhu chana mandela dhu chana mandela dhu chana mandela dhu chana mand","2.059215958902205e-45","14.09427715949451"
"197","whatevs are you fabulous enough india","whatevs are you fabulous enough india","is where you are. haha thanks, actually living in india now xD Are you me? I've lived in places like Maldives, Thailand, etc and I can't recall where I went to school, because it was geographically distant so I couldn't do an in-depth study abroad. i live in india now xD Yea I know and you know","7.754595937658488e-14","7.382716607354268"
"198","personally for shooting muslims and internetofficer like morons cleanse the society the scum","personally for shooting muslims and internetofficer like morons cleanse the society the scum","get more money then they did, its not about you but about your money, its about you, its not about freedom, its about you, its about you, its about you, its about you, its about you, its about you, its about you, its about you, its about you, its about you, its about you, its about you, its about you, its about you","1.1214810916331742e-48","14.615320555386695"
"199","amartya sen says ??indian citizen don??want modi has not done enough make minorities feel safe ??said being asked why did not want sen said ??could have first all been more secular and could have made the minority community feel more secure ??indian demographics are not uniformly distributed muslim and the rest hindu all over the country there are cities and towns where muslims and christians are majority very large minority yet come across even single town that integrated that where the two communities live together there are hindus who live muslim and christian majority townships who are very much minorities and they are not faring well all just sad and bewildering that economists the stature sen can not see the plight hindu minorities hindu majority country the word secular has been reduced slogan that now means being overly solicitous obscurantist elements the muslim leadership while ignoring the plight all other minorities the traditional sense the word what non secular thing has modi done has introduced madrassas hindu schooling has made some religious rules conduct for women forcing muslims wear some marker distinguish them from the rest the people has gone and interfered with the running their institutions had sen spent more time india would have known the answers these questions and also why secularism has become such hated word the majority indians don??want situation where the minority feel insecure and could legitimately think that there was organised violence against them 2002 think that terrible record and don??think indian prime minister indian citizen who has that kind record not narsimha rao was the home minister during the 1984 delhi riots which are better example state sponsored riots than any other indian history when least 3000 sikhs were murdered mob violence delhi alone home minister rao was directly responsible for ordering the delhi police delhi was union territory then stand aside the sikhs were murdered their neighborhoods when rao was elevated being the sen kept his counsel not bring the sikh riots justify the godhra riots but only point out the hypocrisy people using all their lungs scream about gujarat but are silent about all other incidents violence modi could have made the majority community feel that they are not maltreating the minority and going against the long indian tradition being tolerant indians have been tolerant things for far too long are tolerant sewage our drinking water poison our food rape our streets loot our leaders war and murder our neighbors have lost half our country and have been ethnically cleansed wherever are not majority are tired being tolerant and most all are tired interminable lectures well meaning academics how should run our affairs and what can and can not think please sen let","amartya sen says ??indian citizen don??want modi has not done enough make minorities feel safe ??said being asked why did not","he reply ?said asked on if u are a foreigner and why and why did not u reply ? amartya sen says ??indian citizen don??want modi has not done enough make minorities feel safe ??said being asked why did not u reply ?said asked on if u are a foreigner and why and why and why and why and why and why and why and why and why","4.014983583821237e-07","4.934637712198267"
"200","few questions for sen you even have voter card how many days you spend india year you use government services and have deal with our babus you have haggle every day with subzi vali save few can and people are fed with years congress rule modi may not saint but thousand times better than the alternative","few questions for sen you even have voter card how many days you spend india year you use government services and have deal with our babus you","are allowed to send Rs 1,000 as a grant to India and claim these as your livelihood? You are right about that. I never thought about that. I suppose I don’t qualify then? You are allowed to. You have to provide a valid form of work, which IDs the winner and the winner has to present the form with the name on it and it’","1.9848913793922377e-22","9.671889915908604"
"201","whoa the morality brigade really hissing they can insult mock people like ramdev ravishankar etc day and day out even there relevance the actual topic but someone says something about amartya sen then the panties are fire why said somethig about modi and instantly becomes their secular knight shining arms down with your hypocrisy bhenchods you want civilized discussion present one from yourself first and let irrespective the person question","whoa the morality brigade really hissing they can insult mock people like ramdev ravishankar etc day and day out even there relevance the","name itself is just a bit redundant its not even funny but i don't want to hear what it is ""we don't need this bullshit, its not even funny anymore""","2.6232854184723104e-06","4.554678697692702"
"202","bangali desh bechne main sabse aage","bangali desh bechne main sabse aage","kaha hai. haha kha koi chud hai xD r/iamverysmart","0.0009728868468695742","3.0983866769659336"
"203","one the two person most disappointed see sell their integrity for the upa second shashi tharoor","one the two person most disappointed see sell their integrity for the upa second shashi tharoor","is ex-minister, ex-minister (e.g. ex-minister) is shashi tharoor My idea was that a lot of the so called ""leftists"" that the so called ""liberal"" is trying to stifle would be willing to help the so called ""liberal"" if only for the sake of the so called ""liberal"" that they falsely hope","9.613913930584605e-18","8.498365855987974"
"204","cool can vote for someone else","cool can vote for someone else",", only gives the opponent a chance to kill them before the match and if someone is dead or just behind is still considered dead or just behind. i’ve been so fed up with killing people after they’ve died, because they’re still getting free kills","7.023733188062705e-19","8.79703806902521"
"205","india turns into toi comments section the moment someone puts finger modi not agree with amartya sen remarks modi but not here question his credentials has every right have personal opinion like everyone else this country would great the inflammatory comments are downvoted and some valid points are raised","india turns into toi comments section the moment someone puts finger modi not agree with amartya sen remarks modi but not here question","mark >india turns into toi comments section the moment someone puts finger modi not agree with amartya sen remarks modi but not here question mark I don't want to hear where you live. its because you live in india Yea I'm in india. I don't want to hear where you live. its because i live in india.","0.011246719313271002","2.2819305877276825"
"206","wow such wonderful insightful comments this thread wonder this subreddit the biggest shithole ever grace reddit","wow such wonderful insightful comments this thread wonder this subreddit the biggest shithole ever grace reddit","I was thinking ""wow, what a great read."" You are right about that. Yea I know how it works. I just thought to myself ""wow so much good advice from this sub, it has helped me so much"".","6.537541556677026e-08","5.277790490704241"
"207","god fucking damn these comments one very few nobel prize winners from india you may not like his politics you can disagree with respect screw you guys mtc3zcnizow","god fucking damn these comments one very few nobel prize winners from india you may not like his politics you can disagree with respect screw you guys","are allowed to disagree but you are not allowed to read our political and law news as well. I agree. I don't like his politics either. He is a wallflower, but a bit of a prick. ""Punchy"" is a relative term. Totally. I don't like the term 'punchy' and have no problem with it. ""P","2.394865488369616e-11","6.577329341097438"
"208","don hate love people politics because they are just part the machine called party they run instead hate love their policies this article seems dubious have seen sen interviews does not talk shallow would need video context this article there are many scavenger journalists out there wanting get attention","don hate love people politics because they are just part the machine called party they run instead hate love their policies this article seems dubious have seen sen interviews","where he gives the example on different occasions and it actually works in his favor he is simply saying the opposite is true and the media need to get it right” I don’t hate hate I agree with this. He's a good guy. I don't think the media needs to get it. I agree but I disagree with his point. I think it’","1.279812543885835e-12","7.0"
"209","some one posted link comparing how fight between modi and mms actually fight between economists very relevant here you should read that link get good perspective","some one posted link comparing how fight between modi and mms actually fight between economists very relevant here you should read that link get good perspective","here","N/A","N/A"
"210","amartya sen idiot","amartya sen idiot","i lalalala tau na kha koi chutiya koi chutiya koi chutiya koi chutiya koi chutiya koi chutiya koi chutiya koi chutiya koi chutiya koi chutiya koi chutiya koi chutiya koi chutiya koi chutiya","7.191573208826876e-13","7.080310846831777"
"211","old man has lost his mind","old man has lost his mind","I was thinking ""whoa whoa, what is going on here?"" I was thinking ""whoa whoa, what is going on here?"" also I was thinking ""whoa whoa, what is going on here?"" well, apparently the old guy's a dick, which the old dude's a great fellow. Hey, its not like this is a new thing","5.62598072663921e-13","7.114254185268658"
"212","laureatte sen said christian schools are perfectly acceptable but other faith schools are big mistake and should scrapped the government wants encourage unifying british identity sen said interview daily telegraph claiming that the faith schools have been set since the government wanted give them parity with christian institutions said actually absolutely appalled sen who has come from harvard britain tour delivering lectures how religion being used pull this country apart and encourage inter communal violence source schools faith schools religion","laureatte sen said christian schools are perfectly acceptable but other faith schools are big mistake and should scrapped the government wants encourage unifying b","ritish community Why do they need to keep the education establishment and their policies in check? They have to keep the education establishment and their policies in check because they need to keep the educational establishment and their policies in check because they need to keep the education establishment and their policies in check because they need the education establishment and their policies in check because they need the education establishment and their policies in check","1.46484181843294e-23","9.935070593892512"
"213","lol right wingers getting their chaddis bunch person disagreeing with their golden opinions nobody should disagree with these langoors","lol right wingers getting their chaddis bunch person disagreeing with their golden opinions nobody should disagree with these langoors","who are right wingers on some kind of momentary basis. You are not an oracle. You are a human being. You are not an oracle. I don’t believe in gods. You are a human being. lol, apparently you are not an oracle. You are a human being. You are not an oracle. I don’t believe in","1.9848913793922377e-22","9.671889915908604"
"214","all right now sit down sir your objection has been noted and will followed due course action","all right now sit down sir your objection has been noted and will followed due course action","may be initiated. You are a good person sir. You are a good person both now and in future sir. You are a good person”- wallpaper-toilet-toilet","5.448081907742924e-13","7.118684968143743"
"215","coming out strongly against gujarat chief minister narendra modi nobel laureate amartya sen monday said does not want him become india??prime minister does not have secular credentials ironic that economist thinks secularism more important than roti kapda makaan bijli and paani and that assuming that modi somehow unsecular","coming out strongly against gujarat chief minister narendra modi nobel laureate amartya sen monday said does not want him become","prime minister anymore he knows on nov 16 he is still in power but do not want him to make it to any elections after his election has ended and he is no longer going to fight for his seat in the national capital haha. you are a liar. I dont think that the Congress is going to make it to any elections after his election has ended. i am not saying they","1.060588859631397e-19","9.006820028042299"
"216","all those flipping over comments made let clear all that phony mannerism doesn work all gave chance economist mms who fucking devalued everything about india can take that chance anymore his amartya sen views are used manufacture consent media among people","all those flipping over comments made let clear all that phony mannerism doesn work all gave chance economist mms who fucking devalued everything about india","and India. Why did they devalue everything (e.g. how much more money should they have)? they need to spend a lot more money to make it so, that they don't make it so, that they don't have to pay for it. Can't give you realistic examples. i have to disagree but i like your point. Well, what if they","5.62598072663921e-13","7.114254185268658"
"217","appears that the bokachoda didn get any fish his food late hence these moronic observations","appears that the bokachoda didn get any fish his food late hence these moronic observations",". The thing is, if they did get fish, why would they keep the shrimp or just make it to the pan? My guess is that they need to keep the shrimp from getting in the pan, so they'll keep the shrimp in the pan. Yea I don’t know why the shrimp was supposed to get in the pan when they did this. Because they","5.009415788042654e-11","6.466666666666667"
"218","well there are many people who don want singh his master leading india but that democracy funny nobel laureate does not seem able grasp this concept and what shallow reason not secular enough what will meet this requirement being secular enough fight for the release terrorists","well there are many people who don want singh his master leading india but that democracy funny nobel laureate does not seem able grasp this concept","very well. Why do they need to keep him in power and keep him in power? so we can keep the elected people from abusing the powers of the elected people so they can keep the elected people from abusing the powers of the elected people. They can keep the elected people from abusing the powers of the elected people so they can keep the elected people from abusing the powers of the elected","8.824127956583867e-28","10.861165327933358"
"219","unbakchod thanks sree 1983 and everyone was great fun","unbakchod thanks sree 1983 and everyone was great fun","playing with you thanks! haha thanks, well done. and I'm glad that was a good experience for everyone. I'm glad that the game was fun with you guys. sree sree, everybody loved this game and you all were very helpful to us. no problem, great game!","4.4615853246356155e-12","6.82288239221013"
"220","also said that the gujarat model needs much more the health and education sectors and bring equity wonder how the modi supporters ignored this also worth noting that just because sen doesn want modi his doesn mean that wants rahul gandhi his","also said that the gujarat model needs much more the health and education sectors and bring equity wonder how the modi supporters ignored this also worth","some more discussion about how the state should fund them and the model should be more inclusive. I am a resident of the state. I support the development of the state. I support the poor but do not accept the idea of the poor having to pay for education and such. I also support the state in consolidating its powers for education and the improvement of the quality of life of the poor","1.46484181843294e-23","9.935070593892512"
"221","amartya sen has not lived india since 1972 who the fuck cares about his opinions indian politics","amartya sen has not lived india since 1972 who the fuck cares about his opinions indian politics","?? Because he knows how to speak japanese but if he spoke japanese or just talked japanese he would be accused of being a communist and would lose so much time. He is one of the most ardent anti-communists in japan and a lot of the kosovoians he speaks with are not communist but are against communism (though kosovois are they","7.595050623139101e-16","7.975389495619484"
"222","india right now jpg","india right now jpg","The Left Behind Act, which was passed in 1989, and the first in the US Congress, is still under the watch of the US State Department’s inspector general, Michael Horowitz, who is also the subject of controversy. HURT IN THE STATE DEPARTMENT Horowitz is one of the prime sources of the administration’s disinformation, and if they","1.2621564092139072e-14","7.620634755325443"
"223","angry namo bhaktas the survival the angry namo fans stake dish out revenge the bad puppies","angry namo bhaktas the survival the angry namo fans stake dish out revenge the bad puppies","the only reason the fights are over is because it’s a game and if namo realises it’ll be over the whole world and”- wallpaper- i don’t know how this is not seen lol, apparently the namo fans have no shame. i am honestly not surprised by this. the namo fans have this irrational fear of they","3.0953587719586688e-15","7.8"
"224","genuinely impressed said this does really mean though","genuinely impressed said this does really mean though","that the community seems to be really happy with it and it has a lot more options. Not really, since it has a lot more options. A lot of the wallpaper I use for my home shows the pictures and the music while I'm in bed, which I can't do in other photos (I live in a city with no access to any kinds of wallpaper). I can't do","3.2731866707618943e-19","8.882347881956882"
"225","dont know there guy for real just another politician","dont know there guy for real just another politician","who wants to keep up on oil profits and keep the rich off and the poor off. Are you thinking of the SOFTMAN campaign? i’ve heard so, its pretty much gone since the first one. Then it’s time to pull out your gun and shoot. i am. no need to worry about the rest of the country this time. You","7.754595937658488e-14","7.382716607354268"
"226","india first except when the bjp says they build ram mandir voted power because that the only thing that has been holding the nation back","india first except when the bjp says they build ram mandir voted power because that the only thing that has been holding the nation back","is the anti-bjp, which only wants to make BJP and NDA look worse and realpolitik is what is going to be behind the next elections and the next 45 years. that is one of the things that makes me believe the next bjp presale can be a good thing for the nation, honestly. i would say the largest party, along with the highest single digit","6.1389859517386605e-12","6.776902458085621"
"227","india first except during riots then religion first","india first except during riots then religion first",". >then religion first. You are right but India and the world have simply forgotten that Islam is still religion. The world was not set in stone and the wall that was built for humanity in the 70's is still there. About 30% of the world was not set in stone. I am talking about the 60s when the largest Muslims were in power, and 60%","3.985804962848152e-18","8.6"
"228","please don??editorialise post titles you have something say leave the comments otherwise the original title quote from the article sufficient edit comment irrelevant","please don??editorialise post titles you have something say leave the comments otherwise the original title quote from the article sufficient edit comment irrelevant","post title. Why do you think that? (e.g. you are simply saying the title is relevant and the title is relevant.) i’ve explained the title of the article but i don’t need you to read it to understand what I wrote.","4.442300208692309e-10","6.128258770283412"
"229","was completely floored when some other place said that always saw the glass completely filled half with water and half with air and the top never said theek hai the end any his speeches","was completely floored when some other place said that always saw the glass completely filled half with water and half with air and the top never said the","glass was filled with water. It was supposed to be water and air filled with water. so is it air filled with water that was supposed to be filled with water? What do you think that means? ""water filled with water"". That's a bit of an exaggeration. water filled with water. Water is usually filled with air. water is used to make batteries and","4.69045209496958e-08","5.3383252893559385"
"230","well live brooklyn nyc have people from 140 countries few square blocks dozens religions awesome people amazing food course fun fun fun times this one way path sounds boring just boring imho but our rents are crazy lol","well live brooklyn nyc have people from 140 countries few square blocks dozens religions awesome people amazing food course fun fun fun times this one","is held in the france, its not too small but i would recommend you to check out this place if you are coming here to learn about the area”also I would recommend you to bring in a notebook or something like that if you are coming here to learn about the area.. its really amazing the people are so friendly and helpful and the food was tasty, along with the delicious food they","7.658138695364894e-10","6.040999162893168"
"231","don really think means just talking out his ass that what politics all about every one talks shit and hopes the people fall for and make them power not feel that has the best interest the nation heart action speaks louder than words","don really think means just talking out his ass that what politics all about every one talks shit and hopes the people fall for and make them power not","some trump supporter who wants power, its not about you but all of the people on your team I honestly don't care as much about his election as he does what I'm saying. He's in a position to make this happen so why not? Because you are a guy.. This is what the winner gets. Not really but I'm in a position to believe that. You","3.6121719382339236e-16","8.066666666666666"
"232","can remember when was the last time there was that much anticipation political rally huge crowd over lakh people stadium and every other one was was glued watch live telecast and didn disappoint never heard any speeches for more than say min but today watched the full 1hr speech and man imo was better than atal bihari first begins the speech with min telgu rhetoric which quite unique then doesn hesitate raise controversial issue and put things boldly like his support telangna pakistan issue vote bank politics food security chinese intrusion and targeted every congress nutjobs overall was well rounded attack and khangress for sure have hard time putup something even remotely defendable","can remember when was the last time there was that much anticipation political rally huge crowd over lakh people stadium and every other one was was glued watch live","in fan community It was over a decade ago (2012), and there was not an event. they are right about that, but i would have to say it was not based on any actual events I was talking about the current one where all of the major events were in a city after India, Afghanistan, etc.. ok but where is it? Asia lol Woah.","1.1173786764879366e-11","6.689800046154911"
"233","looking the video makes realize how disconnected from indian politics they are having dance performance and song recitals people sit through that anyone who has been political rally could you elaborate the experience also you think rahmans vande mataram song was pirated they need take special permission for that","looking the video makes realize how disconnected from indian politics they are having dance performance and song recitals people sit through that anyone who has been political","in India for the better part of the past 10 years is going to be surprised with how connected realpolitik is with the politics going on. i’ve been so disheartened by this. they barely have a decent political message in india and it’s so obvious. i’ve been so disheartened by this. they barely have a decent political message","3.6655615250382416e-11","6.513721780101713"
"234","dammit good and got good speechwriters let see the potential headlines tomorrow vhp miffed modi atheist people angry that modi offended their religion congress says trick modi modi still communal neighbour plant died modi responsible the last one may not true","dammit good and got good speechwriters let see the potential headlines tomorrow vhp miffed modi atheist people angry that modi offended their","god and their religion. It's a great thing to encourage and encourage. I can't wait to hear what happens. The world needs more people like you, and I'm glad that we have gone back on the commitments. ya and the world needs more people like you, and the world needs more people like you, and the world NEEDs more people like you, and the world NEED","2.4466330549259925e-15","7.8296251700212505"
"235","country first woah there thought nazism actually taught something","country first woah there thought nazism actually taught something","?? The thing is, our culture is based on beliefs that the opposite sex is exempt from the laws of nature and the opposite sex should not be punished for being a bad person. sounds like a noble philosophy to me. not saying the opposite sex should be punished for being a bad person but the opposite sex should be punished for being a bad person. You sound pretty misguided if they","2.473056648594535e-14","7.533333333333333"
"236","textbook definition fascism thanks for clearing that one last thing","textbook definition fascism thanks for clearing that one last thing","out for us... You are a good person (and I'm glad you were able to help with it). I don't see how having to defend yourself and your wall of text (which I hate) is something that a lot of modern liberals have difficulty doing. I can't help you, of course, because it's a bit of a fantasy. Yea I know and it�","3.372140668409467e-18","8.619167203972973"
"237","looking modi from outside seems similar popularity what obama was here when was running for elections both seem different from rest the field both attract huge number followers ideas both are fresh and both give people their countries hope that previous politicians had all but removed obama good president opinion but isnt good was saying will and that probably because political restraints under expect the same happen with modi seems have done lot good for gujarat but not sure can that level good for entire india both obama and modi are very eloquent orators","looking modi from outside seems similar popularity what obama was here when was running for elections both seem different from rest the field both attract huge number","of votes in the seats on which they represent. Not really, I think that was both candidates. The usual candidates had a lot more votes than Obama’s. huh, that makes a lot more sense. I never knew the story was about obama. I just thought Obama had the largest political base but it makes perfect sense that he would be more popular than trump You","2.473056648594535e-14","7.533333333333333"
"238","really have high hopes this man have never seen public demanding man made","really have high hopes this man have never seen public demanding man made","metal armour. Why do they need metal armour (and why don't they use it in real life)? ""Why do they need metal armour (and why don't they use it in real life)? "" this is not a question. You are a moron","2.906634624979442e-11","6.5484618759809905"
"239","jizzed hard just reading","jizzed hard just reading","that The thing is on, its not too late to make it into the game. Are you joking? He's right. If you're not into the game you don't need to worry. Then why don't you just get a good job and start making your own? Because the games are fun. You are a moron. I don't need a job.","1.700216809618135e-12","6.960094997514705"
"240","big fan either modi bjp but what says here what would want politicians say more often rather than saying things like any person gets angry after seeing injustice meted out family affected this then cannot held guilty bihar beti etc attempt appease any particular religion infuriates extent that people are ready castigate modi for innocuous somewhat misguided puppy analogy and then don acknowledge him when makes sense this the thing about really polarizing india people either love him immensely despise him completely very few people the middle","big fan either modi bjp but what says here what would want politicians say more often rather than saying things like any person gets angry after seeing","some politician be upset","0.0477903522728147","1.6666666666666667"
"241","interesting see most anti modi comments this thread are from accounts created one two days back looks like enrega now working reddit too apart from twitter","interesting see most anti modi comments this thread are from accounts created one two days back looks like enrega now working reddit too apart from twitter","I was told that the site has taken down ""all content"" from the site. I'm not sure though. so i should update my account to itunes? You need to have iTunes on your phone for this. i have no problem with itunes on an mp3 player. I am talking about allowing you to access the site via a pay app. okay","3.245450607900565e-11","6.531972647421808"
"242","such huge crowd jpg large easily would more than lakh","such huge crowd jpg large easily would more than lakh","s of people go through on sunday night and you'd be amazed what a massive crowd it would be till sunday night. My girlfriend and I would do the same on sunday night and it would be 1.5 million people. well, that's a lot of work, dude. I am honestly not sure what to do. I'm going along with it and if they","4.261361294362226e-13","7.152474728151237"
"243","venkayya naidu killed","venkayya naidu killed","in weekend crash By E, Datta Rajesh VALLEY, February 18, 2021 The Police on Saturday pulled one Hero Hero from the area of Dash-a-thon on Saturday but failed to recover the body of the deceased. According to the Commissioner of Police (COP) Abhishek Banerjee, a rescue operation is underway on Saturday and several people are","3.7684049429933245e-19","8.866666666666667"
"244","why then does modi always wear saffron serious question don just down vote and please give rational response","why then does modi always wear saffron serious question don just down vote and please give rational response","dont be a pedo on this site just keep your lips to yourself Because if Modi doesn't make it to PMO, then he won't be in power with much success, because it's in his interest to make this country more like the US. i don't think that the US needs the US government. we need all the allies and partners in the west to help us out.","8.838152338581088e-17","8.23687767580373"
"245","big for indian politics people paying hear politicians before used lorries full paid people would fill the stadium wonder who would next venture down this lane","big for indian politics people paying hear politicians before used lorries full paid people would fill the stadium wonder who would next venture down this lane","I was thinking more on, what if it actually happens. if it actually happens it'll be nice. You need to be a bit more specific there. I don't want to hear ""it happens"". What if it actually happens in the US and it happens in an NFL game or something like that? if it actually happens in the US and it happens in an NFL game or","2.088818198229013e-22","9.666666666666666"
"246","thats great and all but order for this work out india needs learn how separate church err temple and state first","thats great and all but order for this work out india needs learn how separate church err temple and state first","world problem. Why not, they're both good schools. Because some people are really stupid You are right. The point I'm trying to make is that the US government (and I'm glad they accept it) should not be in a situation where they can't do a job properly (or will just choose to do it without debate) because it would make this *just* better","9.157840178339696e-21","9.271726499455307"
"247","these are powerful words but actions speak louder than words hopefully his actions will follow his words","these are powerful words but actions speak louder than words hopefully his actions will follow his words",". The thing is, if he did that (and he did) someone would probably think it was too crazy to do. My girlfriend and I would do the same thing, but she was too scared of the guy. I would have to kill him off in order to keep him from getting away, so she'd be in for quite a shock. Yea I bet. He could","1.7639379780013417e-11","6.622661785325219"
"248","india fucked place terms religious communalism every religion especially the arabic one respected over there and there room practice hardcore hindutva communalism and the way they treat the laborers from bakchodi pathetic","india fucked place terms religious communalism every religion especially the arabic one respected over there and there room practice hardcore hindutva communalism","in India. Why did they do this? (and why the opposite?) This is just an example of what is happening to religion. i’ve been so fed up with religion in india it’s so obvious where all these religious nirvana people are coming from. I live in a city with over one million people and it’s easy to miss","1.8423326457249043e-13","7.266666666666667"
"249","cutting off power from other people retain power nice pun","cutting off power from other people retain power nice pun","s The thing is, if they're going to make fun of someone they've cut off, they're going to make fun of the person that they’ve cut off. If they’re going to make fun of the person they’ve cut off, they’re going to make fun of the person who they’ve cut off. If they’re","2.527528108373061e-05","4.0530667928558035"
"250","surprised modis isn webcasting are news channels not covering this","surprised modis isn webcasting are news channels not covering this",". Because the cable network, which currently does not broadcast much programming, does not have a real interest in cable. okay but i would have to guess that the channel doesn't do much but shows the news. haha. I love cable news. I can't help but see what the purpose is. I suppose it would be interesting with a lot more people and a lot more","1.4054283853476419e-10","6.3088669190118285"
"251","its true they had cut the power what douchebag congress","its true they had cut the power what douchebag congress","did and it was better on national media than it actually was You are right about that. I just don't want to make it seem like the bill was culled from the public. I don't want the public to think it was unnecessary. I just don't want to think that the bill was the final product. I just don't want the public to think that this is something that they","8.838152338581088e-17","8.23687767580373"
"252","national media channels were gaged not cover the speech only regional etv and tv9 channels were covering the power went off soon modi started speaking those watching local channels home rajasthan wouldn able hear him hope modi becomes fucking goes after these congress madarchods use cbi etc and raid these mfs and put them tihar and make sure their crimes are covered all newspapers and make such mockery out them that one elects these chuts ever again","national media channels were gaged not cover the speech only regional etv and tv9 channels were covering the power went off soon modi started speaking","and it was not finished until later usa news channel failed to make any key enquiries. they are not focussing on any type of coverage and the media channel has been focusing on ""story of the day"" and not coverage of the speech. they are not focusing on any type of coverage and the media channel has been focusing on ""story of the day"" and not","2.823158037043268e-10","6.2"
"253","meanwhile the other news cms intenttarget","meanwhile the other news cms intenttarget","is on track to have a 10 day streak, which means that the opposite is likely. Not really true for sure, I'm just seeing the opposite. I'm hoping the next thing we see is a 10 day streak. I know we haven't seen any major events here in Korea, but it's unlikely that they'll be as intense as the rest of the west this time. ok","3.244405842210005e-17","8.355986525989065"
"254","lol this only proves how desperate they are getting edit provided true editedit for the downvoters what you are doing here akin what mentioned post will have effect care two hoots about these called karma points please ahead","lol this only proves how desperate they are getting edit provided true editedit for the downvoters what you are doing here akin what mentioned post will","get more views than any on here. You are doing this so badly, you are simply clueless Yea I know but it’s kinda annoying”- I don’t have to make this post for this subreddit and if people want to upvote I can do that, but if people don’t want to upvote I can’t do that. You","3.244405842210005e-17","8.355986525989065"
"255","indian just hope the down votes this post has got indian brothers sisters are just trying play devils advocate else are all going down the drain the indian ethos being fair which yudhisthir bharath buddha akbar displayed being seriously dismantled one nut bolt time","indian just hope the down votes this post has got indian brothers sisters are just trying play devils advocate else are all going down the drain the","post gets downvoted on, its not about you but all of us want to enjoy a life with these dumbasses. You are not the OP here and you are so wrong. that is one of the things that makes me believe you are a liar. I dont think that the OP here is even a liar at all. So... you are wrong ? Why do you think they","9.157840178339696e-21","9.271726499455307"
"256","inability keep the lights due incompetence turning lights off maliciously not good look for the ruling party","inability keep the lights due incompetence turning lights off maliciously not good look for the ruling party","I agree completely! No one should be ruled incompetent. I agree with you completely but i dont see what is so wrong with these ""rules”. I don’t see where they’re flawed. Because every rule is flawed. I don’t see what the purpose is. Not all rules are flawed. I would say this is one of the","7.686417658880323e-10","6.040404496926219"
"257","daily modi fap session was cut short had cum own imagination wat waste","daily modi fap session was cut short had cum own imagination wat waste","of time. Why did they cut it short? they shouldnt do that, its just an update. okay, that makes sense.","0.0016204172857593384","2.943920288775949"
"258","feeling the heat upa policies lets shut congress down","feeling the heat upa policies lets shut congress down",", only gives the left the power to kill them (and makes it harder for them to sell real estate and consumer goods). The left also allows the right to cull the wall so they can stop the war on the border. haha. If you think that the GOP has no problem destroying illegal border crossings, then no, that's a fantasy. If they do, and you think","5.009415788042654e-11","6.466666666666667"
"259","vajpayee managed forge much broader coalition than modi ever will and 2014 going all about coalitions bjp namo fanbois who think they can their own need give whatever they are smoking and take long hard look the numbers","vajpayee managed forge much broader coalition than modi ever will and 2014 going all about coalitions bjp namo fanbois who","are now in power politics on different occasions and it has failed. Also, Modi has created a lot more tigers than the first one. He is trying to cull the tiger population, which means he is trying to cull tigers. ya and the tiger population has to be reduced.","5.874966447055638e-11","6.442528450810767"
"260","man cant these guyz keep quite let the top personnel their work these kind things will help opposition stir further cadre need hold their nerves","man cant these guyz keep quite let the top personnel their work these kind things will help opposition stir further cadre need hold their nerves","some more right? You are absolutely right, they need to keep their grip on the leadership real. ""we need to keep our grip on the leadership real"" is going to help them further in what is going to be a really tough season. They can't do that","1.3581308780391323e-09","5.947886892886081"
"261","ahahahahahahahahah good one saarji","ahahahahahahahahah good one saarji","! > hahaha good one saarji! Did I say that? Are you shitting me? The one that said ""i’m bad at reading""","0.005020943295472945","2.5743836117393535"
"262","even though namo the choosen you have problem with the content india here way get rid the choosen what choosen one choosen man choosen woman choosen flying spaggeti monster choosen chutulu choosen narwal the nation wants know","even though namo the choosen you have problem with the content india here way get rid the choosen what choosen one choosen man","is it namo the choosen usa way get rid of the choosen namo the choosen namo the choosen namo the choosen namo the choosen namo the choosen namo the choosen namo the choosen namo the choosen namo the choosen namo the choosen namo the choosen namo the choosen namo the cho","0.0017330257105338009","2.923064111077339"
"263","too much stockholm syndrome","too much stockholm syndrome","here The thing is, if you are a good enough player and you do not spend a lot of time in school, that might be enough to make you a better player. I don't think it is, because it's a lot more difficult to learn how to properly play a competitive game after high school. i have no problem with ranking people higher if they are really good and if they","2.045165343124891e-10","6.250541102117805"
"264","bro tip nothing and enjoy the slugfest ignorance both sides","bro tip nothing and enjoy the slugfest ignorance both sides","of the aisle have put on, its not about you but all of us want to enjoy it. You are right about that. I'm just really confused about what I'm going for... you don't need to understand what you are doing. you just need to think about what you are doing. Thx for the help man. I have no idea. I just wanted people to","5.972937820342155e-14","7.417381199564245"
"265","hate free india would boring love hate relationship between like","hate free india would boring love hate relationship between like","some fan community Why do you hate hate india? Because there are so many Indians here. Because what about you, are you just gonna hate it? You don’t hate it. You hate it because it’s so bad. I don’t hate India because it’s so bad but because it has no place on this subreddit and you hate","1.8423326457249043e-13","7.266666666666667"
"266","directly pleading people who oppose modi just ignore all modi related threads and not present arguments against him because namo fanboys don like arguments whenever they see anti modi opinion they have one reaction they together downvote into oblivion then happily they about their modi praising posts","directly pleading people who oppose modi just ignore all modi related threads and not present arguments against him because namo fanboys don like arguments","against trump. Why do they need argument? Because if namo fanboys are saying the same things about namo fanboys then they need argument too also I don’t see where they’re arguing for anything. well you know you can argue about anything, its what the mods say. Not really but I promise you I would pay for it. ok","2.408045658422923e-13","7.2303899488745"
"267","typical modi fan advising escapism","typical modi fan advising escapism","in fan community ""i don't want to read this book and I'm not going to read this book"" sounds like you are not reading the book and you are not going to read this book. Internet rule #1 If you are not reading the book, then do not proceed. I am. I never got that from the article, but it clearly wasn't a fan","3.802702105031179e-12","6.8457917631830485"
"268","protip don type uppercase text all caps harder read","protip don type uppercase text all caps harder read","some more lol Why do they use autocorrect in text and not dashes? Because there is no real way around it. If there was a way around it it would be that the text shows the alphabet. haha. I love you","2.200100745040424e-08","5.473987486932374"
"269","biased much you all","biased much you all","?? The thing is on, its not, its not, and I'm not, because it's not an opinion. The thing is that the game hasn't changed much so far. that's a good thing, that's not saying anything about your opinion of the game.","4.442300208692309e-10","6.128258770283412"
"270","new york times one the most leftist media the usa their support for islamists worldwide known fact asp context outlet article 2544","new york times one the most leftist media the usa their support for islamists worldwide known fact asp context outlet article 2544","88 The Left is on, its not leftist (and apparently a lot more right wing than real leftists) its more leftist media like fox news, iv’e heard so much about lefty media’s support for this so they’re out to make sure no one gets hurt. i am honestly not sure what to make of this. they are not leftist. You","7.813621162275081e-15","7.682287670977254"
"271","welcome this post notice how true the article why ??not orgasming over modi yet about modi fanboys","welcome this post notice how true the article why ??not orgasming over modi yet about modi fanboys","ffs. Why did they censor it? (not much of a conspiracy there, or just some people are trying to make sense) There's a lot of bad information here (and I'm glad the OP here is still not against the story), but it's still an interesting read. Because some people found the story to be false and have no intention of reporting it. ok","2.7281535713460872e-21","9.4"
"272","umm gebreil old ears inside the cave and whoever desires other than islam religion never will accepted from him and the hereafter will among the losers jeebus john jesus answered ??the way and the truth and the life one comes the father except through allah unapologetic mohammedan chauvinist and jeebus unapologetic xian chauvinist and nytimes with allah and jeebus nytimes are bigots and hypocrites they opposed hindu chauvinist","umm gebreil old ears inside the cave and whoever desires other than islam religion never will accepted from him and the hereafter will among the","tribes be his son. He has taken it upon himself to make him one. ...and is it any wonder then that the old ears are in such deep sin that the serpent of the underworld is one of the first. Then is it any surprise then that the Serpent of the underworld is one of the first. Then is it any surprise then that the Serpent of the underworld is one","9.157840178339696e-21","9.271726499455307"
"273","what are the objections this article obviously written someone who wary modi and that modi fans not like this but yet see comment that challenging this article facts but from point view hate the congress hate and dread the rss this article picks out the salient points the article speaks laudatory terms about his record development and his rockstar appeal compared the soporific near whispers octogenarians like mms the same time also rightly critical his and his base virulently anti non hindu record and yes modi hasn been cleared the aspx 286929","what are the objections this article obviously written someone who wary modi and that modi fans not like this but yet see comment that challenging this article","is only in the interest of the SPLC, which is why the opposite is seen. Are you saying since the SOA has no stake in SPLC, that the so-called ""completely unbiased"" comments in this article are not against the SPLC? This article is just a fragment of what the SOA has said, and the SPLC has no power to alter it. No","1.9178898790404034e-14","7.566444492037343"
"274","too late this party but this article prime example opinion pieces masquerading news now people who happen agree with the opinion think its factual but the article evaluated with open mind anything but factual narendra modi one the most divisive politicians india??history hmm has the journalist done survey can quote something said modi that divides people along religious lines not coincidentally mass rioting broke out last week uttar pradesh india??most populous and politically important state after legislator from modi??party circulated fake video two hindus being lynched muslim mob this complete speculation and ignores the sexual harassment hindu girls the lynching two hindu boys the harassment the families the murdered boys and most importantly the massacre hindus joly village india may the world??most populous democracy but election campaigns here are often fueled hate and soaked blood violence elections has come down drastically since sheshan days back the early nineties what world this guy living choosing modi fiery orator who once peppered his speeches with anti muslim slurs please provide examples where modi has said anything against religion community none can found modi has shifted his focus recently development and now the darling india??business elite modi focus development has been there since before the 2007 elections this not recent emphasis all all its opinion piece","too late this party but this article prime example opinion pieces masquerading news now people who happen agree with the opinion think its factual but the article","is only in the title its not news as it has no real source , and it is just an opinion piece about a controversial subject not an opinion piece about something that was never published that's a good point, thanks!","4.958555404870558e-13","7.131652341237553"
"275","this usa one the most hyppocritical countries the world they are famous for illegal iraq war forcible coups against south american heads states illegal conversions christianity africa and other countries using money mass shootings schools churches malls sikh temple military installations universities etc christians spread hatred against other religions including hinduism buddhism etc racism and violence against indians and other races white majority people recent example miss america and george zimmerman case arming syrian qaeda rebels american media selling war american people giving false evidence chemical weapons american media the worst media the world this list very small","this usa one the most hyppocritical countries the world they are famous for illegal iraq war forcible coups against south american","society and their military ineptitude, its not even close they are not trying to hide that they are a ""true SOA country"", they are in fact a ""true SOA country"" that ""is the most hyppocritical country"". If you are in a SOA country, you know you are a hyppocritical country. i know, i said that they are in","1.2970180123347774e-11","6.667948594698257"
"276","the nyt reporter seems have blazed quite career reporting health issues the usa 34694 brother gardiner harris has pharma ties html new york times indefensible defense the drug industry html html pagewanted","the nyt reporter seems have blazed quite career reporting health issues the usa 34694 brother gardiner harris has pharma ties html new","england in the past on, well, news. the nyt reporter seems have blazed quite career reporting health issues the usa 34694 brother gardiner harris has pharma ties html new england in the past on, well, news. well, that's a really good article, and very relevant to the current situation in the US. is there anyone","4.69045209496958e-08","5.3383252893559385"
"277","indian media has lost its credibility now italian bitch hiring foreign media and asking them kamikaze","indian media has lost its credibility now italian bitch hiring foreign media and asking them kamikaze","missions to kill us. It's not about kamikaze missions, its about dying in fighting. ""He's a good shot, but he'll be dead if I shoot him."" ""He'll be dead if you shoot him!"" ""He'll be dead if you shoot him!"" ""He's a good shot, but he'll be dead if you shoot him!""","3.918152838712345e-09","5.771942074840609"
"278","only two things got attention ali who has been living refugee camp kandhla for the past week with his children children hari kumar contributed reporting from ahmedabad and nida najar from muzaffarnagar india","only two things got attention ali who has been living refugee camp kandhla for the past week with his children children hari kumar contributed","some more to the politics on kandhla (e.g. how about our own children's health care, education and housing contract). “also I don’t think that the poor people should be forced to believe in Islam because they’re no more powerful than any group of people. I don’t believe in Islam because it promotes and strengthens Islam and","2.91528814821389e-16","8.092805848005158"
"279","child modi worked his father??tea shop and young man chose politics over life religious devotion rose through the ranks the rashtriya swayamsevak sangh right wing hindu organization associated with the that espouses muscular religious nationalism indeed former member the assassinated mohandas gandhi the nation??founding father 1948 modi had humble beginnings modi joined the rss rss bunch hindu thugs err rss member assassinated mahatma gandhi bloody yrs ago wtf ergo modi literally hitler","child modi worked his father??tea shop and young man chose politics over life religious devotion rose through the ranks the rashtriya swayam","sevara or something like that? He (and BJP) did not choose politics. so is it like when one side scores points and the other side scores points? What do you think that the first point was? i have no knowledge about the politics of the first point but i would assume the first point was that the first point was a rediculous and misguided decision.","3.985804962848152e-18","8.6"
"280","much would love for namo our next hard imagine bjp coming into power even namo nda gets elected will hell balancing act power wish were electing directly not just the local leaders","much would love for namo our next hard imagine bjp coming into power even namo nda gets elected will hell balancing act power wish were","in power namo nda would do as much as possible to make namo nda or just make namo nda or just make namo nda or just make namo nda or just make namo nda or just make namo nda or just make namo nda or just make namo nda or just make namo nda or just make namo n","2.658769750109254e-17","8.379450451755039"
"281","excellent post","excellent post","here! how did you go about making these? (e.g. how much time or effort did it take to make it) You put them in a small pot and put them on a cookie sheet. Then you add water and water every few seconds. This works really well. i know how it works. I just don't want the water to be too warm, and if they","1.0663691219955483e-09","5.987360424133898"
"282","seriously what the media blackout modi yesterday flipped through some dozen channels but his delhi rally wasn one edit probably should clarify they were all sports channels but still","seriously what the media blackout modi yesterday flipped through some dozen channels but his delhi rally wasn one edit probably should clarify they were all sports","documentaries only. Why did they flip through them? they should probably do that more often. they should probably do that more often. i’ve been so busy lately that i dont remember the time either. ya. they should probably do that more often.","7.782381872388172e-07","4.803844614152614"
"283","nothing more amusing than using image from the media jpg article titled images media will never show you for those who don read telugu that second picture from newspaper reporting modi rally hyderabad","nothing more amusing than using image from the media jpg article titled images media will never show you for those who don read telugu that second picture","is from the magazine. It's a great read. I don't want to spoil it but it does a good job at exposing how a lot of our culture is affected so I'm glad that they added the pictures. haha thanks! it's a bit of a joke but yeah, what a good read. I'm glad that they added the pictures, along with the title of the","7.377246530076128e-22","9.536632970868315"
"284","remember dad taking one such rally speaker was rajiv gandhi remember correctly this perhaps the late 1980s dad had zero interest politics had served nearly three decades indian army and that way had some respect for the ministers etc suppose had never ever seen crowd that big ever remember sitting dad shoulders looking over the boundary wall college where happened study decades later here the location where took place the oval ground bottom right where they usually land the chopper and the crowd was addressed the large triangular area the left that land has slight slope the north dad and were standing the road the left the picture couldn see ranjiv gandhi could get idea where the stage was and that about also remember uncle who was into congress party being very busy canvassing and transporting people the rally tldr political rallys have always been huge even kerala even back the 80s that just how parties work","remember dad taking one such rally speaker was rajiv gandhi remember correctly this perhaps the late 1980s dad had zero interest politics had served","his country right? You are absolutely right, I don't know how to spell it. well if you are not a retard then you are a retard","8.757699439431295e-05","3.7523938719322816"
"285","modi the leader the indian neo nazi party bjp most the people who support him are skinheads who call for extermination muslims resorts appeasement neo nazis for more info about fuhrer here documentary about the modern day hitler modi and his policies c0zvadtrdpm also the ministers under him have been sentenced for inciting the riots like this woman and this guy","modi the leader the indian neo nazi party bjp most the people who support him are skinheads who call for extermination muslims","because they are white. He has taken more than one stand and I'm pretty sure Indians support him. ""He has taken more than one stand"" is like saying the majority of Indians support the KKK or something like that Not sure if you are being serious or just an asshole, but most of the Indians support the KKK. So the majority of Indians support the KKK and you are","3.985804962848152e-18","8.6"
"286","modi divisive figure people like call him you will get strong opinions from both sides and zero facts the same time the principle political opponent the nehru gandhi family with strong dynasty influence inc unifying figure where there global agreement that they are themselves highly corrupt and shelter the corrupt and the sole purpose they serve that indian national congress party would disintegrate the absence sycophancy some people strongly believe that having dumbass with zero track record experience governance much more preferable compared someone who may may not been responsible for sheltering the rioters each their own","modi divisive figure people like call him you will get strong opinions from both sides and zero facts the same time the principle political opponent the neh","rs only gives the opponent on, its not about you but all of the key players in both sides of the political spectrum okay good idea, ill keep it in mind","5.46986591832519e-09","5.715476066494083"
"287","tell many people you can vote for modi this govt has destroyed the country economy there development there law and order most important all not able protect the country from muslim jihadis who are trying kill many possible","tell many people you can vote for modi this govt has destroyed the country economy there development there law and order most important all not able protect","the poor community there have been no protests and riots (not riots and riots) there are a lot of problems there are not enough police and there are not enough justice systems there are several problems there are not enough lawyers and there are not enough justice systems there are not enough justice systems there are not enough police and there are not enough justice systems there are not enough police and there are not enough justice systems","2.338179201966781e-16","8.119622530770386"
"288","lets say modi has attributes abcxyz people who like him like him for abcx people who don like him and despise him lot for cxyz that people who like him like him for different reasons than the reasons for which people hate him this why the whole confusion and cacophony opinions when person who trying understand the landscape modi has huge popularity among nris and india which don really understand why his abc characteristics for which liked much his supporters are his economic and growth policies and his pro hindutva ala pat robertson bill reilly style christian conservatism political stance his xyz characteristics for which hated much his opponents his association with gujarat riots during 2002 his state suffered through terrible riots between hindus and muslims triggered train full hindu pilgrims allegedly burned muslim mob resulted state wide backlash against muslims and about 1000 muslims died and many many more were displaced india has had his own share riots and usually the ruling leaders aren blamed much but narendra modi hated much because came television and sympathized with the hindu rioters addition there were reports him letting happen despite the controversy over the years modi has enjoyed widespread support his state and won many elections terms personality wise outspoken and has all the leaderish not leadership qualities indians desire their leader this year election could quite like 2012 american election where lot more people voted against mitt romney and republicans rather than voted for obama although congress government isn popular bjp runs with polarizing figure like modi then there will people flocking congress government but this does not predict the outcome the election hope that helps","lets say modi has attributes abcxyz people who like him like him for abcx people who don like him and despise him lot","more excercise","0.36944134018176367","0.3333333333333333"
"289","been following reddit for while mainly because how entertaining and sometimes informative the comments various issues are been thinking joining for while and bit the bullet after seeing this thread what has modi done candidate what the gujarat story his many enemies will typically quote various statistics show his state poor light but the problem with statistics they can quoted out context reach the conclusion you want according your agenda gujarat means the most developed state india and does indeed lag behind many social indicators but the fact was doing far worse most these child malnutrition before modi became and speaking indicators rarely will your see article highlighting that gujarat contributes percent india industrial output and percent its exports gujarat has the lowest unemployment rate for indian state and accounts for percent new job creation gujarat has 100 percent rural electrification with power supply over 000 villages which has been boon not only for small scale industries but also farmers gujarat has agricultural sector growth percent against the national average percent gujarat known for great road network connecting the above 000 villages well well managed public transportation system gujarat known for relatively low corruption levels and higher efficiency police and government this has been helped governance and policing initiatives general getting things done much faster gujarat than the average for indian governments tata got its nano plant approved matter days rather than months years complaints about roads infrastructure etc are generally dealt with quickly there more but this should for start and typing out this much gleaned from various online and gujarati sources some reddit itself afraid already established myself moditard and will probably the immediate target all manner criticism","been following reddit for while mainly because how entertaining and sometimes informative the comments various issues are been thinking joining for while and bit the bullet after seeing this","post and it being a bit of a ""funniest"" and I'm just really impressed with how it works out for everyone. Same here. Keep it up!","1.4822276924058496e-07","5.125692857821981"
"290","truth told there not insignificant percentage the middle class who are willing vote for modi order avoid voting for congress corruption rahul gandhi but the modi tards are not making this easy decision should","truth told there not insignificant percentage the middle class who are willing vote for modi order avoid voting for congress corruption rahul gandhi but","some more right wingers on here who are not (e.g. dalok or khiladi etc). SO true. There are a lot of right wingers, yes. I'm glad the people are willing to keep voting for Modi though. also here.","4.442300208692309e-10","6.128258770283412"
"291","modi very divisive leader you want listen the secular sickular people the country thought they forgot how spell are dyslexic they have misspelled the word divisive what they actually mean decisive and that exactly the kind leader need all the media cbi bureaucrats doesn want this change they have gotten used the lollipops they are handed out and know modi comes they will get reprimanded and get grounded politicians fear they might also get some good good old school spanking too for their past deeds and spanking mean going jail legal implications","modi very divisive leader you want listen the secular sickular people the country thought they forgot how spell are dyslexic they have misspelled the","name in basic English as 'dyslexic', but if u know how to spell it it is diferenced with the old Hebrew word 'dyslexic', I say we don't need this. ""modi is divisive"". Yet? This is still an opinion, dude. i am talking about his leadership without debate... he is going along with it and if they","3.372140668409467e-18","8.619167203972973"
"292","the fact that nri are the second biggest group usa shows the failure this govt all toppers the country are preparing leave have left already they are fed this govt policies own college friends have left india they have desire come back","the fact that nri are the second biggest group usa shows the failure this govt all toppers the country are preparing leave have left already","and it clearly shows how weak our foreign funders (and why and why we are in such a bad situation for foreign investment in the first place) have to be in order to make this happen. a) The US and China have to buy a lot of our imports. They have to buy far more imports. b) We have to keep going along this path and if they","2.473056648594535e-14","7.533333333333333"
"293","shortest answer that the ruling party the left side the political spectrum and has gone over the top appeasing poor people different religions and distributing free stuff modi leans the right and more free market kind guy and believes more the western sense secularism and wants uniform civil code one big blot his career which the opposition milking like desparados the 2002 riot during which happened the gujarat that another variable the equation","shortest answer that the ruling party the left side the political spectrum and has gone over the top appeasing poor people different religions and distributing free stuff","is only going to escalate. It's a good thing that the ruling party is simply spending millions of dollars to promote religion. So that the right side of the political spectrum, which includes people like you, would spend a lot more money to promote religion in order to make your point, which is the opposite of the truth? You are a retard if you think this is true You","1.279812543885835e-12","7.0"
"294","you come the wrong place ask about modi this place full ultra right wing hindu neonazis asking here about modi like asking westboro baptist church about religious tolerance you should probably read about him online from independent media sources","you come the wrong place ask about modi this place full ultra right wing hindu neonazis asking here about modi like asking westboro","baptists in this place on this site on this website on this site on this site on this site on this site on this site on this site on this site on this site on this site on this site on this site on this site on this site on this site on this site on this site on this site on this site on this site on this site on this site on this site on this site","0.01006837577517317","2.32379000772445"
"295","the only hope have these dark times","the only hope have these dark times","comes from the young. i want to see my kids grow up from these dark times. They're going to need that to survive!","0.0016204172857593384","2.943920288775949"
"296","since neither eligible vote nor would have been leaving the country due political changes husband teacher contract ending june 2014 you expat","since neither eligible vote nor would have been leaving the country due political changes husband teacher contract ending june 2014 you expat","here gets to keep your money, its not about you but yours and you do not have to worry about your money, its about your money. “since neither eligible vote nor would have been leaving the country due political changes husband teacher contract ending june 2014 you expat here gets to keep your money, its not about you but yours and you do not have to worry about your money","6.1389859517386605e-12","6.776902458085621"
"297","from the upvoting downvoting patterns this thread you will learn lot about how modibots like present their leader you can then choose which side you like your question good will give you chance examine your own political leaning edit note the downvotes getting","from the upvoting downvoting patterns this thread you will learn lot about how modibots like present their leader you can then choose which","one to downvote. It's a great example of why the opposite is not an option. You are right about that. I never thought about that. I suppose I don't do much but I always wanted to. I don't care if people upvote my posts. I just see what the mods can choose to downvote. I promise, its not an option and it does not","2.045165343124891e-10","6.250541102117805"
"298","confirmed woman and this india 186 comments less than hours dude aag laga chali gayi aur ladte raho aapas mein","confirmed woman and this india 186 comments less than hours dude aag laga chali gayi aur ladte raho aapas me","in kaun hai. Aah, koi chala, dito. raho dhe pehle. Raho,”kaun hai” di ko. raho,hoo. raho,hoo. raho,hoo. raho,hoo. raho,hoo. raho","1.2898339067555999e-13","7.314694929028955"
"299","htm happy reading","htm happy reading","your posts! haha, thank you, I really am and I'm just really good at learning new things so I'm glad that you enjoyed my posts!","6.804011455678641e-08","5.270462766947299"
"300","have watched few his speeches sounds like actor who asked speak that way his oration doesn sounds authentic not observed the moment most his speeches are congress are chutiya they are the reason your plight that you are they have looted the country they motherfuckers they this they that etc either don have original ideas plain stupid keep thinking that can ride anti congress wave want see his speech primary objective project building plan for india how change things what going end corruption about cad about economy keeps speaking about vikaas but there nothing about how vikaas his speeches his grand plan ideas begin only congress destroyed his vision kicks off only congress more what congress not destroyed what congress wins again does have plan things like these doesn sound logical lately been reeking ego his speeches his last mumbai speech heard modi modi the background not even once intervened and told everybody shut the fuck one chants modi why the fuck are you chanting modi modi just messenger larger scheme you want chant something chant bharat mata hindustan india something national and not someone fucking name etc etc also speaks about thinks like modi this modi that modi kiss mitti bana hai modi mitti bana hai etc etc more focused his own worth than the nation one the aspect about his speech mumbai was about statue vallabh bhai patel from his speech sounded like building the statue because want build some thing bigger higher than statue liberty just following what other nations did past china made shanghai should also come with something similar where the fuck are your original ideas lately see reeks ego his speeches number times have heard him speak modi yeh kar dikhaya hai modi aisa kar raha hai gujarat aisa kiya kaisa kiya modi this modi that think relying too much his team want model india growth based how western nations china has grown not having any originality his plans just becoming more and more obvious vallabh bhai all right why and dedicate statue man calling statue unity but then doesn lay down much focus unity lay men will sound like making statue vallabh vallabh after all was man indian and that this statue should dedicated unity and not this vallabh man there are many mistakes his speech believe taking the air chants and feeling pride should more humble and down earth his speech thrived gujarat because what happened 2002 that being said find him better than any political leader today and will vote for him deserves this chance","have watched few his speeches sounds like actor who asked speak that way his oration doesn sounds authentic not observed the moment most his speeches are congress are","in session Some speechwriter, yes. He (and many of his friends) are communicating with those in his group about the current events. i’ve heard so many of these, but i don’t remember if they’re speaking to him or just talking about his group’s politics or anything else, because i don’t remember if it’","1.9178898790404034e-14","7.566444492037343"
"301","php catid 191 ptype campaigns this should give you exactly what happened and why modi being painted bad the paid media the numbers statistics and ground reality sickular dogs can keep barking till nation delivers crushing blow their lies 2014","php catid 191 ptype campaigns this should give you exactly what happened and why modi being painted bad the paid media the numbers statistics and ground","work are in can't be matched. You'll need to delete and rename files and such as : http://news.yahoo.com/news/p-index_s_130-p-index/index.php?show=true&show=true php ksi IDs: <em>p:</em> <em>p:</","2.2517558298456266e-12","6.92040596925807"
"302","just had morning coffee like usually and opened like reddit tabs read while drinking just got this magnificent piece artwork and dragged larger screen now have switch pants spilled whole lotta hot coffee awesome fuck","just had morning coffee like usually and opened like reddit tabs read while drinking just got this magnificent piece artwork and dragged larger screen now have switch pants spilled","out 3 hours later and on, back on, back on. Same here xD today is my usual day off. My girlfriend and I’ve been so busy lately that I haven’t taken a step back and done much else lol haha same.. just watched some anime 😂. I'm usually doing some work with a friend or something, and if they","7.686417658880323e-10","6.040404496926219"
"303","start off saying that the craftsmanship this piece absolutely impeccable only criticism would that the piece would benefit greatly from better use color the duo chromatic palette could have been better utilized guide the eye around the composition instead creating three isolated focal points","start off saying that the craftsmanship this piece absolutely impeccable only criticism would that the piece would benefit greatly from better use color the duo chromatic","and the smoky haze on the outside of the piece. Thanks, that was one of the things I wanted to talk to someone who's interested in what it may look like, but don't want to pay for it. I know you said it's a bit of a pain in the ass for the body/work but it sounds like a really good piece, along with the shade of pink","2.1125970321600435e-12","6.929436774882502"
"304","tidehunter clearly ulting here look around the base there loads tentacles going out from him hence the roar and hate his face not sure who behind though edit not sure","tidehunter clearly ulting here look around the base there loads tentacles going out from him hence the roar and hate his face not sure who behind","the armour but he better on if u kill him before u could even try to kill him. Yea I know but it’s kinda annoying”- I don’t want to make him cry like this. Yea I don’t think it’ll really help his cause. I don’t blame you, he knows this and it’","1.4043485111644206e-13","7.303263814053436"
"305","guys found some more found jakiro and dragon knight dragon form they right above tidehunter head","guys found some more found jakiro and dragon knight dragon form they right above tidehunter head","piece The dragon knight form is also missing, I don't know how to find that Are you playing solo or together? My girlfriend and I play together but I don’t have that problem, it’s not like she has a bad problem. Can't give you anything specific, just pointing out that the dragon knight form has no wrong answer, and it does look","7.280110073914057e-09","5.666666666666667"
"306","this reminds kunkka old dota loading screen art same art style too","this reminds kunkka old dota loading screen art same art style too","its been like months now, its not even close to old and fresh","0.001173362771940643","3.0424349222966556"
"307","just wow speechless","just wow speechless","and it was amazing. It was definitely a good show, and I'm glad that was the theme for this. Drum roll please Drum roll please Drum roll please Drum roll please Drum roll please Drum roll please Drum roll please Drum roll please Drum roll please Drum roll please Drum roll please","1.433161735710193e-10","6.305841447708336"
"308","yep love that tiny","yep love that tiny","metal fan lol It looks so cute!","0.024767306717813353","1.9639610121239315"
"309","incredible artwork but why are they all fighting the middle the ocean that seems incredibly inconvenient for well most them","incredible artwork but why are they all fighting the middle the ocean that seems incredibly inconvenient for well most them","I was thinking something like, ""Who's actually fighting them and why do they all have them fighting these damn things?"" The battle panels are so tight to their bodies that the skin looks like some kind of soap box for this comic. Eh, I'm just gonna call it a battle panel. I am honestly not sure it would be a battle panel, along with the title of the","1.1553044044989252e-17","8.47700708521628"
"310","that the silver surfer from fantastic rise the silver surfer the background the left slardar","that the silver surfer from fantastic rise the silver surfer the background the left slardar","the right smirk from the right smirk from the right smirk from the right smirk from the right smirk from the right smirk from the right smirk from the right smirk from the right smirk from the right smirk from the right smirk from the right smirk from the right smirk from the right smirk from the right smirk from the right smirk from","4.7607430986746085e-52","15.134976397356"
"311","wow this load screen worthy this action scene reminds kunkka work except more epic","wow this load screen worthy this action scene reminds kunkka work except more epic","here it gives the better visual, its not too bad but i would rate it about perfect Not really, since it has a lot more light and a lot more colour, which I prefer. you could also extend it to make it look even more badass Yea I'm just saying the realistic effects will bring it out a bit. I'm just saying, that this is still one hell","9.157840178339696e-21","9.271726499455307"
"312","take some notes valve this jpg really nice slardar","take some notes valve this jpg really nice slardar","and it gives the best roll out for this moment. i know, right? This is just awesome, plus it has a really good shot of the inside of the wall behind the guard, which is one of the coolest parts!","5.4119369546744885e-11","6.454972243679029"
"313","why there huge whale the picture","why there huge whale the picture","is from is just a bit out of focus Not sure why and I'm not using the real picture is it? because i dont get it.","7.901905037788881e-07","4.800793585191832"
"314","say this good attempt but the art style just wrong somehow reminds transformers","say this good attempt but the art style just wrong somehow reminds transformers","3 of the movie better on some kind of desk (e.g. desk with drawers) while it is still pretty plain and kinda old school. It looks oldschool, but it's actually one of the coolest, if not the coolest, things I've ever seen.","2.0936109652022458e-07","5.060243137049899"
"315","this piece isn doing much for love how art the eye the beholder","this piece isn doing much for love how art the eye the beholder","is only in the eye on, its not about you but all of the key things in life Yea I know but it’s kinda nice to have some wallpaper I can enjoy painting without buying it. its called a modern master piece ill guess it works for your work, its really the only art piece i can find that isn't crap its beautiful. I appreciate the feedback","2.473056648594535e-14","7.533333333333333"
"316","have idea what going its just like the real thing","have idea what going its just like the real thing","but it uses a better gas pedal (i used to ride mine and it didnt feel like its real. i dont know how it works) so i dont know what it does so i dont know what it does the first time. Used to ride mine until I sold my 650. Then the maple came out. i have no idea what a maple has to do with this. Because they","1.0867601190885696e-16","8.21210061380327"
"317","holy fuck this amazing","holy fuck this amazing","game is out there. i want one Not sure why the downvotes. This is just awesome. ""He's right! He's right!"" How is this different from what everyone says? Because it's a really niche thing, people are complaining about it.","1.2142673368509476e-08","5.578319375835659"
"318","cannot stop laughing nagas face she very surprised song just ended","cannot stop laughing nagas face she very surprised song just ended","and it was amazing","0.36944134018176367","0.3333333333333333"
"319","wow this just incredible","wow this just incredible","!!! thank you!! on some kind of moment (e.g. right after I made my masterpiece) i spotted the first thing on my wardrobe and i was like ""wow, that was amazing!""","8.529610072143794e-09","5.639451994956496"
"320","those brush strokes look vaguely familiar","those brush strokes look vaguely familiar","to me. haha, yeah, that was my thought as well. I can't help but notice his expression when he sees the brush strokes, which is what I'm most excited about :) i didn't notice his expression when i saw it. I just thought of the brush strokes after watching the videos i have to watch them as a kid as they are really good and fun.","3.6121719382339236e-16","8.066666666666666"
"321","what that behind slardar","what that behind slardar","name is Someone dropped on me while looking for a better name and I couldn't find a real one. ""He's a good Guy""","0.0006360021896189556","3.2222222222222223"
"322","jakiro spotted the middle top maybe","jakiro spotted the middle top maybe","?? The middle part on the X-Men (and Kingdom of the Lips) is just behind the X-Men's head. Yea i guess i need to rewatch that movie but i don't like this movie. About to re-watch the first movie.. This was really the first movie. I never got into the movie. I started watching this movie and it was","4.261361294362226e-13","7.152474728151237"
"323","what missing jpg
and why this brilliant edit this supposed from another game like hon lol what exactly that slark supposed dolphin","what missing jpg and why this brilliant edit this supposed from another game like hon lol what exactly that slark supposed dolphin","to do in the game on, its not even close i know, what is missing is just some darkshark as a loli","1.1996022615582008e-10","6.333333333333333"
"324","wont lie bit cluster fuck and cant tell who who but neat artwork","wont lie bit cluster fuck and cant tell who who but neat artwork","and gameplay is just better on pc imo Smash Ultimate and Smash Bros x2 are real good, plus they've had to spend a ton of money to make it so, plus they've gone back and forth with this. i have no problem with it. as long as they keep making the games the same its fine You really have no problem with it? i have no","7.686417658880323e-10","6.040404496926219"
"325","how you even find these artworks really cool btw","how you even find these artworks really cool btw","I was just talking about posting them on here (not much of a fan of the art :P)","1.8045116183742197e-05","4.131182235954578"
"326","did great job riki","did great job riki","in 2k14 better on, than on, kappa Yea I'm just saying real good is still really good. Yea I'm just saying with all these legendary cards out there in 2k14 it's hard not to be excited","2.8665157187919333e-07","5.0"
"327","tiny the far back behind tidehunter dragon knight and jakiro are closer the golem morphling behind warlock slark front naga but what the heck that behind slardar below warlock want say brood but looks nothing like her anything the game for that matter like shadowfiend queen pain and broodmother had some kind orgy and gave birth after overdosing thalidomide also that demon monkey riding surfboard slardar trident","tiny the far back behind tidehunter dragon knight and jakiro are closer the golem morphling behind warlock slark front naga but","i dont think the fights on those are good, they all suck and there are so many generic fights that if you are not into them then they might not be for you. haha what about sory? sory is not viable in all fights unless you are a guy.. the fights are not good, its slow, super easy to kill with a lot of bullets and it requires a","1.0236161327748467e-10","6.35775531391221"
"328","what that giant thing behind naga","what that giant thing behind naga","is The thing behind Naga is just a small dude. Also, that giant thing behind is is just a giant dude. also the fucking thing behind is is just a giant dude. also the fucking thing behind is is is just a giant dude. also the fucking thing behind is is just a giant dude. also the fucking thing behind is is is is is is is","2.064819340944526e-09","5.878915192075528"
"329","looks like lot are missing morphling just barely caught him well jpg","looks like lot are missing morphling just barely caught him well jpg","but i would not be surprised if they did catch him but i doubt it. I was thinking about making him cast the spell to cast light and then he would make it so I can cast the spell while I cast it. I would lose the spell though","4.1017816383426674e-17","8.328265125462806"
"330","holy shit its pacific rim","holy shit its pacific rim","day The thing is on sunday night it actually feels like sunday night is dave schwarzenegger day Dr. Pepper. Dr. Pepper. I don’t remember but it’s on sunday night and it’s my favorite.","1.4413565977697233e-06","4.67900435573705"
"331","and all those red colors are none other than bloodseeker running all over","and all those red colors are none other than bloodseeker running all over","the map right now :3 I wish this actually happened. I love how they are communicating with eachother. they need to be able to communicate to their teammates. so, its like, ""hey, everybody, this is my team"". we can't just drop in an overwatch chat, talk to the same people and talk to eachother. its like, this is my team and","2.4466330549259925e-15","7.8296251700212505"
"332","this looks cool but makes sad that can tell what most things are","this looks cool but makes sad that can tell what most things are","in the game without looking on, its not like you can tell what game is on your phone Yea I know but it’s kinda annoying”- I don’t want to make it look like this. i have no problem with it. as long as it doesnt ruin the game for anyone its fine. So I can ruin the game for myself and if they","9.539165044991841e-16","7.947194142390263"
"333","see shuriken flying the center the picture but then where jpg","see shuriken flying the center the picture but then where jpg","is displayed in the background on your laptop. Not sure why the opposite. I can see the image in the background, but it appears to be in-game with the title, which means I can't see it. haha. you are right. you are right.","2.315689721031112e-11","6.582328161460596"
"334","what was thinking while reading the comments cant see shit jpg","what was thinking while reading the comments cant see shit jpg","but it clearly shows better on computer Not sure, but if it does it's probably because it's a bit of a pain to draw. i’ve been drawing since college so i dont remember the first thing that was drawn. Hm, well I can't help you, what about drawing a picture for yourself instead of saying the picture you would like to draw for yourself.","1.1553044044989252e-17","8.47700708521628"
"335","namo may not the leader india deserves but could the leader india needs satisfied solves any the several issues highlighted","namo may not the leader india deserves but could the leader india needs satisfied solves any the several issues highlighted","in the book? You are right and it does need to satisfy the key issues, because it is a great book about freedom and democracy. i’ve read the book but i don’t know how it’ll be read. It will surely be read. i read it exactly. no doubt it’ll be read. Well then do you think","9.957242687860136e-15","7.651179029439877"
"336","that official now that mediacrooks have said but bakchodi has already said many times that modi will solve all the problems india","that official now that mediacrooks have said but bakchodi has already said many times that modi will solve all the problems ind","ia is facing. so, what about our own problem(s) ?","3.0117653711442572e-05","4.011887099014389"
"337","many people bjp fear from him too","many people bjp fear from him too","I was thinking more on, what if he actually failed to make it to the next level? You are right about that. He could have broken through and cut down on all of these poor people. But it’ll take some time. Yep, I can't help but see India pushing back the time up to when they need the largest population of the population and it's they","7.813621162275081e-15","7.682287670977254"
"338","many them fear namo being prime minister could end the life they knew far quickly please","many them fear namo being prime minister could end the life they knew far quickly please","god no namo","0.36944134018176367","0.3333333333333333"
"339","with all the buzz around modi was just matter time that sub dedicated narendra modi was created turned out that owner the sub locx was already sitting with the sub urged him activate the sub logical sense the primary objective the sub divert modi related discussion and content narendramodi though activity level low sub for past few days but with time this sub all set grow mod narendramodi welcome all the users sub kindly subscribe and give your feedback","with all the buzz around modi was just matter time that sub dedicated narendra modi was created turned out that owner the sub locx","is only in the politics on some kind of desk and the BJP and NDA were in power but with these dumbasses trying to make it light and talk to their wives and girlfriends, its like, where is the grand debate? ya and the story is about narendra ji's family and the his political career was supposed to be his end with his son getting shot and killing people and","3.853429476909578e-24","10.067294937093447"
"340","bail gaadi kheech raha hai gaadi bail are you sure you are promoting namo thought namo the reason for india promotion","bail gaadi kheech raha hai gaadi bail are you sure you are promoting namo thought namo the reason for ind","ian exotics being dropped on different occasions is because they failed to make any sense in the first place? Because if you add up the odds of the drop and the odds of the drop on different occasions, the odds of this happening are significantly skewed. so you are saying the drop rate on IDs is skewed? Considering the odds of the drop on IDs, yes. is the drop","2.473056648594535e-14","7.533333333333333"
"341","yougaiz yougaiz who interested parineeti chopra subreddit","yougaiz yougaiz who interested parineeti chopra subreddit","I was thinking more on, what about other (not much) subs? I was thinking about /r/kannada. I would recommend a sub called kannada. that's a good sub!","6.780491749426146e-12","6.762522260005742"
"342","ayase dominated satisfied with all the yuru yuri girls far this great","ayase dominated satisfied with all the yuru yuri girls far this great","name! This is my favorite chapter so far (and I'm already loving it) because it's so damn cool. The whole series is just really cute and you know you want to enjoy it. I agree! This is my favorite chapter so far because it's sooo cool. The whole series is just really cute and you know you want to enjoy it. I agree! This","7.813621162275081e-15","7.682287670977254"
"343","really heavy hitters today with the likes eva chuuni yuruyuri and twgok gjbu girls coming hot don know what the hell with that mini hippo but heck with she got vote well with yuno gasai but know she won win","really heavy hitters today with the likes eva chuuni yuruyuri and twgok gjbu girls coming hot don know what","kind of player the other players are. Yuri and EZA Yuruyuri have been dissing since the first one. i know but i need to keep going and keep going and keep going and keep going and keep going and keep going","1.5564099921752797e-16","8.168873634345234"
"344","183	kazari uiharu	raildex 177	ruiko saten	raildex \ this makes the netheral happy together everything even the poll resutls","183 kazari uiharu raildex 177 ruiko saten raildex \ this makes the netheral","level 3\* better on average. You'll get better at it if you practice it. 183 gorda xtra xtra kazari uiharu raildex 177 ruiko xtra kazari uiharu raildex 177 ugi xtra kazari uiharu raildex 177 ugi","6.810936049450718e-07","4.83045891539648"
"345","saki miyanaga saki not that any the results are surprising but did expect mugi toshinou kyouko win","saki miyanaga saki not that any the results are surprising but did expect mugi toshinou kyouko win","some more prizes but she did no moment (e.g. how about /u/bina_dacres? There was a lot of surprise. I don’t hate them, I just don’t remember all of the winners. i don’t hate them either. I just don’t remember all of the winners. I�","7.832711652817892e-22","9.530415984039145"
"346","all you good folk who voted for akiyama yukari well done oda nobuna pleased jpg however she has one demand other than that you vote for her course which you must obviously this that all glory must our adorable takebe saori png but she still freaking adorable","all you good folk who voted for akiyama yukari well done oda nobuna pleased jpg however she has one demand other","than a jacket she better give, its not a good jacket she should give you xanax Ya I know she has gotten pretty old, especially with all her bad experiences. I don't hate her, I just don't like her attitude or attitude about it. okay, i like the jacket she should give, but she doesnt want anything more, its not worth it if they","1.8423326457249043e-13","7.266666666666667"
"347","going keeping date top 256 after each day you can find here key 0av3oniuv9d9ydfhcm3rnskdqczltank2rxatavg3dfe output html","going keeping date top 256 after each day you can find here key 0av3oniuv9d9ydfhcm3rnsk","fmfd1aav3a6ea2hc9z9kvm8x8x84wc1k1b5bec6ea2hc9z9a6ea2hc9z9xf8x75fd0ff8c9b5eca7c9cb5ea2hc9z9ncc1e2","3.88682754642362e-24","10.066445913694333"
"348","time establish the kingdom tutturu mayuri mayuri uber alles edit himari too and whoever nominated seiko love you","time establish the kingdom tutturu mayuri mayuri uber alles edit himari too and whoever nominated seiko love you","mayuri mayuri mayuri, seiko, seiko, seiko, seiko, seiko, seiko, seiko, seiko, seiko, seiko, seiko, seiko, seiko, seiko, seiko, seiko, seiko, seiko, seiko, seiko, seiko, seiko, seiko, seiko, se","7.746152622968144e-44","13.835836792432739"
"349","keep fighting gif today twgok girls kusunoki kasuga lune vote for the masochist haqua lot herminium haqua restrict haqua was the most abused character the third season show some love shameless twgok plug","keep fighting gif today twgok girls kusunoki kasuga lune vote for the masochist haqua lot herminium","godzilla waifu i want to see kamaako and kamehameha real fighting I want to see Haruka and Kanaka’s fight again, but it’ll be awkward for this. Kanaka’s always complaining about Kamehameha, which defeats the purpose. ok but she wants kamehameha, and if they","2.805747415052715e-09","5.827942371086193"
"350","mugi wasn pissed fuck this shit edit trollin keep down voting you fucking heretics mugi for moe queen","mugi wasn pissed fuck this shit edit trollin keep down voting you fucking heretics mugi for moe queen","ffs. Why did they censor her face? they should censor her skin tone or something they should have censored it like loli girls censor their face with wallpaper, then they turned into a giant whale looking thing and it was done. They should have called her a koi girl, or a maiwai but she was too cute. Yea fuck people who","4.2920891256572145e-19","8.852159657033265"
"351","glad see kurisu made with surprising results didn think that many people here had seen steins gate","glad see kurisu made with surprising results didn think that many people here had seen steins gate","I was surprised too, because they did it on my favorite and I'm pretty sure it's not too popular anymore. The one that was released in 2015 and the one that I haven't seen in a while. its called steins gate, its about 4 bucks and released in 2015 I was thinking the same thing, but it's kind of a different title lol Woah.","1.4842265923714632e-09","5.933333333333334"
"352","waii maid chan might just make through the love for ayase bit overblown but she genuinely moe and sexy come admit opposed the redhead just ruffling feathers maid chan","waii maid chan might just make through the love for ayase bit overblown but she genuinely moe and sexy come admit opposed the red","pill and it’s really a good thing for us to make our own sexuality, or just make it about sex. The thing is there are so many of these wall stories, its like one in a thousand people has a wall story. well, her wall stories are about sex, which is the purpose of the story, and the story is about a woman, which is where you would","9.613913930584605e-18","8.498365855987974"
"353","you wondering whether girl will get through the approximate amount votes she needs least for now tend get more votes each day the minimum vote requirement goes but your favourite girl below votes things aren looking good for her","you wondering whether girl will get through the approximate amount votes she needs least for now tend get more votes each day the minimum vote requirement goes but your","argument gets backed by more votes, its not about you but yours and you think that more people should be more like you, its about your relationship and you’re wallowing in total lust, but you’re still on track to be married within 3 years. Totally agree!","1.6819561428475549e-15","7.876606862889287"
"354","chie inami shion petra dekomori kumin yui all favourites are the same round","chie inami shion petra dekomori kumin yui all favourites are the same round",". > chu No, that's actually the name of the dog I'm looking for. ""Chu"" is also the name of the man who's dog I'm looking for ""Chu"" is also the name of the girl who's dog I'm looking for ""Chu"" is also the name of the man who's dog I'm looking for ""","2.164032136099822e-22","9.663044511112648"
"355","make sure you vote for inami she adorable when embarrassed","make sure you vote for inami she adorable when embarrassed","by it. Why did they censor her face? they should. she is simply too sweet. ""we don't need you, we have to censor you""","1.0617083134084847e-05","4.251501948394743"
"356","rinko tamaki sad see natsuiro characters low especially rinko since she favourite the series cute little story with four main characters who all represent different kinds moe you think that more popular here","rinko tamaki sad see natsuiro characters low especially rinko since she favourite the series cute little story with four main characters who all","added a bit of magic on, its not too bad but i would recommend you to buy it real quick and wait for the next Hero Hero update. I’ve already seen both. I just thought the first one was pretty obvious. well, its not a bad thing","4.1058916725452926e-17","8.328146533974893"
"357","hourou musuko nice seeing that here but doubt that most people saw read which shame because excellent sol that tackles some hard hitting subjects such gender identity","hourou musuko nice seeing that here but doubt that most people saw read which shame because excellent sol that tackles some hard hitting subjects such gender identity","and transphobia","0.8413447460685429","-1.0"
"358","shantak kun best girl","shantak kun best girl","(and boy can't wait to see her face on TV) and I'm pretty sure she'll be in an awesome show. My dreams are already full of Shantak, but she's in a sweet show, so I can't wait to see her face. Totally agree!","4.551670119167179e-06","4.437443981720681"
"359","only votes for kirika ueno justice dead","only votes for kirika ueno justice dead","in 3 hours Why did they do that? (not much of a fan of the anime but i don't mind) i didn't know she’s dead yet, but i don’t know either. I just don’t care if her death was a joke, or she’s dead now. So sad kirika is dead and it’","2.837707223351546e-12","6.887568256738228"
"360","honestly really surprised alice ranked that low despite passing thought for sure she the top few","honestly really surprised alice ranked that low despite passing thought for sure she the top few","in the community Why did they lower her ranked to 0? Because she was one of the top 4 skins recently. The others are not","9.894680026299528e-07","4.755563543407302"
"361","much top class moe again favourites are hibiki karina nitori yui touka saori nyaruko aoi yuno mayuri rei hoshino tsukushi sasha chie alice misaka hanbei chen asuka eiko hibiki kumin nepgear yui funami suigintou and galaco but voted for even more then these awwnime you want one two favours life please get nitori and hoshino through super underdogs but awwsome characters","much top class moe again favourites are hibiki karina nitori yui touka saori nyaruko aoi","ei ota nijehui niyo i don't think that's a real dissing since it sounds like you are saying the game hasn't changed much so far. that's a good criticism anyway. I don't care if people are complaining about recent changes or just forgot what the games are. I just don't want the game to be on this subreddit and if they","1.1459741558553616e-18","8.741913556629289"
"362","need stop watching the garbage that you watch and try some other stuff every once while heh just kidding the results are once again pretty much expected which not bad itself but does make for boring bunch candidates from round the top are all really yawn worthy and the top are not much better","need stop watching the garbage that you watch and try some other stuff every once while heh just kidding the results are once again pretty much expected which","is why i don't care, its not like you are going to watch all of the garbage but i wont mind if u watch the first couple of times then stop watching that shit, its not worth it. Let me guess, you are one of those people who likes garbage.","2.1523632518931597e-14","7.551439758366772"
"363","just did yui hirasawa get into two brackets she there the day three voting with 284 votes under png edit bracket fine need watch more","just did yui hirasawa get into two brackets she there the day three voting with 284 votes under png edit bracket fine need watch","the 3rd position better on sunday night it actually hurts me and I can't sleep or watch the 3rd position SO I just kinda suck it up” edit: I know she was in 2 brackets but it was pretty obvious. Hirasawa is still an amazing talent!","6.041172592908033e-15","7.715167498104595"
"364","vote for nepgear jpg want see her character getting more votes than the others this franchise edit didn notice kurumi original character kantoku here google image search kurumi kantoku tbm isch the artist the same person who drew the illustration for henneko","vote for nepgear jpg want see her character getting more votes than the others this franchise edit didn notice kurumi original character kant","ara gets more votes more on average than nepgear jpg and kantara gets more votes more votes for nepgear jpg kentai” edit: I’ve gone back and forth with this and it’s even worse, I can’t stand these people. You are a fellow redditor and have no idea how this subreddit and fandom works","5.196733245575045e-09","5.72417974614999"
"365","wow lots favorites this bracket haqua tsukushi minko rei asuka dekomori kumin and others who can hold their ground hope see haqua the top when the results are out","wow lots favorites this bracket haqua tsukushi minko rei asuka dekomori kumin and others who can hold","her own. Everyone on here says ""love"", but if you are really looking for a real dissing contest, I would look at konoha-san desu konoha-san sakai no mkizukiya and the all-time best-all in a row. i will say, its not all that farfetched with all of the others, and if they","2.5113338670768307e-21","9.408709237924697"
"366","apparently there love for lalafell these parts nanamo did slightly better with votes but poor tataru got only suppose soon get see whether the miqo fare any better","apparently there love for lalafell these parts nanamo did slightly better with votes but poor tataru got only suppose soon get see","some more votes for better lyrics, also ken koi chokshi did about perfect verse but i dont think it has any strong features. i’ve heard so, but i don’t know how this is so niche where all of the major anime series released in the last few years are now found on youtube. So the largest anime series is this niche where people only","2.4466330549259925e-15","7.8296251700212505"
"367","from undecided pro aap they are not perfect but their intentions are right one needs understand how young the party and how quickly they have evolved reach this stage hoping that they will iron out the minor problems they have want give them chance delhi","from undecided pro aap they are not perfect but their intentions are right one needs understand how young the party and how quickly they have evolved reach this","point where they can put on some kind of momentary change. Since I can't be of more immediate appeal to pro aap than the right’s wall-saying, I'm going to accept their stance and not argue about it. But here's a question. If the right can't be trusted to bend the knee with its own finger before voting and if they","3.0953587719586688e-15","7.8"
"368","before anti congress neutral bjp and anti modi after anti congress pro bjp and anti mod","before anti congress neutral bjp and anti modi after anti congress pro bjp and anti mod","i are in power, i dont think it is possible to make democracy neutral. > i dont think it is possible to make democracy neutral. If there is no neutral, then we don't need the anti congress. ya but if we had neutral to make democracy neutral.. the anti congress would not exist. Not sure why you are being downvoted for this. Because","4.667369720005495e-18","8.581864705673471"
"369","nothing much has changed for was always pro bjp even before modi after reading some idiotic comments the thread wish had created reddiquette enforced thread","nothing much has changed for was always pro bjp even before modi after reading some idiotic comments the thread wish had created reddiquette enforced thread","in reply to him. It has taken more than a few comments to make it into a real discussion. ""He has gotten away with it. He is no longer going to threaten women or children,"" she said. ""In fact, he is no longer threatening them with consequences."" ""He has gotten away with it. He is no longer threatening them with consequences."" ""He","9.957242687860136e-15","7.651179029439877"
"370","was anti bjp and neutral cong became anti bjp and anti cong now just don give two flying fucks about politics just isn worth not this subreddit you not modi supporter there place for you","was anti bjp and neutral cong became anti bjp and anti cong now just don give two flying fucks about politics just isn worth","it. Anti cong, anti bjp and anti BJP and anti cong are both real. Anti cong is just a form of anti cong. I don't want to hear the anti cong. haha. I love you","0.0009167291505922747","3.11596210794612"
"371","when was around supported congress because thought the current gandhis were mahatma gandhis offsprings then read about gandhi and started hating him and thus turn congress then read about the current gandhis and started hating them little bit more then read about the gandhis and their government over here and now ill never vote for them between bjp and congress bjp lot better theres doubt that they will indulge corruption that given but the scale will lot lower than that congress moreover theyll actually get some work done","when was around supported congress because thought the current gandhis were mahatma gandhis offsprings then read about gandhi and","gandhi being a bit out of sync and the rich ones and their policies were more or less dissing the rich ones. My understanding was that they ultimately got sucked into the rich party. Ya thats why i said not all of the rich ones. I dont think that the rich ones were in the same boat, but i dont think that the rich ones were in a better mood","8.824127956583867e-28","10.861165327933358"
"372","mindless congress supporter till 2009 became pro bjp pro rss since 2010","mindless congress supporter till 2009 became pro bjp pro rss since 2010","when he was vice president on, its not about his ideology. Also, that was when the Congress is still trying to defeat the BJP. i’ve been so fed up with these clowns lately it’s so obvious where they’re coming from.","1.9019804747948503e-08","5.499719409228703"
"373","was anti congress since the was slightly anti bjp and anti modi until year back but result the virulent discussions mostly india started looking around and reading stuff found that most media voices had strong bias and slowly gravitated towards bjp and modi hearing modi gives hope since have been really looking forward someone who can lead india with sense purpose and decisiveness","was anti congress since the was slightly anti bjp and anti modi until year back but result the virulent discussions mostly india started looking around","some more. Why did they do this? (and why the opposite?) they were observing some more since the election. So these are the types of things that the leaders of India and China sign the treaty on. ya but if they did that they might as well sit back and wait the next 12.5 years for the US and China to sign it. Woah.","1.3268687294857642e-16","8.188103873611096"
"374","didn care about politics before now hate","didn care about politics before now hate","her now but she has become kind of annoying and annoying and annoying and boring. I was just about to say, what a great pick!","1.944003628644006e-09","5.888888888888889"
"375","was sickular now secular now more skeptic than ever now will rate modi more just because has done something and others havent been able anything","was sickular now secular now more skeptic than ever now will rate modi more just because has done something and others havent been able anything","about it. Why did they do this? (and why the opposite?) This is just an election by a small group of people. i’ve been so fed up with pollsters that they’ve decided not to measure any percentage in order to make sure it’s the right one. no need to measure anything and have no power to change it. You","3.6121719382339236e-16","8.066666666666666"
"376","before anti congress neutral bjp intermediate anti congress neutral bjp strongly pro aap now anti congress neutral bjp neutral anti aap","before anti congress neutral bjp intermediate anti congress neutral bjp strongly pro aap now anti congress neutral bjp neutral anti aap","now anti congress neutral bjp neutral bjp neutral (e.g. neutral) bjp neutral You are right about Bahu. The support of the anti-Congress neutral BJP (that is divided in two sides) is not neutral. If Bahu had a neutral BJP, its really the anti-Congress neutral BJP (that is divided in two sides). Woah.","2.394865488369616e-11","6.577329341097438"
"377","started lean further right since started reading this forum","started lean further right since started reading this forum","post and it seems like you are losing all your muscle mass. I know you are in a bit of a slump, but it sounds like you are in a good place. I don’t hate muscle, it’s not worth the pain. Yea I'm in the process of losing about 12.5% body fat from the diet, I'm just hoping to keep eating","7.595050623139101e-16","7.975389495619484"
"378","was oblivious politics never interested however reading this forum made modi fan","was oblivious politics never interested however reading this forum made modi fan","boys happy. Why did they get ""offended"" while reading this? they were just curious if someone had read it. You are right i guess. I just don't feel like reading the whole thing, only for people like you to read it. I can't help but see your point. i read it and it's a great read. i don't want people like","3.6121719382339236e-16","8.066666666666666"
"379","was pro congress long time ago long time before joined reddit and now completely pro bjp stance has grown even stronger after all the discussion here itt people who are ignorant about politics and dislike inspite the fact that their future and future india depends one piece advise for all those who show apathy towards politics either get interested now you would end choosing the wrong ones who keep screwing you and the country also you are least interested note this point well state elections you can vote for regional parties but never vote for regional parties loksabha elections for 2014 you have just options bjp congress you still have time make your mind for either them all those expecting third front dont please dont they would turn out larger looters than the congress such government ever forms for all the aap supporters you can vote for them delhi you wish and its your right vote for whoever you wish but loksabha elections dont vote for aap already existence plenty regional parties making mess parliamentary decision making dont make worse","was pro congress long time ago long time before joined reddit and now completely pro bjp stance has grown even stronger after all the discussion here itt","is only in the past 6 months. Its actually better to make your own opinions, or just make your own. okay but i dont have to make your opinion so why not? Because that's the point. I don't care if people are right or wrong. I just don't give a shit. okay but i dont have to make your opinion so why not?","2.064819340944526e-09","5.878915192075528"
"380","have actually seen lot users views change during the course stay india from being neutral pro congress anti congress when joined reddit there were like two right wingers india sniper and damonex guess that was the time rise right wingers all over the internet","have actually seen lot users views change during the course stay india from being neutral pro congress anti congress when joined reddit there were like two right wing","bloggers who wrote in congress on different occasions and it actually improved their views i dont agree that the anti congress movement is dead as it has no relevance in politics and the anti congress movement is dead as it has no relevance in politics edit: or so says the post here","2.460643656463267e-14","7.533990064322369"
"381","flick the switch towards modi thank the high decibel campaign the congress and stooges letting know all the things that modi did not sure which side the congress the media they seem campaign for modi and reminds cho ramaswamy could someone else too comment about the dmk loss the last election they gave out freebies like free and discounted cable connections lots people that very same thing boomeranged against the dmk showing the dmk corruption scam and other money grubbing activities the dmk larger audience with the free tvs and cable connections done the very tools that they were using bribe voters self goal","flick the switch towards modi thank the high decibel campaign the congress and stooges letting know all the things that modi did not","do in his term. He has done that (and has said many times that he will not be in power again). The thing that prompted the Congress to do is that the demonetisation of currency in the first place was done not because of the Congress but because it was an attempt made by India to make the currency part of the Indian economy. So, along with demonetisation they","1.4953533142003658e-06","4.6714570342143595"
"382","not india such but conversations with north east friends who tell about the horrors congress rule refugees appeasement and that didn sit down well with regarding bjp was pro bjp during vajapayee but 2003 obviously helped shake that confidence only after years kind figured that there deeper game play looking the amount propoganda newspapers went voice their hate against modi wasn just right and yeah sickularism have had talk with folks who have problem with modi and they are entitled their opinion some the information they have which they use build their opinion selective and flawed but then some the information know might well flawed too everything war now are age information warfare more the information more tough shove away the and know the truth the human mind can only take much","not india such but conversations with north east friends who tell about the horrors congress rule refugees appeasement and that didn sit down well with regarding","the problem of the state of our religion and the state of our family and culture is simply not worth fighting over. You need to be more specific. If there is one thing I can say about my parents, it’s that they’re very religious. okay, i don't know exactly. but i don't need to hold back, i know i speak the truth","5.972937820342155e-14","7.417381199564245"
"383","before used anti rss result anti bjp very skeptical towards aap thought jlp bill was silly drama used lean lot towards left but was not impressed their presence national stage thought other 3rd front parties are over ambitious clowns supported congress they appeared the best available option they are definitely not perfect but better than other options however must admit like most their purported aam admi initiatives you know the which will feed lazy people now still dislike rss vhp their ideology bjp fan boys their rabid bigotry scares don think modi evil too but very skeptical that would able control his masters fans sangha parviar cronies aap not bad very impressed how transparent they have kept their finances for that reason alone wish they will win elections delhi nothing has changed about left other 3rd front but then again you barely hear about them online anyway things seem would still with inc the best available option for the lok sabha","before used anti rss result anti bjp very skeptical towards aap thought jlp bill was silly drama used lean lot towards left but was not","changed exept pak on jl bill moment (e.g. how about naveen ji is trying to make revolution against jl bill”- wallpaper-papu sakshi). yes this is not modern jl bill but it works well. another realistic alternative to jl bill, also the anti jl bill, along with jl bill,","5.544133144378806e-23","9.801539442281324"
"384","tried being secular before india after seeing what passed secular india have turned more towards right","tried being secular before india after seeing what passed secular india have turned more towards right","wing fanboys than any secular, indian, or religious people and I can't help but notice how these ""true Hindus"" are so obsessed with right-wing fanboys that they actually believe that ""true Hindus"" are a race of gods. False Hindus = ""true Hindus""","3.961627595573404e-17","8.332380897952962"
"385","won vote for aap anymore that for sure though this subreddit not the reason for still hate both bjp and congress equally like before this subreddit not very persuasive","won vote for aap anymore that for sure though this subreddit not the reason for still hate both bjp and congress equally like before this subreddit not","the problem of the politics on here (i didnt read this much and i do not agree with all of these issues but i need to understand these issues too) also I don’t hate ji, I just don’t appreciate all of the complaining and speculation about his koi’s political and foreign policies. So I have no problem with this subreddit and if they","3.244405842210005e-17","8.355986525989065"
"386","not whole lot has changed except the fact that have lot more conviction beliefs now","not whole lot has changed except the fact that have lot more conviction beliefs now","than there was when they did, which was that they had to make themselves more powerful and prove them wrong and since then they have gotten more powerful and have to defend their faith which I don't think is a good thing for this country. About what? that the GOP has become the religion of the right and the religion of the left. So its not a religion and it has no","4.261361294362226e-13","7.152474728151237"
"387","was and still fairly anti congress pro bjp and always denied that bjp supporters were virulent hateful towards muslims reckoned they were just pragmatic but india and twitter etc have convinced that there definitely very hateful strain some the modi bjp support and not sure that something want associate myself with still would support bjp stand most important issues but would like think that not obnoxious and spiteful the average internet hindu","was and still fairly anti congress pro bjp and always denied that bjp supporters were virulent hateful towards muslims reckoned they were just pragmatic","and only needed to deal with some kind of momentary problem(s) they simply were They're still pragmatic. The problem is that the right’s wall-saying got turned into a battle over the right’s dirty ways, which in my mind would have made for more peaceful protests otherwise. Not sure why you are being downvoted for this. Because","1.279812543885835e-12","7.0"
"388","okay you guys will probably have very hard time believing this but before joined india was slightly disapproving the mns","okay you guys will probably have very hard time believing this but before joined india was slightly disapproving the mns","i only had 1.5% population growth and the national average of 1.6%. so is it real? somehow the national average of 1.6% is still low but even the national average of 1.7% is still low and the state of India has still maintained the lead in the national average. ...so is it real? somehow","2.204048666636099e-22","9.66116785131113"
"389","was anti congress anti bjp pro communist they good things hometown the space month have morphed have vote congress and may you screw yourself with why scared subbu swamy babu bajrangi and his ilk getting free ride say what they want and what they want after 2014 quite few redditors here support things like collective punishment and rioting long its against the minority and see way stopping that","was anti congress anti bjp pro communist they good things hometown the space month have morphed have vote congress and may you screw yourself with why scared sub","human shit you can put on, its not about you but all of us want to fuck up but its not about you, its about your dreams, its about you but its not about you, its not about you but it is about you but its not about you but it is about you, its about you but its not about you but its about you but its not about you but it is about","4.1942362674426e-27","10.71790174061691"
"390","have surely changed from being agnostic perhaps slightly anti bjp rss vhp creating this thanks india","have surely changed from being agnostic perhaps slightly anti bjp rss vhp creating this thanks india","is now anti jharkhand Not sure if you are being serious. I don't think that is what it sounds like. i am not saying it is bad but i want indians to know the real reasons of this so they know how to vote to make this change","1.077471057142712e-07","5.185449728701348"
"391","political views are constantly evolving based any new information get any new issue understand etc was fed with the congresses looting but know for fact the bjp politicians are better they are all crooks scratching each others backs hoping for aap but they don stand much chance","political views are constantly evolving based any new information get any new issue understand etc was fed with the congresses looting but know for fact the bjp","is only in power to make it happen and it has failed. Since BJP is going through with these issues, what is going to happen to them”- Anirudha Shetty BJP is going through with these issues, what is going to happen to them Since BJP is going through with these issues, what is going to happen to them Since they","1.5906495620737293e-14","7.590721152765897"
"392","hasnt changed all apolitical before simply dont give shit the title related politics only open threads that ask for personal input advice rare cases some opinion","hasnt changed all apolitical before simply dont give shit the title related politics only open threads that ask for personal input advice rare cases some opinion","may be right but its on noobs as it is Then why does it have to be on noobs? Because it's a low risk game”- I don’t need any advice from anybody. haha. you are a low risk","3.598510048769513e-13","7.175639059928206"
"393","was neutral cong and pro bjp now hate cong for the corruption there are many things their minority appeasement failure curb anti national elements price rise high handedness towards the people against them think only modi can save","was neutral cong and pro bjp now hate cong for the corruption there are many things their minority appeasement failure curb anti national elements","in India. Why did they defeat the BJP (and BJP and their policies) in INX. Because they had a good amount of support in UP and with the Congress, which had been in power for 1.5 years. They have lost their political battle. Yea I know but it's hard to defend their leadership from the largest faction of the party. Yea","1.3268687294857642e-16","8.188103873611096"
"394","holy shit may have just jazzed pants","holy shit may have just jazzed pants","out when I was 7, would have taken it to court. Same here. Back in the 60s it was pretty easy to be a ""teen” with those fancy outfits (and I'm glad I never got a step so I could buy a dress or something). I just don't want the old shit. I was in college and college sports started in the 70's. Didn","1.4043485111644206e-13","7.303263814053436"
"395","nice build one thing caught eye absolute splurgefest all parts 5900rpm hdd","nice build one thing caught eye absolute splurgefest all parts 5900rpm hdd","and 3gb ram Worth the price? (not much)","0.192044124736926","0.8703882797784892"
"396","its nice and all but your monitors make want beat the shit out you you messing with ocpd here monitors row must the same size and the same orientation with approximately the same bezel the brands can different long remove their decals and clean off the glue just thoughts","its nice and all but your monitors make want beat the shit out you you messing with ocpd here monitors row must the same size and the","speakers arent the best on it. You should probably check for a good dp. Are they? Do you know how to fix these issues? i would recommend going into a monitor factory reset and the whole process. I would recommend going into a monitor factory reset and the whole process. You might need a better dp. So I have to dig through this whole process of installing","1.9848913793922377e-22","9.671889915908604"
"397","holy shit are you literally made money","holy shit are you literally made money","off this community lmfao Not really, but i make money off of this subreddit well if u wanna talk to someone u can put up links to your wallpaper, its pretty neat okay thats cool. I just wanted to make sure i don't think u made enough money to make a wallpaper though","8.349181291065777e-11","6.388991238024046"
"398","nice build man pretty damn sexy can ask why titan instead 780ti and why evga motherboard don want rude just curious why","nice build man pretty damn sexy can ask why titan instead 780ti and why evga motherboard don want rude just curious why","some people are upset","0.36944134018176367","0.3333333333333333"
"399","holy shit what you for living","holy shit what you for living","in VA right now? Yea I'm actually living in Maryland. I'm in VA now. Damn cool. I'm in VA myself and would like to move back in for a bit but I'm in Maryland. I would love to move back in to my state.","7.687298972140091e-13","7.0710678118654755"
"400","song you might enjoy same name your awesome build edqh0ofrqrm","song you might enjoy same name your awesome build edqh0ofrqrm","0rqqqq, its not too late to make it your main channel, or just make it your main channel. My girlfriend and I’ve been thinking about making a sub in the near future. I just don’t have the funds. Can't give you anything specific, just pointing out that it may be a bit of work. I know it sounds like","1.8423326457249043e-13","7.266666666666667"
"401","did you buy those overlord monitors direct form their site","did you buy those overlord monitors direct form their site","? Yep, bought on amazon, checked my inventory. so how much are they? they are listed as a ""gaming monitor"" on amazon, which means they are a bit of a pain in the ass for not paying the $10 more per unit. I just don't want the $10 more per unit and the $30 more per unit. hmm well they","3.6121719382339236e-16","8.066666666666666"
"402","can ask what you with something this powerful","can ask what you with something this powerful","is going to do. It would likely release a lot more data into the universe. Not really, since it has a small amount of data. If there was one that could help a lot but failed, it probably would be more like the neutrino. Except for the fact that neutrinos can't be detected using the current detectors. Yea I know and if they","2.473056648594535e-14","7.533333333333333"
"403","looks shit now but still proud made","looks shit now but still proud made","some good plays in the game, its not too late to make it better. I was just about to say, lets make it better!","0.0006360021896189556","3.2222222222222223"
"404","very nice digging the schiit stack","very nice digging the schiit stack",", only need a tiny bit of room for desk and computer(not too big though) Yea I couldn't do that at first. I'm not into the wall mounted, but it turned out that the pictures showed my desk and computer in a good place. I can't help with the layout though. i have to agree with /u/Scooby_Scooby they","2.966948352211674e-20","9.14552855994079"
"405","64gb ram 1tb ssd two titans not worthy","64gb ram 1tb ssd two titans not worthy","enough for gaming? You are wasting your money on two SSD and you are not using enough RAM. I was asking if people are not using enough RAM and you are telling me they are not? I was looking for people not saying they are not, or that they aren't, or that they are not. I'm saying that they are not worthy enough for gaming and you are telling","1.060588859631397e-19","9.006820028042299"
"406","did you sleeving for your headphone wires looks awesome","did you sleeving for your headphone wires looks awesome",", only need a tiny bit of wire to keep the rig steady and sounds great I did just that. I have to make sure it has decent cables to keep the wall going, but it turned out that the cables were a bit twisted. well, that's a lot more work than i expected I am honestly not sure what to do. I'm going to search for a better usb","1.1459741558553616e-18","8.741913556629289"
"407","64gb ram you could hold entire game that","64gb ram you could hold entire game that","long The thing is on, its not too late to upgrade and I can't afford a real 500gb rig right now. My girlfriend has a full game and I don’t have much space, so either I can’t buy a full game or she has no spare cash for the games You could probably still get a decent PC if you pay for it. I","5.009415788042654e-11","6.466666666666667"
"408","does this build top everything here","does this build top everything here","or only top items? It has all of the top items and I think it has all of the top skins. okay good to know. i need to keep going through them as i dont remember the first one. ya it’s really good. I think it’s the first one. I can’t remember if its the first one or not though.","5.009415788042654e-11","6.466666666666667"
"409","gah need this over watercooling dual loops rigid tubing 900d insane hardware what there not like well maybe the cables are bit messy the back were nitpick how are the titans treating you found mine didn really overclock that well well they were okay but not really any better than air heck two them only 480mm xt45 rad and they don break ° please remember post watercooling also love quality build two","gah need this over watercooling dual loops rigid tubing 900d insane hardware what there not like well maybe the cables are bit messy the back","plate gets exposed can't roll out like you would a rear mount and there can't be enough room You are right about the cables. I just wanted to make sure I don’t forget in the build!","1.3848846859808185e-13","7.305140612272933"
"410","what the monitor mount stand for the asus and overlord would love mount mine the same way too seems like total space saver","what the monitor mount stand for the asus and overlord would love mount mine the same way too seems like total space saver","for now but if need be, use another desk mount to make it work. I was thinking about making a dedicated monitor stand to be able to hold my laptop with it. I don't want to make it solely for this. i have no problem with it. as long as it works well enough for you. no need to worry about the rest of the work. Woah.","2.837707223351546e-12","6.887568256738228"
"411","sweet build man","sweet build man","Thanks man!","0.2071080891212626","0.8164965809277261"
"412","how difficult was get the length and bend the tubes perfect","how difficult was get the length and bend the tubes perfect","?? The thing was on, its not too tough but i had to do a lot of work to keep it clean. The tube is still bent though","1.262364185461568e-10","6.325463955542989"
"413","how are the schiit dac and headphone amp looking for nice set for akg","how are the schiit dac and headphone amp looking for nice set for akg","s? Not sure on, they’re still on and I haven’t seen any reviews about them yet. I haven’t seen any reviews about the amp (which I hate since the first one was pretty standard, but it’s my first pair of headphones after hearing the first one. I can’t promise anything) but it’s hard to","3.217692432023014e-13","7.190924955066747"
"414","totally diggin ever did liquid system would apparently have spend the money acrylic looks more pleasing than the tubing","totally diggin ever did liquid system would apparently have spend the money acrylic looks more pleasing than the tubing","is The thing is on, its not liquid (not much droppin). I'm just curious if it's a good thing. yeah i’ve had this happen a lot, but i bought it like a few days ago and it’s working as intended","4.442300208692309e-10","6.128258770283412"
"415","question what you for living and what you use primarily with that rig also nice job","question what you for living and what you use primarily with that rig also nice job","I was mostly just on computer for gaming, and gaming on and off. I mainly have a desktop and a small laptop. I can't afford a full desk job with these, plus a full rig. I would like a decent rig to be able to work on. okay yeah whats your budget? I live in Europe, so I have no cash on me. I'm looking","2.473056648594535e-14","7.533333333333333"
"416","have words describe this dope fuck","have words describe this dope fuck","er more clearly? You, sir, are a better person than I can possibly be... well if you are SO GOOD at expressing yourself, then you are a bad person, then you are not a good person either. Not really, because I'm just a guy.","2.9231724117384087e-07","4.996224990024308"
"417","writing blog about computers and the building process and was wondering could use pic your build one articles yes send you the link thanks and your setup looks fantastic btw","writing blog about computers and the building process and was wondering could use pic your build one articles yes send you the link thanks and your setup looks fantastic","I was thinking something like, ""Who's actually building this and why do they need it? There is no real need for it. If there was a need for it, I'd probably have gone with the OP."" haha thanks!","3.9608247036231305e-07","4.937287878400742"
"418","modi has love life the allegation this guy makes him more human","modi has love life the allegation this guy makes him more human","is bullshit. Why on earth would he try and guilt people and claim someone is simply ""not human""? ""He has love life the allegation this guy makes him more human is bullshit. He is emotionally manipulative."" ""He has love life the allegation this guy makes him more human is bullshit. He is emotionally manipulative."" ""He has love life the allegations this guy makes him more human","5.009415788042654e-11","6.466666666666667"
"419","sharma sometime the year 2008 had got anonymous letter forwarding link the link led obscene clip involving the architect which was shocked and surprised see not realising that phones were bring tapped had spoken about over the phone hold here think have been living under rock can some one tell which clip are they talking about this first time the clip being talked about public","sharma sometime the year 2008 had got anonymous letter forwarding link the link led obscene clip involving the architect which was shocked and surprised see not realising","it. This is on, its not an ""official"" and there are not any links but its true. okay but it has become popular to do this. so, its not an ""official"" link, its just something that the story is known to be. no link, its true the story is spreading on twitter and facebook. so, its not an official link. ok","3.985804962848152e-18","8.6"
"420","they were worried about the woman rights they would never publish the name and that there might have been video her the internet also the msm has conveniently glossed over the part that when these allegations were placed before the court the court came down heavily this person for making wild allegations without any proof","they were worried about the woman rights they would never publish the name and that there might have been video her the internet also the msm has conveniently","added the name to their fake, its not even funny but it makes me feel pretty bad that they did that ""He's a good Guy""","4.978407665833742e-10","6.110100926607787"
"421","cnn ibn she had personal smss her phone from the chief minister sharma that right and frivolous silly smss you cannot imagine absolutely trash and frivolous smss could not believe that could cnn ibn like like like sharma chai piya khakra khaya bhavnagar khatiyaan khaya that kind thing lololololzz sharma clandestine visit something that wrong clandestine visit for overnight stay the residence wrong woohoo wtf juicy","cnn ibn she had personal smss her phone from the chief minister sharma that right and frivolous silly smss you cannot imagine absolutely trash and","you are right and you are right and you are right and you are right and you are right and you are right and you are right and you are right” I don’t think she’s a maoist and doesn’t believe in such stuff","1.0726872337695073e-17","8.4856384913606"
"422","namo namah also mean namaste hindi like namah sivayah aum namo namah sivayah","namo namah also mean namaste hindi like namah sivayah aum namo namah siv","ayah aum namah naah aum namah aum namah aum namah naah aum namah aum namah naah aum namah aum namah naah aum namah aum namah aum namah aum namah aum namah aum namah","1.2096264996696164e-05","4.2222037160006005"
"423","team gave him clean chit the riots","team gave him clean chit the riots","are now downvoting him, its not him. Then why did they call him ""Chick"", since it sounds like you are saying the opposite? also I don't want to downvote anyone, its just annoying and annoying. lol, apparently you missed the joke","1.8628411485771737e-10","6.265107527173338"
"424","dont give shit about 2002 riots want future secure don see that happening under upa","dont give shit about 2002 riots want future secure don see that happening under upa","ig > 2002 riots want future secure don see that happening under upaig This is just some dongler bullshit. sounds like you’re still on your knees for getting in touch with me. haha. you are a liar. I dont think that the riots of the 2000's had anything to do with 2002 riots. I wouldnt call you a liar.","1.700216809618135e-12","6.960094997514705"
"425","thhe allegations are true why modi not jail hung already any one can put allegations anyone but the justice decided the court the courts have time and again given him clean chit most there are consppiracy theories opposition propoganda","thhe allegations are true why modi not jail hung already any one can put allegations anyone but the justice decided the court the courts have time and","the truth will come out on sunday night and the court will decide this. I was just curious if someone had pulled this back on me. I’ve been so busy lately that I haven’t taken this step so I’m not entirely sure if I can put anything back on. i have no idea but i would have no doubt either way, and if they","3.6655615250382416e-11","6.513721780101713"
"426","from gujarat have seen the transformation with own eyes give you example when started college ahmedabad 2004 the moment step out from the kalupur railway station eyes used burn due pollution the simple solution that converting petrol autos cng autos modi implemented that policy converting all petrol autos cng autos gave them deadline and incentive and assistance from the govt make that transition the time was 2006 could really see the difference harassment veteran auto wallahs nothing just plain education and assistance which resulted prompt compliance the riverfront wow explanation required guess rurally the roads that connected remote villages have drastically improved and has the journey time and the journey itself have lived entire life gujarat and have seen and felt the transformation also the internet and electricity claims that modi bjp make are true native place remote village northern gujarat and have seen that improvement facilities good metro grandparents place has grand plans and implements them well even the much lauded gujarat tourism true and not hoax have heard several praises from elder tourists from southern india who have opted for the gujarat tourism trips there can many more examples but long story short knows how make the best from the available resources and has definitely changed and improved gujarat","from gujarat have seen the transformation with own eyes give you example when started college ahmedabad 2004 the moment step out from the kal","pa it gives the better on, its not about you but all of the key things that were in place till you are about 7 years old. ‘There is nothing I can do about my parents, their problems, their worries, their worries, their worries. I don’t know how to live. I don’t know how to be happy. I don’","2.4466330549259925e-15","7.8296251700212505"
"427","development also tied the culture that region for example the oil countries like saudi are highly developed good infrastructure facilities good healthcare etc but you will find your freedom restricted you don subscribe the faith the land coming gujarat you are not hindu hindu who loves meat you will find your freedom restricted but you are vegetarian hindu gujarat fab state live there good reason gujarat considered successful hindutva experiment","development also tied the culture that region for example the oil countries like saudi are highly developed good infrastructure facilities good healthcare etc but you will find your","culture gets exposed in other cultures, its not about culture but culture and you do not have that Yea I know about culture and it’s not about culture I just don’t hate it. I just don’t appreciate the situation because it’s so different from what the US can. I suppose I would be upset with culture, along with culture and people and","8.251754528867321e-21","9.28283039654071"
"428","here proof that gujarat has flourished under narendra modi htm punjab kerala gujarat among most prosperous equitable states report punjab kerala gujarat among most prosperous equitable states report 371891 pfrom home topstories kapil sibal??lies punctured point point note response","here proof that gujarat has flourished under narendra modi htm punjab kerala gujarat among most prosperous equitable states report","is only in the state of Punjab. Arrivals and departures from the state are real. ""He (Modi) has said that there is no possibility of a ""completely banned"" ban on all Muslims in Punjab. ""It would be reckless for anyone, or any group of people, to make any such suggestion and have no intention of this. ""","3.672686924622053e-08","5.382511362870363"
"429","tell people from gujarat people who been there what gujarat like just like any other good state india good urban centres and average poor rural areas are there broken roads there yes you people get clean drinking water and other facilities yes and people have access drinking water their premises according planning commission data 2011 clean drinking water treated drinking water like anywhere india completely like the usa terms infrastructure and civic amenities lol there still miles before you even remotely touch that level","tell people from gujarat people who been there what gujarat like just like any other good state india good urban centres and average poor","city population in india is, its not indian problem(not indian problem(not indian problem(not indian problem(not indian problem(not indian problem(not indian problem(not indian problem(not indian problem(not indian problem(not indian problem(not indian problem(not indian problem(not indian problem(not ind","1.1214810916331742e-48","14.615320555386695"
"430","been ahmedabad gandhinagar sometime 2005 and the roads there are high quality and they must the usual counter call this that capital city they take more care roads are automatically renewed etc live hyderabad and proof otherwise also like madhu kishwar wrote her manushi blog people have peaceful and safe social outing even after 10pm etc which relatively unthinkable hyderabad the cops themselves might give people washing and send home","been ahmedabad gandhinagar sometime 2005 and the roads there are high quality and they must the usual counter call this that capital city they","are in are not better on traffic than any other cities in India and there are not any tourists but those tourists are not coming here to spend time with them” said Anirudh Singh, consultant driver at anganwadiya. Singh added: “The city has become the capital of India and Karachi is the capital of Pakistan and it is this city which gives the","5.8497514033687694e-08","5.298129428260175"
"431","not much they would like you believe but still one the best states india live there are broken roads there still poverty lack clean drinking water issue the people are really friendly and nice fun state and the prohibition alcohol has done wonders the civic life have been gujarat for over years now and have loved every moment except for the fact that isn very accommodating meat lovers come and visit the state sometime the gir national park rann kutch especially during the rannmahotsav daman and diu somnath and many other places visit","not much they would like you believe but still one the best states india live there are broken roads there still poverty lack clean drinking water issue the","poor are in the state of destitution there are so many people and their children that they have to make ends meet with drugs as well. Yea I know but I don’t want to make it an issue of poverty and poor quality. I just want to make sure that the state of the state doesn’t struggle without the assistance of the local people. is the state","3.244405842210005e-17","8.355986525989065"
"432","gujarati modiji has done miracle last years have come here witness dnt believe media and leftist propaganda bjp needs seat pls vote for them will make whole india like gujarat","gujarati modiji has done miracle last years have come here witness dnt believe media and leftist propaganda bjp needs seat pls vote for","Narendra Modi in 2015 You are a good person (and BJP) for being supportive of Indians and fighting for their freedom. The world needs more people like you and you are so, so, so much more. You have helped millions of Indians and you are doing the right thing for Indians' rights. i am honestly very angry about the whole world with its own grievances. Woah.","6.850265118884539e-22","9.544318576724956"
"433","very freshhhh ummm","very freshhhh ummm","some more water lmfao Not sure if you are being serious or not, or just being a dumbass i’m serious too”also I don’t have to rhyme with ‘hoover’","0.00012286638996515217","3.6666666666666665"
"434","wot the fok did just say dropped out newcastle primary skool the sickest bloke ull ever meet ive nicked 300 candy bars from tha corner store trained street fitin??the strongest foker tha entire newcastle gym yer nothin but cheeky lil dickhead hot mum fake bling ill waste and smash fokin bottle oer yer head bruv swer christ think can fokin run gabber whilst sittin yer arse behind lil screen think again wanka callin homeboys rite now preparin for proper rumble tha rumble thatll make nan sore jus hearin about yer waste bruv homeboys all over tha place ill beat proper fokin pulp with fists wanka aint satisfied that ill borrow m8s cricket paddle see that gets the fok out ??newcastle daft kunt had seen this bloody fokin mess commin might ??kept gabber from runnin but seems yer stewpid lil twat innit ima shite fury ull drown proper mess knobhead fuck you read","wot the fok did just say dropped out newcastle primary skool the sickest bloke ull ever meet ive nicked 300","k from his store wtf, its not even close i know someone who got a good deal on it. they had a guy come in and asked to borrow the wallpaper, then when he went back the cash guy came in and asked to borrow the wallpaper. i heard the cash guy uses his debit card for his card but i dont have a cash on me so idk why","3.929873434851008e-17","8.333333333333334"
"435","yeah dude its completely fab here pic jpg village gujarat more pics the news ece","yeah dude its completely fab here pic jpg village gujarat more pics the news ece","i lal jawa gl on your journey koi chud hai x Same here. I couldn't get it to work. i’ve been so frustrated at times.. but i’ve had this happen to me before, but it’s so frustrating.","5.632095319291104e-12","6.789347398332044"
"436","you will get comments from fanboys and haters neither them will objective search google read few articles compare indicators development with other states and then you will get the full picture","you will get comments from fanboys and haters neither them will objective search google read few articles compare indicators development with other states and then you will","get more info and better opinions, its not about you but yours and you are not entitled to it. Because if you don’t know how to read then you are never gonna know how to make sense of things. ya and if u dont know how to read then you are never gonna know how to make sense of things but if u dont know how to make sense of things then","3.372140668409467e-18","8.619167203972973"
"437","from someone who has been gujarat while travelling various places some years back still remember the clean lane highways windmills everywhere the both sides the roads and the scenic beauty top that development total coherence with nature preservation was just small naive boy then though your dismay and mine those windmills and solar cell arrays are still hold rajasthan iirc the state things hopeless with the increasing thefts inox wind 150 crore the authorities don give fuck except looking for their cut and the private companies say they can install the machinery with these thefts going and its 2013 now compare that with gujarat also someone can confirm have heard from friends that any govt official doesn see your queries complaints within specific period time you can directly approach the modi its that simple try contacting mayawati","from someone who has been gujarat while travelling various places some years back still remember the clean lane highways windmills everywhere the both sides the","roads are so dirty its like, its not clean. Then why did they have to fix them while travelling? they need to be cleaned faster and the whole atmosphere need to be cleaned faster and the whole atmosphere need to be cleaned faster and the whole atmosphere need to be cleaned faster","7.687298972140091e-13","7.0710678118654755"
"438","yes has used live vastrapur which was considered lower middle class middle class area the vastrapur lake was developed front eyes changing the entire socio economic fabric that place within years also the will second rbecks visited friends village very small blink and you miss place near himmatnagar and the roads were lanes speaking people the village they told because the roads they could get their produce the cities themselves instead hiring 3rd party transporters have stayed many cities over life time delhi mumbai bangalore gujarat and comparing them all over one life time the changes are surprisingly drastic and saying that development happening all over india does not cut majority this development happening urban areas only but gujarat you can see happening both urban and rural areas","yes has used live vastrapur which was considered lower middle class middle class area the vastrapur lake was developed front eyes changing the entire socio","dern community to its present state. Yea but why and why did they build the real estate and the real estate and the real estate and the real estate and the real estate and the real estate and the real estate and the real estate and the real estate and the real estate and the real estate and the real estate and the real estate and the real estate and the real estate and the real","8.251754528867321e-21","9.28283039654071"
"439","the clearly sarcastic and malignant posting this obviously very modest and holier than thou aap supporter","the clearly sarcastic and malignant posting this obviously very modest and holier than thou aap supporter","who wants to express a bit of intolerance on here (and apparently a lack of irony in his post is also an indication of a lack of irony). “also a lack of irony” this is not irony at all, it’s an obvious expression of emotions i am honestly not sure what to make of this. I don’t believe they","1.0645278712720483e-09","5.9876415934699905"
"440","not all there reason why modi known feku popularly everywhere now doubt has done some good work gujarat but that only from more marketing perspective rather then any good value the people kankariya lake ahemdabad very well known face changed now completely looks like any international location but now common man cant there why because entry fee kankaria lake inr know inr not big deal but once lake which was open public now costing inr just enter highways and roads connecting village best but roads villages and cities are having tons holes industrialization has gone crazy there regulation come from kutch and have seen things really mad there terms pollution there proper guideline implemented terms what should height chimney mills chimney mills are low that when you even walk your home your feet will get black pollution villages are unbearable villages still runs most public transport not petrol diesel but fucking kerosene education definitely improving but you wont see much difference compared years consumption tobacco would highest gujarat gujarat govt corrupt like any other state govt company was bidding for project gujarat were told pay lacs for tender and tender will your favour but still cant give guarantee tomorrow someone else comes with better amount will ditch you your face narmada damn very good example modi doing good work really great work its benefits are tremendous but the way modi portraying progress gujarat just cream but ground reality worst then you can imagine","not all there reason why modi known feku popularly everywhere now doubt has done some good work gujarat but that only from more marketing","and media interventions in politics on different occasions and it has failed. Since then, what is happening is that the media need to be exposed, especially to their political base so that they can educate their viewers and their political base on issues. viral videos: surgical patients: mildly sedated: bullets: hollowe and","4.243612478224187e-10","6.135536548922954"
"441","pure cringe maal","pure cringe maal","as The thing is on, its not cringe (and why the fuck do they call it cringe) It is just pure surrealism. yeah man i get what you are saying but i don't feel like it has any real value. well, it's a lot more likely to end up on /r/creepy than /r/creepy, and it has no","1.7639379780013417e-11","6.622661785325219"
"442","mods users expect this thread receive lot comments you guys want live stream the comments from this thread you can easily going this url this very useful for threads which receive lot comments and updates soccer uses their match threads all the times would have loved contribute but will travelling few hours and will miss most the action","mods users expect this thread receive lot comments you guys want live stream the comments from this thread you can easily going this url this very useful for threads","like this. Why do they need this? (not much of a mod, just curiosity) they are trying to make it look like the game’s creator made some thing for free but it’s really just not worth the time. Yea I'm just curious, what the purpose is. I don't want to end up on /r/Gaming and getting ripped","4.261361294362226e-13","7.152474728151237"
"443","don count congress out yet they may form government delhi tomorrow will know how much social media impacts elections bjp didn had strong candidate delhi despite aap bjp gets majority will think that only because modi regardless that modi has very tough road ahead congress looses delhi and other states will see very nasty campaign 2014 would love see how muslim majority government employee majority and rich upper middle class area vote share and comparison with 2008 one gets majority who you think aap will support aap will take support from form government","don count congress out yet they may form government delhi tomorrow will know how much social media impacts elections bjp didn had strong candidate delhi despite","all these developments will have to form government december 23 will become a day of reckoning for both sides of the aisle and the first thing the prime minister and the prime minister must do is fight for free media. Let us hope they keep theirRepresentatives strong in Delhi. Can't give too much hope, thedelhi government will come from the top. they won't do much they","7.377246530076128e-22","9.536632970868315"
"444","well the guys below the original active participation politics started with development agenda modi and iac movement regarding this anti corruption middle class etc this aap party not the first india happened earlier during jayaprakash narayan era and his chela mulayam singh was arvind kejriwal that time the second time happened during singh era its simply matter time and enjoy how history repeats","well the guys below the original active participation politics started with development agenda modi and iac movement regarding this anti corruption middle class etc this aap","is only in the politics on, its not about the rich, its about the poor. so is it any wonder that the old leader of the left, Narendra Modi has neglected his role and left the poor behind like this. not only in his government but also the state. another assertion made by a guy who has inherited the old promise, its not about the rich, its about","3.7684049429933245e-19","8.866666666666667"
"445","the very fact that the delhi elections are discussed india far more often than the elections the other states indicates that aap having great impact democracy india were not for aap vast majority would not care about these elections the major political parties india have always been cahoots and indian elections have had almost impact the lives most its citizens regardless how many seats aap wins hope all realize that this the first time grassroots organization built volunteers and without any kind corporate backing can have great impact indian elections","the very fact that the delhi elections are discussed india far more often than the elections the other states indicates that aap having great impact democracy","and the right to remain on, are not only democratic but also a good indicator of the strength of democracy and the right to remain democratic. i’ve often thought that the left supporters in india would like this. not because they want a vote to be debated in india but because they’re very angry about the current state of the left. they’ve they","1.4043485111644206e-13","7.303263814053436"
"446","attention please keep mind that the this thread has chosen mark this post with the eddiquette enforced tag therefore any comments that not follow reddiquette will removed please see this page learn more about the tag you see others posting comments that violate this tag please report them the mods thank you for contributing and cooperating bot automoderator comments q11pu what automoderator and this action was performed automatically please contact the moderators this subreddit message compose 2fr 2findia you have any questions concerns","attention please keep mind that the this thread has chosen mark this post with the eddiquette enforced tag therefore any comments that not follow reddiquette","are allowed to be deleted on this site. Not really, and I'm not trying to make it any easier. I just see a lot of this shit and it's so annoying. that's a good thing, people are not stupid, or even dumb enough to think that a post made for the purpose of pointing out a joke without saying the correct thing, or that they're dumb enough","2.91528814821389e-16","8.092805848005158"
"447","goddamn rajdeep and prannoy studios are too busy trying establish brand shivraj","goddamn rajdeep and prannoy studios are too busy trying establish brand shivraj","for now. Why did they do this? (and why the opposite?) they were doing some dwps to make it look like the movie was not based on the real thing, and rajdeep wanted it to look like the real thing, but it wasn't.","1.8628411485771737e-10","6.265107527173338"
"448","meanwhile firstpost blog says congress got one from bjp and they are quick edit looks like congress back and aap","meanwhile firstpost blog says congress got one from bjp and they are quick edit looks like congress back and aap","is only in the post on bjp and it says bjp and there is no bjp They have to have one. The old one that was not there was one that was removed from the web after the first post. ya but if u had voted for us we would have made sure of the old one. we need to let the old one be, along with the new one.","1.4043485111644206e-13","7.303263814053436"
"449","hahahahaha all the big faces aap including trailing","hahahahaha all the big faces aap including trailing","her friend are so fucking adorable, its like, well, that and the fact that they both just walk in for a kiss. My girlfriend and I would do the same thing, but she was in a different plane. haha. well, that's a good thing then","2.9231724117384087e-07","4.996224990024308"
"450","just who the fuck harsh vardhan and how winning margin 3000","just who the fuck harsh vardhan and how winning margin 3000","is Because he knows how to defeat good teams (e.g. LUL, or C9) by making sure that the lulies are not there. I don't want to see him fail the first game and lose so we can all lose by watching them play together.. This is realistic but it can't be anything more than a joke. Yea this is probably why they","2.91528814821389e-16","8.092805848005158"
"451","one other seat going shiromani akali dal which already ally bjp center and another other guy will get ministry for support chances election bjp others edit sad included and coalliation possible jdu and bjp result election","one other seat going shiromani akali dal which already ally bjp center and another other guy will get ministry for support chances election","but it will not be on, its not an alliance Then why does it have to be alliance they are not alliance they need support from the right”- wallpaper- they need support from the left”- they need support from the right”- they need support from the left”- they need support from the left”- they need","2.2517558298456266e-12","6.92040596925807"
"452","doesn the government get chance appoint member the anglo indian community few years back when syed sibti was governor this drama was enacted jharkhand","doesn the government get chance appoint member the anglo indian community few years back when syed sibti was governor this drama was enacted j","uly 7th or something like that Not sure, but if it does it probably would have been handled by a government official. sibti has to be elected by the people of india in order to accept a foreigner... not sure if it is possible to make it an official act after july 7th. Not sure, but the prime minister's office has no official position and","1.3256066117605879e-08","5.563035899673184"
"453","shelia loses kejriwaal great win","shelia loses kejriwaal great win","over ex-spy on 'Dilwale' cricket Updated: Sep 17, 2020 00:59 IST Harith Aneesh with Shardul Thakur was adjudged the winner over former Indian spinner Alastair Cook in a thrilling match on the third day of the first Test here on Saturday. Thakur, along with Cook and Ane","4.69045209496958e-08","5.3383252893559385"
"454","can hear sound firecrackers","can hear sound firecrackers","coming from the background :3 Yea, sound fizz and sounds like apocalypse. Yea, sounds like apocalypse. Yea, sounds like apocalypse. Yea, sound fizz and sounds like apocalypse. Yea, sounds like apocalypse. Yea.. yeah, sounds like apocalypse. Yea.. sounds like apocalypse. Yea.. sounds like apocalypse.","4.868963274891459e-15","7.742632421051108"
"455","varadabhai ndtv trying too well dilute bjp trend bringing out little details fuckthatshit","varadabhai ndtv trying too well dilute bjp trend bringing out little details fuckthatshit","its clearly a joke on your part. its clearly a joke on your part. its clearly a joke on your part. its clearly a joke on your part. its clearly a joke on your part. its clearly a joke on your part. its clearly a joke on your part. its clearly a joke on your part. its clearly a joke on your part","0.00436757762782708","2.622249125500946"
"456","hope bjp doesnt seriously consider alliance with aap better elections once more than alliance with this party","hope bjp doesnt seriously consider alliance with aap better elections once more than alliance with this party","I agree, better elections would be good, but it's a good idea to hold both sides of the aisle and try and get a lot of support from the public. hope bjp dont seriously consider alliance with this party","8.008752139307559e-06","4.3142094409955565"
"457","deoli seat won aap first mla sheela trailing 500 votes shazia leading","deoli seat won aap first mla sheela trailing 500 votes shazia leading","4,75 mila on, its not about mee( and if someone is going to make it till its end then they need to make it in-house), its about us, its about everybody. Let us hope we don't have to worry about you. i am not worried about you, its about mee( but if someone has made it till its end then they need","1.9848913793922377e-22","9.671889915908604"
"458","the funny thing most the undeclared seats the difference votes still 1000 800 votes anything can happen","the funny thing most the undeclared seats the difference votes still 1000 800 votes anything can happen","but it takes a lot on some people and it actually hurts the chances for some people. Not really true for sure, I'm pretty sure it's a lot more common to cast a vote for an Aussie or a foreigner and not against them. Yep, I can't help but see what the purpose is. I suppose it's a bit of a rediculous stat and if they","2.91528814821389e-16","8.092805848005158"
"459","loksatta msg aap hope they join hands soon the beginning the end traditional politics india lok satta party takes pride congratulating the aam aadmi party compelling debut the delhi elections resounding victory for good politics india the first step which was taken earlier the 2009 assembly elections andhra pradesh lok satta the second step now delhi aap bore fruit well before polling day through the unusual choice harsh vardhan the chief ministerial candidate the traditional bjp camp good politics has raised the bar what the acceptable minimum this election the vision for 21st century politics that lok satta has conceived espoused and unwaveringly practiced now some measure showcased aap the delhi elections they crafted their campaign candidates selections and fund raising practices the back the electoral reforms that lok satta pioneered and delivered india the declaration candidate assets tax deductible political donations sanitizing voter rolls etc this first and foremost people victory salute the people delhi for coming out vote masse and providing clear mandate for departure from corruption and nepotism wish aap all the very best transitioning from contesting elections driving good governance delhi lok satta has long been able bat several notches above our league with just one mla the state andhra pradesh and yet drive seminal changes public policy constitutional amendments and bureaucratic reforms these outcomes are reflection lok satta unflinching commitment putting india first and approaching all problem solving with maturity expertise influence negotiation and convergence for the greater good while staunchly refusing paint the other evil with broad brush must never indulge parochial divisive politics pander short populism the cost long term public good the fashioning genuinely modern democracy long and arduous one that takes many teams and many players working concert are joyous see party like aap enter the fray applaud their courage efforts and results and invite many more parties walk with down this path clean politics has taken seed urban india evidenced our own experience hyderabad and the delhi results this will raise the bar politics transform slowly but surely even the traditional dynastic parties into healthy vibrant institutions that reflect the plurality and potential the indian politic and spreads from urban rural india across the next decade has the power reshape india destiny look forward that day jayaprakash narayan","loksatta msg aap hope they join hands soon the beginning the end traditional politics india lok satta party takes pride congratulating the","loksatta msg You are a good person (and I know you are). I'm just curious if you are one. i am not, i do not consider myself a good person, but i do accept all of the demands and the demands are there to make sure no one gets hurt. I am honestly curious, what is your history with the loksatta msg and if they","7.813621162275081e-15","7.682287670977254"
"460","latest results baap aap paap","latest results baap aap paap","aap aap aap, usbo, koi chutiya koi chutiya koi chutiya koi chutiya koi chutiya koi chutiya koi chutiya koi chutiya koi chutiya koi chutiya koi chutiya koi chutiya koi chutiya koi chutiya","7.191573208826876e-13","7.080310846831777"
"461","mom astute political commentary inc others mein categorize karna chahiye","mom astute political commentary inc others mein categorize karna chahiye","se laga hai. Ya, karna chahiye se mera aur realle karna chahiye se laga hai. also bada karna chahiye se mera aur realle karna chahiye se laga hai.. karna chahiye se mera aur realle karna chahiye se laga hai.","7.377246530076128e-22","9.536632970868315"
"462","kejriwaal win 22000 votes great victory","kejriwaal win 22000 votes great victory","for us farmers. Welcoming Election Day as a great victory for us farmers, Prime Minister Narendra Modi on Saturday gave a great victory to the farmers’ movement with the victory of 22000 votes. Prime Minister Modi on Saturday gave a great victory to the farmers’ movement with the victory of 22000 votes. The Election is Winning Win Win Win Win Win Win Win Both","7.686417658880323e-10","6.040404496926219"
"463","aap getting vote share delhi just behind bjp incredible","aap getting vote share delhi just behind bjp incredible","growth in basic income :3 i don’t think it’s really a real problem for us, our largest constituency is still affluent and”- wallpaper-less” i’ve voted for you before but i don’t think your support is enough for us to move. we need to move from the top down, along with all of our friends","1.1553044044989252e-17","8.47700708521628"
"464","the aap guy ndtv looks very wise and knowledgeable about his party game and the scenario politics out there quite like reflection who and what sort you get you just make random pick single person from the aap given all the random people all the channels have pulled randomly interview the gathering the aap especially compared how would similar randoms were picked from other parties","the aap guy ndtv looks very wise and knowledgeable about his party game and the scenario politics out there quite like reflection who and what sort","of party are in congress. i don’t think it’s really a real problem for an honest honest opinion like that. i’ve been so fed up with pollsters that the people i like have not been listening to me. they’re just playing maple syrup at this point. i don’t have a problem with pollsters. i","5.009415788042654e-11","6.466666666666667"
"465","analysts explaining sheila getting defeated kejriwal equals that raj narain defeating indhira gandhi rae barely","analysts explaining sheila getting defeated kejriwal equals that raj narain defeating indhira gandhi rae barely","matters. Not sure on this. You are right but if she gets defeated then her losing streak is over. okay but she has lost her losing streak and it means she has lost her ""lost streak"" streak. ya but she has lost her losing streak. no one cares if she wins or loses. no one will care if her losing streak gets over. Woah.","2.473056648594535e-14","7.533333333333333"
"466","the live feed election result news from aam aadmi party website html","the live feed election result news from aam aadmi party website html","is only for the seats on which the candidates have shown themselves in the first round. today is election day in jainistan and there are already dozens of candidates in the fray. so, where is the news? yaarjaa apna news: saraya adhila live feed elections results 11/11/2013 9:59:35 pm","1.819902999186025e-15","7.866747376502838"
"467","looks like bsp doing not bad now","looks like bsp doing not bad now","but it may not be on, its not an ""eagle"" game. I was just curious if it was one. I haven't seen any gameplay of the game so I can't say for sure, but it's fun. its a good game and a lot of work, but it uses a lot more power than any other eeagle i've played before, and you can","1.4043485111644206e-13","7.303263814053436"
"468","purnesh modi city bjp president leading more than 25k votes against congress surat west assembly seat poll","purnesh modi city bjp president leading more than 25k votes against congress surat west assembly seat poll","i 3rd term elections on, Feb 3, 2017 A year on from the election result, the Jammu and Kashmir government has admitted that the Jammu and Kashmir government’s decision to elect the first ever prime minister of the state during the election was a mistake. The Jammu and Kashmir government’s decision to elect prime minister of the state during the election was","3.929873434851008e-17","8.333333333333334"
"469","please god let bjp win their own and keep bsp and mayawati out delhi polictics already have enough corruption delhi","please god let bjp win their own and keep bsp and mayawati out delhi polictics already have enough corruption delhi","is where they need better governance, its not about me but all of us want to keep both sides of the damn battle free. My idea of a ""political-driven democracy"" is based on ""democracy"" as a form of political and civil democracy. i don't think that's a realistic one. You are right. I'm thinking ""democracy"" is based on ""democracy""","7.377246530076128e-22","9.536632970868315"
"470","the only region from where the cong needs decimated south india sans which already has done once that over would have the dream congressmukthbharat true","the only region from where the cong needs decimated south india sans which already has done once that over would have the dream congressmuk","ti in chowkidnap usa and the rich ones and the poor ones. so is it any wonder that the old north indian’s wall-saying got turned into a battle cry for this country’s sovereignty? also the old west indian’s political and foreign policy also got turned into a war cry along with it.","4.7222152637716034e-17","8.311569754313677"
"471","bjp aap loud mouth arnabs channel","bjp aap loud mouth arnabs channel","name? Bhajan bhadra (e-tron) channel","0.002739276621273683","2.7774602993176543"
"472","fuck congress love aap and like bjp want congress out every state nice job delhi","fuck congress love aap and like bjp want congress out every state nice job delhi","fucks right wingers on national media and keep your fave and liberal bias in check Are you shitting me? The fuck is going on in America and you think that the Democrats have turned into a third-rate party? i have no problem with republicans or democrats, i find the democrats and republicans to be really stupid, its like watching this movie and you cant","1.9178898790404034e-14","7.566444492037343"
"473","looks like delhi going fractured bjp leading with trends for extrapolate this around for bjp edit ofcourse its very early and things can swing wildly","looks like delhi going fractured bjp leading with trends for extrapolate this around for bjp edit ofcourse its very early and things can","get more unpredictable. You are absolutely right, I don't know how to interpret that. well if its based off of the old idea of the US and the current US based political climate, where is the US going to go if we have no future leaders in power now?","7.053726401645257e-12","6.756798131338121"
"474","ndtv what does the change the right side the chart stand for","ndtv what does the change the right side the chart stand for","its a system for on, its not an ""change"" it has some functions that were changed while in an edit","4.690148959500036e-13","7.139306476801298"
"475","any good live video coverage being don even know which news channel decent india for this","any good live video coverage being don even know which news channel decent india for this","game? Not sure on, its not news channel but if it does it is on BBC. they are not indian, they are English.","0.0002401705999909348","3.4914862437758782"
"476","whatever the results are delhi hope bjp win the lok sabha with clear majority don want another congress rule center and bjp the only party that can deliver this probably more important reason why are not too much excited about aap win today","whatever the results are delhi hope bjp win the lok sabha with clear majority don want another congress rule center and bjp the only","option to form government You are right and it actually hurts BJP and there is no possibility of them winning the Lok Sabha elections. The BJP needs to focus more on the states which have been left poor in the past 1.5 years. they should focus more on the states with more funds and money the states can't handle, instead they need allocation for the states which can't handle You","1.0867601190885696e-16","8.21210061380327"
"477","for new delhi seat arvind 2556 sheila 1090 gupta bjp 868 source website","for new delhi seat arvind 2556 sheila 1090 gupta bjp 868 source website","name exegasekeela, usbo, exeasekeela, exeasekeela, exeasekeela, exeasekeela, exeasekeela, exeasekeela, exeasekeela, exeasekeela, exeasekeela, exeasekeela, exeasekeela, exeaseke","2.828459381780726e-18","8.63927837273969"
"478","congress candidate chaudhari jee who has always win since 1958 has lost this time","congress candidate chaudhari jee who has always win since 1958 has lost this time","in 20 states he has won in usa and zee. congress candidate chaudhari jee who has always win since 1958 has lost this time in 20 states he has won in usa and zee. congress candidate chaudhari jee who has always win since 1958 has lost this time in 20 states he has won in usa and zee","1.502450769599819e-11","6.6463304853270575"
"479","aap bjp picking these from diff twitter handles might not exact","aap bjp picking these from diff twitter handles might not exact","some justice to the poor. i don’t know and if someone is going through them with these dumb tweets i need to be there to help them and if someone is going through them with these dumb tweets i need to be there to help them and if someone is going through them with these dumb tweets i need to be there to help them and if someone is going through them with these dumb","5.31470901464361e-23","9.8058067569092"
"480","kejriwal trailing new delhi","kejriwal trailing new delhi","chief minister Kejriwal, says Kejriwal, says ward BJP MLA Kolkata: West Bengal Chief Minister Mamata Banerjee, who scores her election victories to become the next chief minister of the state in December, said Sunday that her West Bengal Assembly election bid has become a ""fierce race"" between the two BJP leaders. ""We had won in West Bengal earlier this year and if they","2.045165343124891e-10","6.250541102117805"
"481","congress are basically open any secular formations lol get ready for aap congress coalition","congress are basically open any secular formations lol get ready for aap congress coalition","I was thinking more on, what if it actually failed. well you could say that Yea I know but it’s kinda tight”- I don’t think it’ll be a bad thing. well you can't be as good as koska I am honestly not sure what to make of this. I don’t believe they","1.3268687294857642e-16","8.188103873611096"
"482","few bold predictions expect lot more social media promoters paid shills trolls fight online just like the mao china social media promoter will become job description rahul will get more voice speak his mind the stupid balladeers will shut now but depends can salvage the party fails expect priyanka and damaadji stage neither happens inc may break bjp has momentum now unless they something stupid they are well set for next year expect tdp bsp didi amma consider alliance with mighty modi","few bold predictions expect lot more social media promoters paid shills trolls fight online just like the mao china social media promoter will become job description","techies community will become even more toxic if it becomes all about matchmaking and matchmaking and realgame is going to get abandoned by google. i’ve been so fed up with these “social media” promoters, their only hope is to make it as an in-game game like LoL. I can’t believe people are so oblivious to game and gaming they","6.1014421920100456e-15","7.713901315435238"
"483","did quick check delhi nota 5th most results","did quick check delhi nota 5th most results","in India. Why did they do this? (not much of a conspiracy there, or just curious if someone had pulled it out of their ass)","2.012532488059581e-06","4.610083899802517"
"484","abhishek manu singhvi trying defend the undefendable hahaha","abhishek manu singhvi trying defend the undefendable hahaha","I was thinking ""whoa whoa, what is going on here? Do you think it's a joke""","1.45213311360397e-06","4.677476657214644"
"485","22bjp 18aap 8cong this great","22bjp 18aap 8cong this great","name! 22BJP18AAP8cong this great name!","0.3154770205920854","0.48038446141526137"
"486","every single msm walla who was pro congressi jumping ships aap hahaha rajdeep sardesai looks all set join aap the way all gushing about aap","every single msm walla who was pro congressi jumping ships aap hahaha rajdeep sardesai looks all set join","in now!!! Why did they join in? (not much of a fan of the Indians) they are a bit of a joke. i’ve heard so, but i don’t know how they’re handled. They're a joke. They made sure India wasn't a safe place to play but they've been a joke. haha! they","4.69045209496958e-08","5.3383252893559385"
"487","sitting china now damn proud abt our country that this thing about aap even possible our county are still the greatest and biggest democracy the world","sitting china now damn proud abt our country that this thing about aap even possible our county are still the greatest and biggest democracy the","world has ever seen","0.8413447460685429","-1.0"
"488","chattisgarh making happy damn chattisgarh was far more interesting than other states","chattisgarh making happy damn chattisgarh was far more interesting than other states","where only one state was on state of peace. Not all of the states were in war but most of the states had at least one. i’ve been so busy lately that i dont remember the whole things. ya. you should probably check out my recent post","1.4413565977697233e-06","4.67900435573705"
"489","seems kejriwal leading now here what bhaskar com has provide input this अरवि�?े�?�?�?ि्?��? ी �?ी बढ़�?ाे ्‍सपर�?िू�?्ा �?ुा ि्?��? ी �?ुि �?ाे ें ु् ्ेी सरकाी ्ािो�?�?ुलकर े�?�?�?समर् िा�?�?ा्?��?�?ुा �?ोो�?�?�?�?्‍े�?�?�?ी ाे ा�? ाू �?ुा ि्??�?ाे �?�?ा्ी �?�?िा�?�?ी ्ु ंो ीाुी �?ि�? ंो �?ोड़कर ी �?ें�?ि्?��? ा। इसका ी �?�?िा�?ी�?�?िा ुा लड़ने ी ृा िा�?ी अरवि�?�?�?ें ा। gist apparently fourth class employees lutyens delhi have supported kejriwal they have connected themselves with the election sign aap broom some blah blah about aap protests and direct challenge sheila","seems kejriwal leading now here what bhaskar com has provide input this अरवि�?े","रानीरी मन्की मन्की मन्की मन्की मन्की मन्की मन्क�","2.6206191041029885e-20","9.158934214708996"
"490","looks like late the party happy that bjp cruising scorecard thanks namo ssc and saab","looks like late the party happy that bjp cruising scorecard thanks namo ssc and saab",". > thanks namo ssc and saab. Did you just call them both SSCs? they need to be in the right ranks, saab also needs to be in ssc's ranks. haha. they all need to be in ssc's ranks.","1.077471057142712e-07","5.185449728701348"
"491","shila dixit doing hawan special pooja her place think its too late for hawan","shila dixit doing hawan special pooja her place think its too late for hawan","special pooja i would love to see you do that and if you do that that would make it an awesome day. i would LOVE to’ve done that, but i don’t have a lot of time. well you can do a lot more.. just go for the weekend!","7.363861263685456e-09","5.664705542999467"
"492","could there really election the assembly hung","could there really election the assembly hung","out? Not sure on, but if it actually happens. if it actually happens. Yea I know but it's a lot better if someone there is still on. I was thinking that the assembly should hang out for now but it's a bit of a no go if someone really doesn't want to be there. So the assembly is going to hang out for now?","1.1909822395458237e-15","7.919641451525487"
"493","only muslim cadidates win for khangress delhi","only muslim cadidates win for khangress delhi","(and many other seats in state) this is my favorite and I think that davey is going to win the next election. Yea I'm with you on that. I don't mind the fact that the party that is running for president has lost a lot of support, but it doesn't make it any easier to win elections. i would pay for that","1.0197299139690648e-08","5.608620240715733"
"494","great work arvind kejriwal the only way change the system becoming part takes guts enter the political muck and make attempt clean kudos aap","great work arvind kejriwal the only way change the system becoming part takes guts enter the political muck and make attempt clean kudos aap","kejriwal Kejriwal the only way change the system become part take guts enter the political muck and make attempt clean kudos aap kejriwal Kejriwal the only way change the system become part take guts enter the political muck and make attempt clean kudos aap kejriwal Kejriwal the only way change the system become part take guts enter the political muck and make attempt clean kudos aap kejriwal","0.02979923561332189","1.8837524271387296"
"495","bjp will firm the goverment breaking congress party they have only seats","bjp will firm the goverment breaking congress party they have only seats","in congress. Why do they need those seats? they need those seats to hold congress congress. Because if the Congress is unable to hold congress congress and the Congress is going through a full in-house vote to form a government, the Congress is going to be in an in-house vote to form a government. Because if Congress is unable to hold congress congress and the Congress is","2.088818198229013e-22","9.666666666666666"
"496","bjp gets first winner","bjp gets first winner","post 3rd place vote on, its not too late Then why did they call it a ""first"", since it has a ""first"" to it? also I don't want to hear ""first"" used to mean something like ""first"", even though it does. I just don't want the winner to be used to mean something like ""first"", even though this is still something they","3.2731866707618943e-19","8.882347881956882"
"497","props website constituency wise results also available frequently updated","props website constituency wise results also available frequently updated","here from here (and on different site) Not all of them are updated. I'm just curious if someone who has a source can update it.","1.8551266992324647e-09","5.896618941607871"
"498","aap??shazia ilmi from puram constituency lags behind aaps shazia ilmi lags behind from puram constituency 166021 html","aap??shazia ilmi from puram constituency lags behind aaps shazia ilmi lags behind from puram constituency","lags behind aap on sunday night lags behind from puram constituency lags behind aap on sunday night lags behind aap on sunday night lags behind aap on sunday night lags behind aap on sunday night lags behind aap on sunday night lags behind aap on sunday night lags behind aap on sunday night l","7.658138695364894e-10","6.040999162893168"
"499","time for some fun sanjay jha defending congress","time for some fun sanjay jha defending congress","and the anti-minority, who are not (and why should they be?) fighting for real. ""we don't need any excuses""","0.0002401705999909348","3.4914862437758782"
"500","delhi not sleeping after long day see congress bite the dust don disappoint aap","delhi not sleeping after long day see congress bite the dust don disappoint aap","ko! congratulations on your happy birthday, you are so young, what is it that gives you these qualities? i have no idea, its not like i want to be a bad person but i do. Do you know how old you are? This is one of the reasons why i don't want to be a bad person. i am 25 i know how old you are","1.4054283853476419e-10","6.3088669190118285"
"501","with these results would have grudgingly accept that reelections are held view hung assembly aap will surely come power","with these results would have grudgingly accept that reelections are held view hung assembly aap will surely come power","but it would not be on our doorstep if it actually failed. Since its inception, the Congress is still trying to defeat the BJP. ‘There is nothing in his name, but a noble deed’, said Ravi Shankar Prasad as he went back to India from his home. The Congress is still trying to defeat the BJP, and if they","6.835904057335635e-11","6.419505094795117"
"502","shazia ilmi loses 340 votes","shazia ilmi loses 340 votes","out of 6.5 million, which means he won't be invited to any party. Are you saying since he won't be invited? i’m saying since he won’t be invited. Do you know how old he is? This is obviously an elaborate lie. i don’t know how old he is So, are you telling me you know","1.3305654582780842e-18","8.725028717782315"
"503","what most the people wanted bjp winning and sheila loosing kejiriwal todays morning looks more beautiful","what most the people wanted bjp winning and sheila loosing kejiriwal todays morning looks more beautiful","than this. Why did they lose kejiriwal and why did they lose kejira? ""Why did they lose kejiriwal and why did they lose kejira?"" They lost kejira because they lost kejira because they lost kejira because they lost kejira because they lost kejira because they lost kejira because they","1.1459741558553616e-18","8.741913556629289"
"504","sheila dixit loses whopping margin 5000 votes","sheila dixit loses whopping margin 5000 votes","in Karnataka election result, calls for another poll Congress leader and Karnataka Chief Minister BS Yediyurappa has lost the election by a margin of 5000 votes in the state. The poll result is the result of the assembly poll and the Congress had won in Karnataka by a margin of 5000 votes. Congress leader and Karnataka Chief Minister BS Yediyurappa has lost the","1.0082049013621205e-07","5.197818390182175"
"505","kapil sibal zero ®©kapilsibal loss theory about this election zero wins total loss hence zero loss proved lol","kapil sibal zero ®©kapilsibal loss theory about this election zero wins total loss hence zero loss proved lol","You are a better person, thank you, god bless. You are a better person now? You are a better person now? You’re a better person now? You’re a better person now? You are a better person now? You are a better person now? You are a better person now? You are a better person now","9.704260696342144e-13","7.038668705292014"
"506","asked whether sheilad failed read the public mood she sarcastically said bewakoof hai hum","asked whether sheilad failed read the public mood she sarcastically said bewakoof hai hum","i lal hai on, hoon he koi chutne hai. ""Diyaan hai to khatnaa to khatnaa, hoon he koi chutne hai. Hoo-oh,"" she replied.., ""I am honestly very, very nervous. I have no confidence in this person and if they","8.189295012286076e-22","9.525793444156804"
"507","bjp aap clear majority now","bjp aap clear majority now","ffs. Why did they censor it? (not much of a fanboy, or just curious if someone who likes it has a lot to say about it) Because there was a lot of bad bits. The dub was not great, the characters were bit off. The dub made me feel like I was reading the book instead of the movie. I would pay for it and if they","2.966948352211674e-20","9.14552855994079"
"508","just did quick check all seats with less than 1000 difference bjp leads cong aap leads cong bjp leads aap aap leads bjp aap leads bsp bsp leads bjp cong leads bjp edit site bjp leads aap aap leads bjp bjp leads cong aap leads cong bjp leads bsp","just did quick check all seats with less than 1000 difference bjp leads cong aap leads cong bjp leads aap aap leads","aap aap aap aap aap aap aap aap aap aap aap aap aap aap aap aap aap aap aap aap aap aap aap aap aap aap aap aap aap aap aap aap aap aap aap aap aap aap aap aap","4.7607430986746085e-52","15.134976397356"
"509","youngest mla aap candidate from deoli wins age","youngest mla aap candidate from deoli wins age","bracket The youngest mla candidate from Deoli won BJP's age bracket on Saturday. Socialist candidate Kritik Singh won 21 seats in the fray with 49 percent of votes counted, while his rival Sachin Pilot won 13 seats in the fray with 4 percent. Singh, who was fielded in the Congress' candidate for Lok Sabha polls, won 19 seats in the fray.","1.313013246529633e-06","4.69809238649817"
"510","sikh journalist who threw shoe home minister chidambaram wins","sikh journalist who threw shoe home minister chidambaram wins","election The Election Commission on Saturday awarded Bhupendra Chidambaram an elected president of the country and a third-term member of the parliament. He is the first Indian-origin to hold office in the country’s parliament. Chidambaram has vowed to help the Congress government strengthen its standing in the parliament as he worked on promoting its reform agenda to help it win over","9.60625827171285e-13","7.040083136069528"
"511","aap candidate leading huge huge margin constituency the traditional stronghold bjp one thing clear aap the preferred choice many middle and upper middle class voters edit the local aap office here ecstatic and the brooms are out amazing scenes try and take pictures can promise phone cam really acting weird","aap candidate leading huge huge margin constituency the traditional stronghold bjp one thing clear aap the preferred choice many middle and upper middle class voters edit","out ex basic workers have left, they are not (e.g. dp, or khiladi, or panchayat members, or”kisan”, or farmers) i have no doubt about you, i have voted for my party. i don’t believe in uman and it’s questionable its not a party that has any clout","3.372140668409467e-18","8.619167203972973"
"512","saurabh bharadwaj from greater kailash leading comfortably and aap has over 8000 votes lead from seemapuri the constituency from where santosh koli was supposed fighting from but was murdered her brother fighting from the same seat and leading big time","saurabh bharadwaj from greater kailash leading comfortably and aap has over 8000 votes lead from seemapuri the","name itself gives the name to him. i don't want to give you much more information but i would say it has a lot to do with his age and the fact that he is from the state. i have heard he is from the state. i heard he is from the state. i am from the state. i am from the state. i am from the","1.0197299139690648e-08","5.608620240715733"
"513","new delhi candidate party votes arvind kejriwal aam aadmi party 37062 sheila dikshit indian national congress 16061 vijender kumar bharatiya janata party 15057","new delhi candidate party votes arvind kejriwal aam aadmi party 37062 sheila dikshit indian national congress 1606","88 party leader Arvind Kejriwal, who was brought into the BJP, spoke to news channel BBC. ""Delhi is going through a tough time. The atmosphere is going through a bad phase where people are not looking for things,"" Kejriwal said. ""But here in Delhi, people are not looking for things but want things,"" he said. ""Delhi is going through","3.17426175562365e-14","7.500684900234294"
"514","congress knows they are having bad day when even barkha dutt taking shit over them ndtv hahahah","congress knows they are having bad day when even barkha dutt taking shit over them ndtv hahahah","aha","N/A","N/A"
"515","sheila dixit sent her resignation fuck yes with that folks gonna hit bed thanks mods sunny and rest awesome job aap thanks volunteers and the folks who believed them all along for naysayers you guys way fuelled fire for folks like congrats bjp hopefully this marks new beginning politics good night","sheila dixit sent her resignation fuck yes with that folks gonna hit bed thanks mods sunny and rest awesome job aap thanks volunteers and the","moderators ok cool thanks a lot, happy birthday and you all suck and you all suck. so is it cool to make fun of these women or does it make you think that they deserve to hate them? its called sexism. the women of the world think that the men of the world can choose to make fun of the sexist crap that they are being forced to deal with","3.0953587719586688e-15","7.8"
"516","new delhi arvind 10438 sheila 4909 here htm","new delhi arvind 10438 sheila 4909 here htm","is it in the right zone, its not, its in the right zone. Hey thanks, I'm going to India. I'm going to India for a job interview so I can't afford to buy the visa yet. I'm going to buy a visa to return here.","1.433161735710193e-10","6.305841447708336"
"517","yogendra yadav the best spokesperson aap can find dude has all takes patience subtle sarcasm and knowledge","yogendra yadav the best spokesperson aap can find dude has all takes patience subtle sarcasm and knowledge","to make it into a decent, well done man Not really a good spokesperson xD Not really a great spokesperson xD Not really a great spokesperson xD Not really a great spokesperson xD Not really a great spokesperson xD Not really a great spokesperson xD Not really a good spokesperson xD Not really a great spokesperson xD Not really a great spokesperson","2.626356973841745e-06","4.554432691659538"
"518","best subreddit evar","best subreddit evar","r/bestof on /r/bestof","0.001946208561389314","2.8867513459481287"
"519","you guys workout css wtf wrong there","you guys workout css wtf wrong there","was only one thing wrong on your site. Not all of them are. I just wanted people to know about it. The one that was the site’s host was pretty low on my list. I wanted it to be more niche based. You should make one.","7.053726401645257e-12","6.756798131338121"
"520","leftist only true namo fans hey look everyone communal thinking","leftist only true namo fans hey look everyone communal thinking","some fanboys hate us on our team and it’s a good thing we are a real dissing group and the first thing the lefties do is complain about our lack of work ethic and attitude. Let’s not pretend that all club fans complaining about our lack of work ethic and attitude are a bad thing, because they’re a lot more likely to do that they","2.610940765754213e-25","10.328783117277691"
"521","well isn this open invitation for trolls moreover you want really support namo then try influence those who are still sitting fences and thinking congress aap","well isn this open invitation for trolls moreover you want really support namo then try influence those who are still sitting fences and thinking congress aap","is only in the politics on, its not, its not, its not, its not, its not, its not, its not, its not, its not, its not, its not, its not, its not, its not, its not, its not, its not, its not, its not, its not, its not, its not, its not, its not, its","2.3896183819983677e-50","14.875148476371347"
"522","strangely reminded dumbledore army from harry potter","strangely reminded dumbledore army from harry potter","(1967) but on different occasions i actually thought that was him. I was thinking about making a Harry Potter one. You are right!","2.612365196829464e-06","4.555555555555555"
"523","good initiative mock these annoying people please add blue background red font color logo created using wordart under construction gif new gif auto playing music rocky mittal banega narendar modi default font comic sans traffic meter","good initiative mock these annoying people please add blue background red font color logo created using wordart under construction gif new gif auto playing music rocky mittal","(policeman) on, Feb 3, 2017 at 10:04 pm ... ... ... ... ... ... ... ... ... ... ... ... ... ... ... ... ... ... ... ... ...","0.3501556864684451","0.3849001794597505"
"524","does that mean you guys are leaving india yay","does that mean you guys are leaving india yay","?? The thing is, our Brazilian team started (and is still finishing) so, yes, we are leaving. But it's a lot better than we thought with all these fans who are slowly but surely retiring/ retiring. ya and the young people are leaving. Yea, but it's a lot better than we thought with all these fans who are slowly but surely retiring/ retiring","9.157840178339696e-21","9.271726499455307"
"525","what were the other policies you discussed not asking for details you gave above just bullet points thx","what were the other policies you discussed not asking for details you gave above just bullet points thx",":) The thing was that, while I wanted to make sure it was not an elephant or something, it was definitely not a spider. I would have to cull it down to make sure it was not a spider. well thats not an elephant, its a spider. spider.","2.2427591578782364e-13","7.240040180702163"
"526","thought would not understand policy discussions but what you have listed simple good way summarize increase oil production guess that should easy since saw recently that leaders all parties unanimously support this initiative for nominal amount really need this for inclusive development but guess this would need the support state governments too have really retarded regional parties ruling promising states congress has totally failed this aspect hope bjp could turn things around definitely agree especially are way behind electronics market many semiconductor companies have huge non manufacturing sites here iirc intel was supposed usher semiconductor manufacturing early 2005 and they pulled out because these lethargic policy makers not beat dead horse but wish bjp and all parties become serious tackling the silent corruption government especially the regulatory and enforcement boards like law and order environment water totally screwed one family members high ranking official one such board doesn matter which government has been transferred incessantly recently got transferred when got into tussle with opposition party mla industry and the ruling party minister summoned him next week and handed the transfer and top all not even honest does the least that could and that follows court orders god bless the honest officers hope this would change maybe the political discourse that happening among people nowadays will change","thought would not understand policy discussions but what you have listed simple good way summarize increase oil production guess that should easy since saw recently that leaders all parties","are now interested in better gas, warming earth and avoiding carbon pollution and thus increase oil production. You are right about gas prices. If we are to cut our energy use, then we need to make sure it’s not contaminated by carbon. But here in Africa, where there is no government, no subsidies, no access to clean energy, along with no air or water","7.280110073914057e-09","5.666666666666667"
"527","nice know that thank you","nice know that thank you","very much. You're welcome :) You'll get better at it!","0.03908454291214172","1.7614096918559585"
"528","its because bjp wants such rules place and its better get done under congress they won get blamed that way","its because bjp wants such rules place and its better get done under congress they won get blamed that way","some more people will have to make sacrifices just to get it. Also, if Modi doesn't make it to PMO, then how does the Congress’s MP go through? that is one more thing, people are not saying the Congress is out to kill BJP, just koi India the Congress is out to make it to PMO. Yea this is true of the","9.157840178339696e-21","9.271726499455307"
"529","india has been ruined congress and populist schemes the problem with populist schemes that you can make noise you are opposition you instantly branded anti poor another problems once introduced not easy get rid them aap with share leftists and socialist like prashant bhushan yogendra yadav binayak sen etc are more towards congress ideology with added agenda anti corruption compared bjp want see some pro market reforms which will create jobs and get our country
back growth rate another problem have the minority appeasement meeting tauqueer raza and then going defend him aap doing the same things
that congress did third holier than thou attitude they just don accept that there are good non corrupt people all parties lot people from
congress and bjp joined aap and suddenly became non corrupt while they were corrupt their old parties don hate aap don like their ideology and attitude would even vote there was option aap like party with right leaning
economic ideology afaik loksatta one such party but even though stay hyd don have vote here have vote native state","india has been ruined congress and populist schemes the problem with populist schemes that you can make noise you are opposition you instantly branded anti poor another problems","some people are not understanding how they are not entitled to rich people and their wealth they are saying the poor are not entitled to it and their wealth they have to hand over to rich people and their wealth they do not have to hand over to rich people and their wealth they have to hand over to rich people and their wealth they have to hand over to rich people and their wealth they do not have to","6.72816570931952e-26","10.458073819632258"
"530","long rant from aap supporter answers for all your questions you think that aap the only honest party and arvind some kind messiah arvind says that gadkari corrrupt that you will start running around with pitchforks and torches but ignore the news when gadkari proven innocent arvind says that bjp congress you aaptards being intellectually lazy will just accept gospel truth without asking why are raman singh jaitley shivraj vasundhra modi goa corrupt infact they are some the most honest intelligent and progress driven politicians india since very long time unlike aap bjp actually takes action against part members who act retarded case point jethmalani jaswant reddy kesubhai and many others compare that aap one founding members bhushan hardcore anti nationalist shazia caught accepting bribes even before election action against them defectors are given tickets arvind himself plays mulla appeasing policies numerous times aap just bunch idealist lefties who keep shouting the loudest that all politicians are thieves people being stupid accept the generalising statement and convert aaptards without checking the truth still don necessarily hate aap just think that bjp much better option also that most aap fanbois are just fanbois who can think thing themselves added later also point about aap fans being retards proven the downvote campaign which the resident aaptards downvote all comments after every such post proves point that aaptards are just bunch intellectually empty fanbois even the seems naive with his silly questions","long rant from aap supporter answers for all your questions you think that aap the only honest party and arvind some kind messiah arvind","some kind of the better on some kind of moment you are so wrong, what is your point real. ""He has made his dreams come true”- Anirudha Shetty ""He has made his dreams come true""- Anirudha Shetty ""He has made his dreams come true""- Anirudha Shetty ""He","2.204048666636099e-22","9.66116785131113"
"531","because aapturds eat poop then they poop and they use write false promises that why they are called aapturds","because aapturds eat poop then they poop and they use write false promises that why they are called aapturds","because they eat poop You are a good person. i am a good person","3.0117653711442572e-05","4.011887099014389"
"532","politics part the unholy duo religion politics which brings out some the most emotional and impassioned read holds barred slug flamewars the web expect people argue beyond region and logic","politics part the unholy duo religion politics which brings out some the most emotional and impassioned read holds barred slug flamewars the web","has to offer Why do they call you a ""holier than thou"" atheist? Because there is no real argument. So you are a ""holier than thou atheist"" atheist? Ya thats why. I don't care if people are being a bit rude","1.7988723938950815e-09","5.901700209217436"
"533","have said time and again most people arent shallow minded like the aaptards think vote single agendas agendas which they know unrealistic and just are plain rhetoric dont blame for not having the tunnel vision that you lot are afflicted with corruption does not mean effective governance rather live corrupt nation but one that provides relatively better governance than honest state that just stagnates you didnt understand what said the previous para that exactly the problem with aaptards and you need expand your political perspective","have said time and again most people arent shallow minded like the aaptards think vote single agendas agendas which they know unrealistic and just are plain","stupid >people aren't shallow minded Are you serious? no, that was a joke, i dont know how it works","0.029673219395959925","1.885618083164127"
"534","aap the new congress congress issues certificates secularism aap issues honesty anybody who comes from any party and joins congress becomes insta secular similarly all the odd mlas who went from bjp cong aap because they were rejects their own party have become insta honest way just like cong the gangotri indian secularism aap the yamnotri honesty","aap the new congress congress issues certificates secularism aap issues honesty anybody who comes from any party and joins congress becomes insta secular similarly all","the exmuslims on here who are secular and committed to and claim to believe in secularism believe in christianity as christianity has no secular standards or religious standards, its like some people sign the bible to believe christianity has no secular standards or religious standards. btw the old congress congress issues certificates secularism aap issues honesty anyone who comes from any party and","5.196733245575045e-09","5.72417974614999"
"535","thanks for proving once again that aap supporters are bunch immature bholas having deep rooted casteist and communal views this why easy for congress make fools out you they split their opposition vote and made delhi ungovernable and you stupids fell for their game plan and still haven wisened hahahahaaaaaaaaaaaaaaaaaa troll","thanks for proving once again that aap supporters are bunch immature bholas having deep rooted casteist and communal views this why easy for congress make","no sense in the first place, its not about you but all of us want to make our real country prosperous for everyone. The country should not be run in such fashion. hahahahahahahahahahahahahahaha this is so true and it's hilarious to hear. I just hope we don't make the same mistake in the next election and have a lot more seats in parliament h","3.6655615250382416e-11","6.513721780101713"
"536","problem with aap they are like worker union leaders sure they have honest intentions but then again not sure good union leaders would make good mds maybe wrong here but how much will ways aap survive reality still unknown even maharashtra prithviraj chavan was almost forced resign when exposed ajit pawars corruption even helpless what can you expect from others corruption like vicious network intertwined and ingrained into indian society should focus changing society unlike aap dudes who think bringing some law going improve things practically speaking bjp right choice about aap nothing can said how can perform national level","problem with aap they are like worker union leaders sure they have honest intentions but then again not sure good union leaders would make good mds maybe","union leaders would make better on union leader? Not true. The opposite is true. Are you saying since the union leaders have no intentions to unionize it has no real chance of working for them I am saying the opposite. So you are saying the union leaders have no intention of working for them I am saying the opposite. So you are saying the union leaders have no","2.408045658422923e-13","7.2303899488745"
"537","suspicious all politicians but simply cannot trust and accept anyone that has problems holding democracy hostage both and that hazare hack are guilty","suspicious all politicians but simply cannot trust and accept anyone that has problems holding democracy hostage both and that hazare hack are guilty","of this. Why on earth would you trust someone who's a hack? Because that's how it works. So you are saying the hacks are not secure and you trust them as a ""terrorist""? Yep. I trust them as a ""terrorist""","2.371007866865434e-09","5.85598130178049"
"538","thanks lot for the insight can easily relate point for example was never interested knowing something like katch but with superb promotion the gujrat tourism has certainly caught family attention and now features the visit locations for any idea how they would tackle the population increase problem india since may root cause many issues poverty level inflation essential commodity depleting forming land","thanks lot for the insight can easily relate point for example was never interested knowing something like katch but with superb promotion the gujrat tourism has","reached new heights thanks to the cooperation of good friends and mentors. Since I joined you, I have come to know you very well. You have a lot of experience in various industries from marketing and sales, through to logistics and so forth. I would appreciate your comments here. You really have some good ideas. You have shown yourself in various kinds of work. You are a great","9.157840178339696e-21","9.271726499455307"
"539","don know what kind post you are reading rindia there are many many aap supporters here many posts aap supporters even mod aap supporter","don know what kind post you are reading rindia there are many many aap supporters here many posts aap supporters even mod aap supporter","here are community members rindia usa russians russians russians russians russians russians russians russians russians russians russians russians russians russians russians russians russians russians russians russians russians russians russians russ","0.0038696535131775883","2.663236190092687"
"540","good that has already started his policy hope gets one chance the top job about years yes policy decisions take time bear fruits upa1 actually enjoyed the benefits policies nda look upa2 see how they actually perform","good that has already started his policy hope gets one chance the top job about years yes policy decisions take time bear fruits upa1 actually enjoyed the","game and it was better on console than pc too (not much of a fan though) Not really true for pc. The PC players were better at grinding and ranked with the Xbox players (that is one of the reasons this is happening). PC players were more likely to do the work, which means the games can be more complex for them. PC players were better at grinding and ranked with","3.244405842210005e-17","8.355986525989065"
"541","india also needs test the new nuke designs hope that pokhran gets test some newer and lighter mirv designs for our new missiles soon","india also needs test the new nuke designs hope that pokhran gets test some newer and lighter mirv designs for our new missiles soon",". The nukes on our radar are not nukes. they are not nukes but missiles. ""Nukes are not nukes."" How is that not an obvious fact? Because the nukes are not nukes at all. i don't think that's a realistic statement. You are right. The US and Russia are wrong. huh, they","6.810936049450718e-07","4.83045891539648"
"542","great appreciate your efforts and this healthy way debate and criticise opponents not the kind which involves baseless lies rumors and team foreign funding crap tired those now which for some reason bjp followers think more effectice don know who told them that because only pisses off and more damage than good bjp itself and since you mentioned your post and made clear our discussion that corruption the issue for will track this post and engage ina discussion once you address that point because matter what good policy you come with unless you can implement the ground they mean nothing and this why before anything want corruption addressed share with how modi planning fight corruption","great appreciate your efforts and this healthy way debate and criticise opponents not the kind which involves baseless lies rumors and team foreign funding crap tired those now","are allowed to express their views, its not about you but all of us want to hear what you think is going on. The world needs more people like you and you know you, its not about you but all of us wanna hear what you think we are doing to make our lives better, its about you, its about you, its about you and you know you, its about you, its","3.241952939002137e-32","11.75721342455552"
"543","hate aap for the other thread points such the routine flip plops appeasement ology positions stated about batla house etc this particularly because aap proclaims basic that others are not sum aap self advertised image and platform their commentary why they have not yet perform nothing about","hate aap for the other thread points such the routine flip plops appeasement ology positions stated about batla house etc this particularly","annoying from the young guys on here who are not (and apparently are not) much more mature then batla. Dr Amir scores low on all of this. I don’t think that the apps are a good idea. But why the complaining? Dr Amir has very few friends, which means that he knows less about his friends, which means that he knows less","2.7281535713460872e-21","9.4"
"544","not bjp supporter but love how modi core internet savvy supporters who claim modern are coming terms with the fact that their leader the only one who did not make any statement about 377","not bjp supporter but love how modi core internet savvy supporters who claim modern are coming terms with the fact that their leader the only one who","understands them are the ones on here who are not (and apparently are not) bjp supporters They're still trying to make sense of these ""Changing” terms. haha what a joke","6.834137311941216e-08","5.269651864139676"
"545","royaltreat you should ask your friend whether modi intends revive vajpayee river linking project that one has huge potential boost agriculture and solve many our water issues","royaltreat you should ask your friend whether modi intends revive vajpayee river linking project that one has huge potential boost agriculture and solve","the problem of supply chain. Thank you, I will look into this. I don't want to waste my money buying it. You are welcome to do so, its your choice. So I can't spend my money if I don't want it? well then.. you are really the winner I am not trying to waste my money, I don't need it. Didn","9.957242687860136e-15","7.651179029439877"
"546","perhaps they fear they may lose small fraction voter base they either support oppose hopefully they will come with their views soon what think the problem that many individual party members may have personal opinion but they don want say anything against the party lines this just personal view party traditionally with right center views and the fact that they are mum about the supreme court having reverted the decision made the delhi high court fear they agree with but hope they take stance soon not having opinion all the worst stance for any political party especially issues relating human rights 377 homosexuality any other especially when party has strong candidate running for","perhaps they fear they may lose small fraction voter base they either support oppose hopefully they will come with their views soon what think the problem that many individual","members only gives the politics on, they are not trying to become a unified majority vote, or just make it about unity, or just be united “also I don’t think that the right wing has any real interest in the election because it’s an ideological issue. If the right wing had no interest in the election the left would be on the right and if they","9.60625827171285e-13","7.040083136069528"
"547","critical issue nice priorities bro for the record fully endorse the repealing the archaic law which needlessly protrudes into the bedrooms consenting adults but dont get carried away except tiny tiny minority urban centers one gives shit this issue","critical issue nice priorities bro for the record fully endorse the repealing the archaic law which needlessly protrudes into the bedrooms consenting adults but dont get","it. Requiring people to consent to their personal sexual conduct and their sexual behavior are both real and harmful issues, not just sex. Yea but it is still so fucked up that society is divided on it. haha. I love you","3.107854277092856e-09","5.810848255358981"
"548","the only problem will take years show its effects society grows great when old men plant trees whose shade they know they shall never sit ??the fact that the bjp manifesto which honestly could just bunch populist bullshit promotes long range initiatives reason itself optimistic about bjp led future years isn that long reality but the mind indian politician parliament election cycles","the only problem will take years show its effects society grows great when old men plant trees whose shade they know they shall never sit ??the fact that","the only reason young people on our planet are able to grow trees and plants are not simply because they are old men who are not old men .. the reason we need to keep going and keep going and keep going is because it is happening so fast in our own culture and we can no longer hold on to the old shit. we need to let it go. we need to keep going and keep going","2.8149079419576783e-19","8.899106293724344"
"549","really have very little issue with bjp economic policies think they have the clearest agenda among big parties more concerned with the social aspects their agenda they also are doing terrible job the opposition and are known pretty corrupt","really have very little issue with bjp economic policies think they have the clearest agenda among big parties more concerned with the social aspects their agenda they","are now chasing. You are absolutely right, they are so focused on ""the social aspects"". They are constantly trying to make sense of these ""social” things that they don’t actually put all of the time into thinking about the economic aspects of the economy. Yea I know the economic policies are very outdated and they need to make sure they are not watered down or they","1.4043485111644206e-13","7.303263814053436"
"550","like bjp should put this their manifestos anyway least the middle class and the business community will find attractive please continue you have more one suggestion read trade magazine some time ago about how employees maruti factory were striking for wages the tune whopping lakh illustrated how our labor laws had driven salaries unsustainably high many manufacturing sectors and stymied india efforts become manufacturing hub how even bangladesh was having more success than this regard fact this why many indian manufacturers seem hire disproportionately high percentage contract labourers work their factories they don have pay them the same high rates from this would say labor reform and reducing the power unions something else that needs considered the hidden policies that are wait","like bjp should put this their manifestos anyway least the middle class and the business community will find attractive please continue you have more one suggestion read","some more info Why do they need to keep the rich off and the poor on? Because there is no real middle class to be found and the rich need to keep the poor. that is one of the things that makes me believe the rich should not be getting rich.","2.315689721031112e-11","6.582328161460596"
"551","really hope focuses more rooftop solar ece like germany not just gujarat but the entire country much good skip hydrocarbon and straightaway adopt renewables that will have adopt anyways the future","really hope focuses more rooftop solar ece like germany not just gujarat but the entire country much good skip hydrocarbon and straightaway","the only reason for installing solar is to kill energy and carbon. Also, solar does significantly more than wind. Solar energy is cheap. Solar’s energy output costs less, and it’s cheaper. Solar is also cheaper. Solar can't be more cheaper. Solar can't be more expensive. Solar can't be more expensive. Solar can't","6.603394442927838e-08","5.2759530656719935"
"552","why should bjp say anything there law has amended scrapped the government can introduce the new law parliament and depending the new law bjp can choose support not the problem posted the other thread day back most people are misunderstanding that the article 377 against homosexuals covers wide range issues and the foundation for other laws also makes lot heterosexual acts unlawful including general terms blowjob and anal sex you read and understand the entirety the law then you will understand that doesn mention homosexuals and applied against them should the law scrapped sure but before that see that since this the only law that covers sodomy guess india will also need laws covering rape male female another male also not sure the new rape laws 2013 protect male child not coz they not then this the only law per understanding which can use punish the criminal law not against homosexuals applied against them can applied against heterosexuals also scrap but create new laws first replace this law someone from the legal fraternity can ama and answer our questions about article 377 and rape abuse laws india will great clearing the misinformation","why should bjp say anything there law has amended scrapped the government can introduce the new law parliament and depending the new law bjp can choose support","the new law or oppose it, its not about me but i want to keep my work as a journalist and for sure bjp will come out support the new law or oppose it. Because BJP is the minority party. ya but BJP is the majority party. no bjp will come out support the new law or oppose it. So its not a question of BJP being","2.408045658422923e-13","7.2303899488745"
"553","politically would stupid move take stand right before the elections maybe that the reason","politically would stupid move take stand right before the elections maybe that the reason","some people are upset is on some kind of momentary basis that the opposite is happening. Are you saying the opposite is happening to Trump? i’m saying the opposite is happening to him. Let’s not argue about something that isn’t your personal opinion. i’m saying the opposite is happening to him. Do you think it’","7.754595937658488e-14","7.382716607354268"
"554","would like bjp come out support scrapping sec 377 but won expect them make comment this because there are lot religious organizations which are against scrapping 377 and support bjp there might loss support bjp takes stance this close national elections might not work well bjp does not have presence many states would not like alienate whatever support has other parts meenakshi lekhi pointed out her tweets this ruling doesn make any difference the act between consenting adults neither them will file fir police won come checking around your bedroom see what you are upto just that will illegal act eyes law congress the other hand has come support scrapping this law openly this spite asg arguing for the law guess congress knows won forming the next government any stand takes issues won hurt them much","would like bjp come out support scrapping sec 377 but won expect them make comment this because there are lot religious organizations which are against scrapping","law and it seems like they would do this. Then why does it have to be them while we are already focussing on these issues?”- Anirudha Shetty BJP is a party not against the scrapping of the law. If this happens then India will not be in the fight to fight the Islamic State of Iraq and the Levant.","5.082796817912267e-12","6.804138174397717"
"555","the government should have say what goes between two consenting adults room period why the hell are you bothered about his stance lgbt rights just because that moron sanjay jha raised the issue","the government should have say what goes between two consenting adults room period why the hell are you bothered about his stance lgbt rights just because","some people are being forced on, its not about you but yours and you are not exempt Are you saying since it has nothing to do with me, that there is no legitimate, legal obligation for this signatory to provide a ""converting"" service for gays? okay yeah whats wrong about his stance. its not about me. thats why its wrong to say it. ok","9.957242687860136e-15","7.651179029439877"
"556","politics 101 country that medieval minded the one hand and seeks 21st century capitalistic interests the other","politics 101 country that medieval minded the one hand and seeks 21st century capitalistic interests the other","You are a better person, than Trump is (and that makes him one of the worst realpolitikers out there). You are dead wrong about everything else that the left claims to have ""democracy"" on. haha. you are a liar. I dont think that the left needs the right wing. I dont think that they need any more power than this. You are","4.2920891256572145e-19","8.852159657033265"
"557","let put forward some problems and issues the first problem solved define sodomy and what acts are included presently blowjobs anal sex etc are illegal for everyone the major question arises whether allow fucking the assholes yes then should allowed just between homosexual interactions among heterosexual ones well lesbians having sex fine until they are not really penetrating anything you would wonder then how could called sex but they wish use sex toys for the same they are not allowed owning selling producing sex toys banned india sex toys are allowed india again the question arises should allowed just between homosexual interactions among heterosexual ones well even the act sex needs defined the present definition wont stand the point does not affect single law affects plenty laws commenting the issue would mean lot things and believe unless someone has clear idea what other effects that might have the existing laws she should refrain from commenting its good supporting opposing something but doing without knowledge inappropriate","let put forward some problems and issues the first problem solved define sodomy and what acts are included presently blowjobs anal sex etc are illegal for everyone","but only for young women on sunday night and you are allowed to fuck anyone you want but you are not allowed to fuck anyone you want but you are allowed to fuck anyone you want but you are not allowed to fuck anyone you want but you are not allowed to fucking anyone you want but you are not allowed to fucking anyone you want but you are not allowed to fucking anyone you want but you are","2.658769750109254e-17","8.379450451755039"
"558","critical issue lol one cares","critical issue lol one cares","about only one thing, its not about you, its about other people, its about your career Yea I know but it’s kinda annoying”- I don’t want to hurt anyone’s feelings so I just tell people how it works”","6.615976537116759e-09","5.683042292379118"
"559","this would issue these people were prosecuted under 377 and thrown jail tbn and9gctljwbsdyreogwxjxqaeakwn eauxr95fn6ylsdimxltrmsi3lh jpg jpg pride15 jpg agree that the article joke which also criminalizes heterosexual oral anal sex however practice person only charged one the individual not adult the act committed without consent yeah archaic law that needs but doesn harm anybody hence political party stance the issue irrelevant","this would issue these people were prosecuted under 377 and thrown jail tbn and9gctljwbsdyreogwxjxqae","qazjTxqnazjxxxzqyazjxzqqyazjxzkwb5jxzqyazjxxzqyazjxzqhjxzqqyazjyazjxzqyazjxzqyazjxxzqyazjxzk","1.0849972165237503e-20","9.253627917180895"
"560","good the focus creating platforms for wealth creation rather than distributing doles also more free the economy more less the corruption will hope bjp stays that way and does not bows the pressure the leftism atmosphere this country","good the focus creating platforms for wealth creation rather than distributing doles also more free the economy more less the corruption will hope bjp stays that way","You are completely right on, its not about the rich, its about how they can get away with it. they need to be exposed, especially to their small minded core, its not about ""get rich"" it's about not giving them more money i don't think that the rich should give in to corruption.. they need to be exposed in a different way, and it requires they","1.0236161327748467e-10","6.35775531391221"
"561","dazzled your profound understanding contemporary indian politics bends down respect and touches feet","dazzled your profound understanding contemporary indian politics bends down respect and touches feet",", only in the politics on which the powers of the rich power and the poor are in war, fighting is forced and the freedom to be exposed, especially to their imagination, which never before has been in the public domain, and the freedom to be exposed, especially to their imagination, which never before has been in the public domain, and the freedom to be exposed, especially to their imagination, which","2.8149079419576783e-19","8.899106293724344"
"562","think there are more important issues hand than one stupid law that hardly enforced","think there are more important issues hand than one stupid law that hardly enforced","in VA. Why on earth would there be more issues in VA if someone was responsible or just lazy? ""Why on earth would there be more issues in VA if someone was responsible or just lazy"" 1. No one is responsible 2. No one is lazy 3. The problem of the state of the state of VA is overblown. So, are they responsible or just lazy","2.473056648594535e-14","7.533333333333333"
"563","you sincerely believe that anyone who doesn identify with your political beliefs ignorant and corrupt you are moron you accusing all non aap supporters being corrupt different from bjp guy claiming that anybody who doesn support them anti india","you sincerely believe that anyone who doesn identify with your political beliefs ignorant and corrupt you are moron you accusing all non aap supporters being corrupt different","political perspectives to the left on different political viewpoints? Not all of them are corrupt, or just some people are. But it's a lot to take in for being a moron. that is one of the things that makes me believe you are a moron. Not just the ones who are corrupt, but those who are corrupt in the first place, along with those who are corrupt","1.1459741558553616e-18","8.741913556629289"
"564","are you corrupt mind have you benefited through corruption sadly you blindly support some other party support another party not blindly you support some party because your caste religion brahmins bjp and muslims congress nope you don believe corruption can eradicated indian politics yes corruption cant eradicated from indian politics downvote for being realist","are you corrupt mind have you benefited through corruption sadly you blindly support some other party support another party not blindly you support some party because your caste religion","is held dear Why do you think that? (and why don't you just simply prove yourself by making a comment about it) If you are not corrupt mind have you benefited through corruption sadly you blindly support some other party support another party not blindly you support some party because your caste religion is held dear well if people are corrupt mind then they have no power to change it and if they","5.8497514033687694e-08","5.298129428260175"
"565","the high handedness presumption assuming are you corrupt mind even without listening opponents argument common pattern may necessary condition all aaptards can live with corruption but can stay put with the guys who act holier than thou","the high handedness presumption assuming are you corrupt mind even without listening opponents argument common pattern may necessary condition all aaptards can live with corruption but","may not be corrupt mind on, its not, its not, its not, its not, its not, its not, its not, its not, its not, its not, its not, its not, its not, its not, its not, its not, its not, its not, its not, its not, its not, its not, its not, its not, its","1.1214810916331742e-48","14.615320555386695"
"566","are you corrupt mind please sir what does that mean","are you corrupt mind please sir what does that mean","?? The thing is on, its not a ""change"" it is just an improvement... well if it does the opposite then how does it prevent a cull? You don’t ""change"" it. You just keep the old one. oh I dont think that's right. I just thought it was supposed to let the old one be, along with the new one.","3.985804962848152e-18","8.6"
"567","think this hate sort specially spread few users who are staunch supporters bjp the reasons for this hate part those users understandable they fear modi chances being the down because aap you play close attention you can see through their double standards and bias for instance few weeks ago one very active supporter bjp was seen saying kejriwal power hungry and look how betrayed anna and these days you would see that user saying kejriwal scared accept the power and form the government personally don believe bjp will bring utopia they win 2014 narendra modi has done great work gujarat and have immense appreciation for him but not trust rest the leaders bjp coming from bjp ruled state can tell you that the ground reality far from what they show the news broken roads mis governance and massive corruption every level the other hand aap has overstretched their promises because lack experience aap far from being stable and smart party which can provide good governance haters gonna hate don fooled few users who try spread negative propaganda","think this hate sort specially spread few users who are staunch supporters bjp the reasons for this hate part those users understandable they fear modi chances being","added to community Why on earth would you fear a modi-friendly version of the Indians? they are not Indians anymore So these ""Indian”-driven hate based sentiments do not exist anymore? they are not Indians anymore So why on earth would you fear a modi-friendly version of the Indians? they are not Indians anymore So why on earth would you","5.469865918325231e-09","5.715476066494082"
"568","because those sanctimonious rascals want promote hindu muslim unity wait till modi comes power rightofcenterhindu said godhra was just trailer there are many more babri masjids this country","because those sanctimonious rascals want promote hindu muslim unity wait till modi comes power rightofcenterhindu said godhra","is only for shibboleths this is my favorite and I'm not surprised... They're going to need a lot more votes to get to their point of view, because they don't want the people like you, and you, to believe their bullshit. okay, lets just hope they can't be trusted. So... you think it's this *is* they","3.17426175562365e-14","7.500684900234294"
"569","agreed aap has given opportunity for lots engineers with decent jobs quit their profession and enter politics its changing the traditional view common many indian families that politics not for well educated people such hard working people put the same effort when office then could see lot change the way the legislative body works","agreed aap has given opportunity for lots engineers with decent jobs quit their profession and enter politics its changing the traditional view common many indian families","have to move somewhere else on different occasions and it has failed. AGreed aap has given opportunity for lots engineers with decent jobs quit their profession and enter politics its changing the traditional view common many indian families have to move somewhere else on different occasions and it has failed. Agreed: . . . . . .","1.0660496648395031e-08","5.600925849390471"
"570","dont hate aap need give them chance","dont hate aap need give them chance","to learn how to deal on, its not about you but their team mates. I was just curious if someone had had a chance to learn how to”get” on. I don’t hate aap and would like to learn how to learn how to.","2.2427591578782364e-13","7.240040180702163"
"571","these two observations will help you understand the hate india infested with moditards moditards have simple logic you don support modi you are sikular corrupt anti development minority hugger paki lover hindu hater anti india dynastic riot organizer and anti democratic also any statement you make even the about cute puppy can interpreted reflection the qualities just listed there are others here who don like neither aap nor modi but their numbers are small","these two observations will help you understand the hate india infested with moditards moditards have simple logic you don support modi you","are a modifer you are a modifer you are a modifer you are a modifer you are a modifer you are a modifer you are a modifer you are a modifer you are a modifer you are a modifer you are a modifer you are a modifer you are a modifer you are a modifer you are a modifer you are a modifer you","4.7607430986746085e-52","15.134976397356"
"572","point covers also they are not the majority but the minority just that they are the vocal and loud minority don worry about their loud views india hardly makes any impact they tried their level best before delhi discredit aap and all saw how all turned out for them don loose your cool over being the way they are they are only causing harm modi pushing away people like they did when joined here was fine with modi now never going vote for him refuse associated with leader who has such followers who spread lies rumors and propaganda all day long","point covers also they are not the majority but the minority just that they are the vocal and loud minority don worry about their loud views india hardly","get offended they just have very loud voice and quiet voices but if u listen to any show or show u know its not about the voices. Yea I know but I don’t feel like anyone cares about my voice and if someone doesn’t like my voice then they’ve not been listening. I don’t want people to be offended by me. ok","5.196733245575045e-09","5.72417974614999"
"573","lol dont hate aap for its stand corruption hate aap because the policies they are proposing are per bullshit dont like the idea fixing vegetable prices also have idea how they plan the vegetable prices are high because reasons freight cost and margins multiple people and none these could controlled aap also the shooting onion prices result hoarding which not happening delhi and thus they can virtually have control over the prices nor they could gain control over thus policy fixing vegetable prices utter bullshit reduction electricity prices what why would you that most the power companies are already under distress and increased raw material costs are giving blow their profits secondly its not the hand aap reduce prices can and but getting bored write more may this article might help putting forward points link result 2013 why the idealistic aap better off the opposition 1276567 html secondly they have always pointed out flaws stuff but have never really given any solution anything you think the jan lokpal the solution corruption please point clauses that could eradicate corruption the way aap expecting and finally dont really support socialistic party economy cannot run fixing prices everything people wont earn people wont work they really come with good policies who knows may support them till then its modiji for","lol dont hate aap for its stand corruption hate aap because the policies they are proposing are per bullshit dont like the idea fixing vegetable prices also","hate it when the government does it to kill off small businesses. Also, if you were a firm supporter of the SOA, wouldn't you have to be pro-soaps? that is one of the things that makes me believe the SOA has no balance. no balance, no realistic policy. You are right. The SOA has no balance. No one likes it.","5.972937820342155e-14","7.417381199564245"
"574","why have grown tired and disdainful the aap examine this weird anti establishment tirade from one our resident aap morons courtesy sanskarimata yeah did you know the beneficiary lakh crore loss revenue the state exchequer due doles you got that right dole outs given corporates yeah did you know living house billion dollars surrounded slum clusters the same wealth accumulated funding political parties and then arranging for arbitrary allocation resources yeah did you know one the beneficiary price rise going further accentuate thanks both congress and modi behaving mukesh ambani dukkan virtually certain modi gets his first act will acceding all reliance demands pricing gas concerned also one the beneficiaries scam where the government sold spectrum dirt cheap rates fucked the congress this but who the fuck orchestrated this the tatas the ambanis the shahid balwas yeah pretty sure the beneficiary well reliance jio and bharti start price cartelization and the cci sit there fucking watching the rape happening between all the half coherent ramblings hatred tata ambani whatever and half baked angry conspiracy theories pulled from the depths the anus the virtually certain line about moi and reliance gas there anything you find likable about this insight into the mind aap follower this what kejriwal bhushan yogrendra etc are teaching their followers they scare they are barely aware what the problem let alone how solve and their honesty highly selective and not found their rhetoric","why have grown tired and disdainful the aap examine this weird anti establishment tirade from one our resident aap morons courtesy sanskarim","? Because he knows how to defeat the left (and why the opposite is true in his case). He is trying to defeat the left so that the left can finally be run for president as a ""democracy"" instead of a ""democracy"" that all parties can dream about. He's also trying to defeat the left so that the left can finally be run for president as a ""democracy"" instead","2.7935882150295748e-30","11.374735838014674"
"575","congress supporters not hate aap aap looks like better congress them bjp supporters are worried that straight contest between bjp and congress which they expected win easily has become possibly three cornered contest and the fence sitters non bjp voters angry cong have switched their loyalties aap instead bjp this not good thing their view and they will attack aap discourage these new supporters aap aap looks too impractical some and distraction they believe that replacing cong with bjp the practical answer","congress supporters not hate aap aap looks like better congress them bjp supporters are worried that straight contest between bjp and congress which they","voted against in the last elections, they are not happy with BJP and Congress are not happy with them they are not happy with BJP, their support is not there with Congress so they want their supporters in congress. they are happy with BJP, their support is there with BJP.","3.901129114805226e-08","5.3716427147145085"
"576","everyone hates corruption stop being high minded about maybe just cynic but not hate aap just think they are naive and simplistic just elucidating against the problems with their solutions being untenable also not simple problem stop bucketing all there the harmful top down institutional which bad but the bottom corruption actually not bad here papaer pdf link pdf the relevant portion from abstract the whole paper interesting find that bad corruption corruption which asso ciated with poor institutions has negative effect gdp growth however residual corruption corruption which uncorrelated with other governance characteristics positively related gdp growth countries with poor institutions why this because have dual economy and bad institutions and cannot pay the lower level government officials enough and they cannot participate the black economy cannot and should not change that overnight fighting the political corruption sure should but not know any voter who for please get off your high horse not like any the parties india but there nothing more dangerous than high minded sanctimonious ideologues who sneer others change comes with the stronger institutions nothing aap proposes actually does that someone disagrees please point that policy","everyone hates corruption stop being high minded about maybe just cynic but not hate aap just think they are naive and simplistic just elucidating against","some fanboys just put on some kind of desk and let them grow up. I was just curious if someone had to explain to someone who would have to explain to someone who would want to explain to someone who would want to explain. they are not people like you, they are just an ignorant far right shithead who wants to bend over backwards in order to make this world a better place","9.60625827171285e-13","7.040083136069528"
"577","why most you here india hate aap are you corrupt mind have you benefited through corruption you blindly support some other party you support some party because your caste religion brahmins bjp and muslims congress you don believe corruption can eradicated indian politics all these questions and you still ask why aap fans are the reason that people here have started hating that party anyone according you who doesn support aap all those keep your honesty with your self thanks another week with you guys and will really start hating aap","why most you here india hate aap are you corrupt mind have you benefited through corruption you blindly support some other party you support some party because","some people are corrupt mind has you been transparent about your past in order to manipulate some people or just some people are corrupt mind has you been honest about your relationship and you know you are honest about your relationship and the people are corrupt mind has you been honest about your relationship and you know you are honest about your relationship and the people are corrupt mind has you been honest about your relationship and you know you","1.3332901085061904e-29","11.237557582586215"
"578","your question suggest simplistic view things for billion strong country may interesting explore the question corruption symptom the root","your question suggest simplistic view things for billion strong country may interesting explore the question corruption symptom the root","of problem of the state. Thank you, I will look it up. I'm going to make sure to read about it. You are welcome to read about corruption symptom and then make your own answer, it has a lot more information to it. Hey, here's a question for you: does the state have to fix corruption bug fixed in its own ?","5.625250276126125e-17","8.290783388913134"
"579","aap just collection very rich intellectual high caste very influential people who know how control the teeming indian masses with the novelty factor they are seen different and new and cause hope general masses what the guarantee that years they not same congress bjp","aap just collection very rich intellectual high caste very influential people who know how control the teeming indian masses with the novelty factor they are seen","as a 'thing' on, its not that they are not important people. they are because they are so damn important. The vast majority of the rich world have no problem with us, its just that they all know how we are not worth their time, money, or capital. They really have no problem with us, its just that they all know how we are not worth their time","3.244405842210005e-17","8.355986525989065"
"580","wow this query inquisition does have bipolar with against don think they the messiahs","wow this query inquisition does have bipolar with against don think they the messiahs","some more lol Why on earth would you think that? Because there are so many people who are so damn gullible that they can't grasp that they need to keep going and keep going and keep going and keep going and keep going and keep going and keep going and keep going","4.1058916725452926e-17","8.328146533974893"
"581","why many people think that the lokaykuta the answer the problem confused just hurdle who say that the people sitting this committee themselves are not corrupt who say that these people don have their own vested interests and will delay good things from happening just their own interests too many questions basically zero answers not like aap and all your questions fact you seem like you yourself blindly follow some other party sir","why many people think that the lokaykuta the answer the problem confused just hurdle who say that the people sitting this committee themselves are not","capable to provide a better policy, its not about you but all of us want to help them They're going to need a lot more votes to get to their decision. haha what a joke","3.183297431349914e-09","5.806832031806502"
"582","reason that they complain too much they come with too much terms and conditions too many ifs and thens they dont analyze situation and have readymade answer removing corruption for every problem","reason that they complain too much they come with too much terms and conditions too many ifs and thens they dont analyze situation and have readymade","excuses when they know better on how they are going to fix their issues","0.015376780629637295","2.1602468994692865"
"583","hate aap let now answer your questions not really but when have deal corrupt minds myself turn into one not have enough time remain saint with corrupt minds and fight with them till they change would like work done they understand the language corrupt mind will become one not till now have logic behind supporting other party support namo and bjp have seen his work years have seen the result have seen the change have seen others appreciating his work including national and international governments basically everyone has verified some way that suitable take the national further through development name one single leader entire india who has got much appreciation through both national and international governments him the first ranker politics right now supporting him support bjp because want progress and development there other party india that has much clear vision bjp and namo does corruption can eradicated politics not something experimented aap the only party that focuses only corruption nothing else but their agenda ideology has real base real proof what they say true and can done then they should become part government delhi and provide sample and ways right now they not know how nor have they tried before nor they want become part government hope this answers","hate aap let now answer your questions not really but when have deal corrupt minds myself turn into one not have enough time remain saint with corrupt minds","god gets all the deal on, its not about me but all of the deals I can get away with is just what is happening to me. “also I don’t hate aap, it’s not against the rules to talk to my mom. I don’t hate aap and it’s not against the rules to talk to my mom.","1.4043485111644206e-13","7.303263814053436"
"584","from another thread want ask how can someone who will purportedly run clean political party start his career with lies committing character assassinations honest people and not apologizing when the accusations not amount anything then there the matter persistent muslim appeasement style politics claiming batla house encounter was fake then when people tried pin him down doing volte face and saying that agreed with the court judgement the point note that the judgement had been out for months when the offending aap pamphlet came out approaching the muslim electorate not citizens but flock who can pimped out sundry maulanas like taqeer raza taqeer raza has been indicted for giving out fatwa behead tasleema nasreen yet when asked kejri brazened out saying let someone produce proof that taqeer raza issued fatwa when there are cases against him running courts for this very thing also the volte faces are far too frequent some gent writing for indian exponent criticized economic vision document aap website link below today that document gone from aap website there stand that aap will not give will not play well the mediia what can trust them for aam aadmi party aap economic vision been disappointment far html then there are previous baseless allegations aap went town claiming that bjp candidates have criminal cases against them when the reality that almost all cases are for crimes like unlawful assembly these are the exact kind cases that kejriwal and many aap candidates themselves are facing given that bjp was the principal opposition the capital for the past years its natural that most such cases for public protests will against the bjp candidates how can you trust the allegations coming out his mouth when willing indulge such cheap tactics please dont think that saying these things bjp supporter was vocal supporter the iac movement going the extent taking half day leave and joining protest the now feel cheated that kejriwal has used the support well meaning people like launch himself career active politics which neither intellectually nor ethically equipped handle any case not trying tell you whom support but former iac supporter want say that dont find aap politics any different from any other political party","from another thread want ask how can someone who will purportedly run clean political party start his career with lies committing character assassinations honest people and not apologizing","for it. Why on earth would you apologize for anything? Because someone who's a real dissing political party had a bad campaign. So a dissing political party that committed a bad campaign has all the problems associated with it. so why on earth would you apologize for the campaign of the dissing party that committed a bad campaign... Because it happened before the election?","4.445430960767228e-16","8.041274802953883"
"585","you have provided options aap haters per your tiny winy kuchhi pucchi chhotu motu understanding indian politics with all due respect may ask for provision nota","you have provided options aap haters per your tiny winy kuchhi pucchi chhotu motu understanding indian politics with","some fanboys in india, its not indian politics if u know how to read. Yea I know how it works. I just wanted to make sure I didn't offend anyone by not saying anything about it. I know how Indian politics works in india. I just wanted to highlight the fact the majority of Indians still support the independence of the state. I wasn't trying to","8.251754528867321e-21","9.28283039654071"
"586","like aap for its stand corruption and making people aware about their civic duties and mobilizing youth take part active politics hate aap for its communist ideology public appeasement policies minority appeasement which are not very different from congress and for its arrogant and holier than thou attitude
they have build party showing negative points others its high time they show good governance forming government delhi and prove themselves fulfilling tall claims they have made","like aap for its stand corruption and making people aware about their civic duties and mobilizing youth take part active politics hate aap for its communist","policies are aap for its own purpose and it has failed. hate aap is just an apolitical movement about freedom and democracy. “also I don’t hate aap, it’s not against the values,” said co-founder, V. J. Gharib Yousuf, a friend of the man who worked","1.3768287042728127e-17","8.456566295696707"
"587","are you corrupt mind have you benefited through corruption you blindly support some other party think this illustrates why people hate the followers aap with vengeance much fucking smug stupid that they can power thousand suns which have died down and turned into barren stars edit also this thread posted nri muslim nri muslim lethal combo","are you corrupt mind have you benefited through corruption you blindly support some other party think this illustrates why people hate the followers aap with vengeance much fucking","better then you would have on your own followers Not really, and I'm not exempt from the corrupting mind. I just see no reason why the followers of the current government don't do the same. they are corrupt, not corrupt, because they voted to defund the education service, which is the largest political corruption in the history of the world with its chronic pay discrimination, and it they","2.3673126705518868e-08","5.460999068166083"
"588","and let not forget most the aap are kinda naive believing that once these folks get power their problems will fixed the shitty truth won and can the way they would want edit but respect them for shaking things","and let not forget most the aap are kinda naive believing that once these folks get power their problems will fixed the shitty truth won and can the","world be a better place? I wish this was true. I know some people are saying the same thing but it sounds like you are not trying. Keep it up!","1.1580867658435437e-06","4.723677731718297"
"589","why you hate other parties apart from aap how does khujli dick taste are you corrupt mind have you benefited through corruption you blindly support some other party you support some party because your caste religion brahmins bjp and muslims congress you don believe corruption can eradicated indian politics","why you hate other parties apart from aap how does khujli dick taste are you corrupt mind have you benefited through corruption you blindly support","the poor how can you expect to get what you need when you are already poor I was just curious if someone had had a chance to test the game’s faithfulness, because it turned out that the people on this subreddit are against the game’s balance. I don’t know how exactly they felt about it but I promise it’ll be interesting. i","9.60625827171285e-13","7.040083136069528"
"590","your questions are absolutely ridiculous and shows how out touch with reality you are the world not all black and white just because someone votes for support particular party doesn mean they hate the others definitely don hate aap don like their solutions problems and don care for their style politics don see how anyone can logically expect adding more bureaucracy lokpal solve the problem corruption that was created too much bureaucracy begin with similarly their election promises free water and cheap electricity everyone what one the richest cities the country backward step when should moving away from govt subsidies for everyone all means support the poorest the poor with all the subsidies the world but there reason why the govt should lose money powering the air conditioned bungalows the super rich delhi the poor barely have any electric appliances this country the only way they are going able pay for such subsidies increasing tax revenues which will primarily impact businesses negatively and the domino effect will affect job creation etc aap anti capitalist tilt pretty evident anyone who isn totally blinded their anti corruption talk just because they claim have good moral stand corruption doesn mean should blindly trust them with all aspects governance clearly lot people delhi not agree with and that perfectly fine they are entitled their opinions and choices just like entitled mine","your questions are absolutely ridiculous and shows how out touch with reality you are the world not all black and white just because someone votes for support particular party","over other groups of people on different political grounds. So why don't you just simply prove yourself. Because what about you, that means you are not an asshole. You are a cunt. You sound like a cunt. So you are a bit of a cunt. You sound like a cunt. You sound like a cunt. You sound like a cunt.","1.819902999186025e-15","7.866747376502838"
"591","many assumptions man just many least try possible neutral and unbiased you going for discussion","many assumptions man just many least try possible neutral and unbiased you going for discussion","here it gives the better choice, its not about you but all of the key things in life Yea I know but it’s kinda tight”- I don’t want to make it sound like this is something that’ll work out","1.494804150270466e-07","5.124100921762788"
"592","dont hate aap but your questions are example why disagree with their style politics your mind people who disagree with aap hate aap they are blind supporters some other party are corrupt caste ist there room for disagreement with aap and still honest upright citizen who wants good things for his country this extremism one the reasons why dislike the aap","dont hate aap but your questions are example why disagree with their style politics your mind people who disagree with aap hate aap they are","aap they are aap they are aap they are aap they are aap they are aap they are aap they are aap they’re aap they’re aap they’re aap they’re aap they’re aap they’re aap they’re aap they’re aap they�","2.8149079419576783e-19","8.899106293724344"
"593","always hated self righteous morons","always hated self righteous morons","but i find that more fun, its not about you but about your team mates I get it. I just don't need to be a total fucking asshole and you know you don't do that but you do. its called a race, its not about you but about your team mates I'm just saying. I don't want to end up as a total asshole, and if they","1.1553044044989252e-17","8.47700708521628"
"594","what hate about aaptards they mentally convinced themself that kejriwal the only option any other argument met with vehement resistance anti corruption rhetoric and personal attacks both myself and the party person defend can abide naked hypocrites self denial people who like hide from things they don want see and hear the last couple days heard kejriturd compare atal behari vajpayee scamohan singh also heard response modi honesty sound economic policies consisting nothing but anti corruption rhetoric the age old 2002 riots propaganda simply absolute silence and finally complete lack awareness interest the political realities scenarios aside from bjp congress bhai bhai lokpal swaraj kejriwal will save some deeply flawed and full holes way","what hate about aaptards they mentally convinced themself that kejriwal the only option any other argument met with vehement resistance anti corruption rhetoric and personal","attacks against Kejriwal. You are absolutely right, they failed to make any rational arguments whatsoever. They have to make one. The problem of the AAP’s wall-hanging party supporters is that they accept their own party’s ideology even though it fails to make sense, thus creating the anti-delicacy narrative for the narrative. Yea this is true of they","5.545939418332129e-10","6.092848842499201"
"595","why can disagree with aap policies without agreeing the reasons you have provided this ploy many who wants label somebody anti something for example you don temples you athiest you not hindu etc etc the simplest all reasons that self righteousness and pragmatism cannot mixed sometimes you will have take decisions that are unpopular against well established principles keeping mind future benefit and common good you cannot flexible such situations you are not doing any good administrator politician","why can disagree with aap policies without agreeing the reasons you have provided this ploy many who wants label somebody anti something for example you don temples you","are against community or community on, you are against religion and why and why do you are against religion. Because religion is one thing, but it does not define what is going on. that is one more thing, this is not an action taken by aap. That is also one more thing, this is no action taken by aap. that is also one more thing,","3.6121719382339236e-16","8.066666666666666"
"596","corruption just matter legality financial irregularity and bribery the currency social transaction egregiously unequal society which power continues concentrated the hands smaller and smaller minority imagine for example city shopping malls whose streets hawking has been banned hawker pays the local beat cop and the man from the municipality small bribe break the law and sell her wares those who cannot afford the prices the malls that such terrible thing future will she have pay the lokpal representative too does the solution the problems faced ordinary people lie addressing the structural inequality creating yet another power structure that people will have defer you and your chutiyaapa","corruption just matter legality financial irregularity and bribery the currency social transaction egregiously unequal society which power continues concentrated the hands smaller and smaller minority imagine for","everybody to be in better on, its not about you but all of us collectively in the struggle against colonialism and for freedom to make our own dreams, our own dreams with our own skin tone, our own dreams, our own dreams, our own dreams with our own skin tone, our own dreams, our own dreams, our own dreams, our own dreams with our own skin tone, our own dreams","5.470820879485346e-37","12.651745597610894"
"597","hate the aap because has absolutely real plans about improving the country situation corruption can only agenda for long there are problems this country more important and more destructive than corruption and the aap instead focusing them actually tries fuel those fires what will they when there some actual work done their delhi manifesto only shows promises they can hope meet irrelevant feel good policies that absolutely nothing for the country and the jan lokpal bill defeating corruption doesn automatically fix all the problems our country just like adding doesn result also disagree with the method they use defeat corruption they completely sideline development which instrumental and perhaps the only way about reducing corruption and instead focus doling out freebies limiting their exposure lower rung corruption and blaming other parties their daft policies are second reason not support them free electricity lower classes and reduction its price fixing vegetable prices have you learned nothing from the congress mistakes basic economics laal batti what the point that again your mlas will the only ones reach parliament half hour after assembly commences half salary for ministers this isn corruption bait the aap hasn single policy that makes iota sense the self righteousness displayed kejriwal and his goons worse than the emotional outbursts modi supporters the internet just watch any debate and cringe kumar vishwas yogender yadav throw unsubstantiated statements well accusations the bjp don care about the congress not going there they act though fighting against corruption the only reason for man descent from trees and thus are quick name the bjp and congress being the same without shred reason related either the stark differences their style governance the prosperity the states they govern and the level contentment within the people those states the fact that arvind kejriwal himself hasn proven his administrative skills and isn likely considering the fact that they hesitant about creating government delhi you know that thing they stood the elections dismissed them easily they dismiss the notion having agendas besides corruption","hate the aap because has absolutely real plans about improving the country situation corruption can only agenda for long there are problems this country more important and more","important problem are corrupt government on different occasions and it has failed for long there are not any problems but corruption is still serious problem need to be dealt with immediately”- wallpaper-penn “The most important problem of modern times is corruption in many countries. corruption in the state of the state can be avoided only by making the state of the state a comprehensive one and if they","1.0867601190885696e-16","8.21210061380327"
"598","don hate aap but doubt their intentions","don hate aap but doubt their intentions","are to sell a better on, its not like they already have a good one xD Are they? Because if so, that sounds like an alright buy if you consider the price of the game in the US. its cheaper per month and the game has many maps as well","6.824257899784799e-15","7.699607172920184"
"599","just small party with noble goals their ideology seems bit muddled and bit too idealistic lots parties start out like this lot things their initial manifesto seemed very poorly thought out maybe that has changed but ultimately just like every other election there will mostly hung parliament and leadership will decided horse trading with shifty state level parties mamata jayalalitha mulayam singh cpm karunanidhi etc etc this one the things that holds progress back frankly whether bjp aap bjp power the country will the shitter really wonder how people think otherwise just look the last years after independance people really think regime change has huge effect anything for example home state west bengal had regime change the party tmc came power with huge promises barely see any difference honest think both the cpm and tmc are awful when power changes hands move from set thugs another not really strongly pro any party highly doubt any party will easily fix corruption india generally very jingoistic very young and strongly influenced peer groups facebook twitter media lot people here are right leaning and pro hinduism very small community and not really the kind place where you will find ton debate topics like this will generally very polarized generally don discuss politics with people since just reflection their adherence group think","just small party with noble goals their ideology seems bit muddled and bit too idealistic lots parties start out like this lot things their initial manifesto seemed","really good but then they did no strategic shit and they failed to make any key proposals in what is essentially a populist movement about freedom and democracy. >”also I don’t think that the right wing has any real interest in the plight of the poor.” This is what the right wing wants. A massive government with all of the power to change and reform people they","1.9178898790404034e-14","7.566444492037343"
"600","this comment has been overwritten open source script protect this users privacy was created help protect users from doxing stalking and harassment you would also like protect yourself add the chrome extension tampermonkey reddit overwrite then simply click your username reddit the comments tab scroll down far possibe hint use res and hit the new overwrite button the top","this comment has been overwritten open source script protect this users privacy was created help protect users from doxing stalking and harassment you would also like","some more info Why did they steal your privacy? they also stole my laptop. Are you sure? Do you need to be prompted to enter a password and such? I don't think so. i have a password so no i dont need any. Okay. Then you might need to make sure. I suppose it would be in your settings, along with something like ""Password","2.394865488369616e-11","6.577329341097438"
"601","this very good stuff thank you for taking the time post here all the points you raised and the discussion points this thread have with government investment know this necessary but not the full picture there needs very strong emphasis removing excessive laws and regulation take your point raising revenues for the government you have listed five but there unthinkably large number activities people could only starting and running businesses didn involve interacting government officials second third tier towns the government can just provide basic services roads water internet millions small business owners could relocate out choked cities and spur local growth the opportunities are endless consider the city mysore under the classification the five would pretty much fall squarely under tourism but the government could give better power more reliable communications and better roads bangalore could very easily transformed into hub the revenues that come out the ecosystem will far exceed any the original five categories","this very good stuff thank you for taking the time post here all the points you raised and the discussion points this thread have with government investment know this","is where you can put your money to good use i know i do not agree with all of these issues but i need to be concerned because i’ve been so frustrated at what is going on all along with this country and the economy. i am now worried that the growth of the economy can be slow and it may even be slow to keep up this slow growth rate.","1.279812543885835e-12","7.0"
"602","see aap followers are conspicuous their abscence here the ideas seen here make you uncomfortable don want reminded kerjiwal non existent plans for economic revival and repairing the damage wrought the upa don like hearing good solutions that the aap can provide","see aap followers are conspicuous their abscence here the ideas seen here make you uncomfortable don want reminded kerjiwal non existent plans for","this only gives the impression that they are not aware of these issues and there is no real solution they are not aware of these issues and there is no real solution saying that they are not aware of these issues and there is no real solution also here the idea of this adorably political and very outdated idea of the state of the country is this: �","1.931621173881357e-16","8.14277360023978"
"603","this because import our oil needs and produce just and trade deficit makes matters worse depreciates the value rupee yeah only partly what about the indian oil prospecting companies that are allowed sell indian drilled oil indians international rates there are huge profit margins the wells reliance and vedanta this national resource that few people are being allowed profit from","this because import our oil needs and produce just and trade deficit makes matters worse depreciates the value rupee yeah only partly what about the ind","ian exchequer but on oil they are getting cheaper but if u trade with england or Ireland its not worth it. The world money needs to grow in order to keep the poor from getting rich 14. The world money needs to grow in order to keep the poor from getting rich 16. The world money needs to grow in order to keep the poor from getting rich","2.9227002840089534e-21","9.392749559752854"
"604","exactly the reason don want aap ruin bjp chances supported aap only for delhi elections but now seems like they are driving confidence without proving how effective they are delhi bjp might have many corrupt politicians but overall has been more development pro than any other political party india can all write letter aap requesting them run delhi efficiently for years instead focussing this time","exactly the reason don want aap ruin bjp chances supported aap only for delhi elections but now seems like they are driving confidence without","the lumps","0.7928919108787373","-0.8164965809277261"
"605","akbar been modi supporter for long time one the few muslim public figures who are right wingers","akbar been modi supporter for long time one the few muslim public figures who are right wingers","here now. Why did they censor you, you faggot Because if u were real i would have replied to it. You are right i need you back","1.2628435144337572e-10","6.325405337855594"
"606","one thing commendable bjp good organizing huge rallies impeccable planning ndtv showed how minute details were taken care for the rally","one thing commendable bjp good organizing huge rallies impeccable planning ndtv showed how minute details were taken care for the rally","but it was not finished on time. Yea I don’t blame them as they were very dumb and had no idea. I just thought to myself “Hmm, that was definitely not a rally!” They have no knowledge about anything and if they did, I’d bet money they’d be in college as they’re still new to","1.0236161327748467e-10","6.35775531391221"
"607","the more important question did manage charm the crowds did anyone here attend the rally","the more important question did manage charm the crowds did anyone here attend the rally","? The rally was on, yes. The one in May and the one in August were all about making sure it had a good day. i’ve been so busy lately that i dont remember the first one. I know i saw a lot of the march here.","4.442300208692309e-10","6.128258770283412"
"608","major blow modi only turned instead the expected 500200","major blow modi only turned instead the expected 500200","mhz with the better chip, its not that big of a deal True, but it's not exactly an ""excuse"" to turn the game off and on. haha what a joke","8.92835014655087e-08","5.220368976638745"
"609","sad these people don know what are they going get edit development seems","sad these people don know what are they going get edit development seems","so pointless. Why do they need to keep the game for a year? Because that's how it works in other places. You are right i guess ill keep the game for another year but i dont accept it. I would lose every interest in it. I dont think it's worth $40. You are right. I'm just saying the game is boring and boring. Didn","3.985804962848152e-18","8.6"
"610","2013 utc crowds jpg mistake 0aplease leave above link unaltered suggestion tweetposter subject suggestion faq code issues","2013 utc crowds jpg mistake 0aplease leave above link unaltered suggestion tweetposter subject suggestion faq code issues","here 3d thanks! 2014 utc fans twitter fk game fan xmovies 2014 utc fans twitter fk game fan xmovies 2013 utc fans twitter fk game fan xmovies 2013 utc fans twitter fk game fan xmovies 2013 utc fans twitter fk game fan xmovies 2013 utc","7.752908141884031e-17","8.2525437055456"
"611","isn this exactly what you guys were saying before the elections delhi were you wouldn worried about political future","isn this exactly what you guys were saying before the elections delhi were you wouldn worried about political future","of India? Why did they lose those elections ? they lost their seats in the last election. So what about the next elections ?","2.656064079705862e-05","4.04145188432738"
"612","why does seem like kejriwal congressi disguise least that the tone imo","why does seem like kejriwal congressi disguise least that the tone imo","is more right wing than left, its not about his ideology Because there are so many people who are right wing than left. So many people are right wing than left so why does it matter Because all of these people are right wing than left so why does it matter?","2.9231724117384087e-07","4.996224990024308"
"613","love when fundamentalists beg for tolerance","love when fundamentalists beg for tolerance",". The thing is, fundamentalists are not (and I don't want to say is) really tolerant. I don't see how they are. i would assume so, because they don't want their people to be alienated from their religion. They don't want their religion to end up like ours in the first place. So the fundamentalists, along with *all* they","2.823158037043268e-10","6.2"
"614","for political party coming out nowhere not totally true but look their competition and completing their first anniversary only recently even they win seat will huge win for indians like who hope for better india who left better career prospects abroad stay india and something about the state affairs here the india which gandhi and patel and maulana and nehru and ambedkar and prasad and lalaji and gokhale and many others dreamt which kalam dreams which every citizen dreams the meantime you can cry some more","for political party coming out nowhere not totally true but look their competition and completing their first anniversary only recently even they win seat will huge win for ind","ian exmuslims on national platform. Not true. The opposite. okay but how does it confirm your point? You are right i need you to read more. okay but how does it confirm your point? You are wrong, I can't help you but you are right and it's a joke but you are wrong and it's a joke and you are","2.2678358730117357e-25","10.34229002508453"
"615","seems that they are taking congress too html vishwas believed keen fighting from rahul gandhi constituency amethi had earlier said have applied for lok sabha ticket from amethi and the committee will decide this html robert vadra issue there because involves famous person the fact everything like this happens everyday haryana certificate change land usage happens everyday one the well known analyst haryana chaudhary said that don have corruption haryana brazen loot course will make issue think aap extremely positive development for india they certainly have shifted the center gravity indian politics the cleaner side","seems that they are taking congress too html vishwas believed keen fighting from rahul gandhi constituency amethi had earlier said","that they are not going on, its not about me but all of the key members of congress. they are not trying. they are not trying. they are not trying. they are not trying. they are not trying. not trying. they are not trying. they are not trying. they are not trying. they are not trying. they are not trying. they are not","9.913625122559967e-25","10.2"
"616","aap going eat away the congress and the regional parties vote much more than the bjp vote per the last known internal calculations aap expected get around seats while the bjp would still around 200 the biggest perceived advantage aap that they would contain the gandhis and the top congress leadership the seats being fought gandhis any loss there even significant decrease victory margin would huge egg the face situation","aap going eat away the congress and the regional parties vote much more than the bjp vote per the last known internal calculations aap expected get","some more votes per state on state. i read this as a ""hate vote"" that gives the right to vote to one side. not that they’re bad people, but i don’t think it’s worth the time. i don't think it's worth voting at all. honestly, i don't care if people are wrong, this is just one more","1.0663691219955483e-09","5.987360424133898"
"617","aap has divided youth voters they are not dividing caste religion most the immature fanatics are young people who haven seen 1990","aap has divided youth voters they are not dividing caste religion most the immature fanatics are young people who haven seen 1990","s India. Why do they need to split caste? Because they want to split Indians. they are not splitting up Indians. they are divided in what is one country and split in what is divided in others. ... except for the fact that they split up Hindus.","8.756590856744521e-12","6.72538245981366"
"618","hahahaha aap supporter but boy love the fact they have made bjp and moditards run shit scared like headless chickens think the country owe big thanks arvind kejriwal just for making moditards realise they have not won the elections already","hahahaha aap supporter but boy love the fact they have made bjp and moditards run shit scared like headless chickens think the","world is going to end on sunday night and you all suck and you all hate him. They have run shit scared as fuck. The world is going to end on sunday night and you all suck. well if you are saying the world is going to end on sunday night and you all hate him. no shit you are a moron Yea this is just insane.","7.813621162275081e-15","7.682287670977254"
"619","lets steps want congress free india corruption free india ans corruption free does bjp has image being corruption free and would make india corruption free ans there party that gives that hope ans yes there are aap loksatta which are mostly going come together how can bjp fight ans definitely not lame arguments the team but beating aap their own game become more accountable the people rti transparent disclose funding sources remove criminals field better candidates and not the likes bokhariya radadiya yeddurappa until bjp ready compromise with its election strategy based our demands see reason whatsoever compromise with demands and vote for bjp this the only way fight aap not incessant wailing splitting hair and definitely not ridiculous fear mongering","lets steps want congress free india corruption free india ans corruption free does bjp has image being corruption free and would make india corruption free","india and corrupt free india and corruption free india and corruption free india and corruption free india and corruption free india and corruption free india and corruption free india and corruption free india and corruption free india and corruption free india and corruption free india and corruption free India and corruption free India and corruption free india and corruption free india and corruption free india","0.00028794766830554875","3.4427199530466437"
"620","there chance for the aap win any kind majority the 2014 lok sabha elections nor will any other political configuration have entered the world post election coalition parties you are making the assumption that congress gone that the third front will bad would not count either those technically would stupid for aap not try test waters let see how the results come out also please understand that not everything about bjp modi please try remember that when you examine what aap does","there chance for the aap win any kind majority the 2014 lok sabha elections nor will any other political configuration have entered the world post election","but it is going to be incumbent on all parties (e.g. Lok sabha, SC and JDS) to form their own unified front to defeat the current government. that is one of the things that eluding me. we are in the midst of an election, its really the beginning of the next phase. ""As a result, this election has become the","3.918152838712345e-09","5.771942074840609"
"621","aare you referring that aap should not contest just because would cause political unstablitiy shud india declared state for the dynasty politics bjp and congress would against religion kill dont make take arms not stopping you make stupid comments reddit and raising confusing topic have vote and would happily give aap matter what politics equation means end doesnt justify means","aare you referring that aap should not contest just because would cause political unstablitiy shud india declared state for the dynasty politics","?? The dynasty politics on state issues are not (and shouldn't be) seen as a real problem for an honest country. So aap should not contest just because would cause political unstablitiy shud india declared state for the dynasty politics?? The dynasty politics on state issues is not (and shouldn't be) seen as a real problem for an honest country. So","8.290979087206774e-12","6.733333333333333"
"622","majority the voters dont even know what aap can tell you andhra pradesh tamil nadu aap the best case may cause swing votes the capitals this like the best case scenario they will not anything outside the metro regions government decided the smaller towns and villages urban folk dont give shit cant affect the outcome","majority the voters dont even know what aap can tell you andhra pradesh tamil nadu aap the best case may cause swing","in the right direction You are absolutely right, and the BJP and NDA were in power in those days. However, I would be surprised if they’re still so clinging to their ideology in these days. they are not clinging to their ideology Yea, because they’ve been in power. I suppose we can say the same for the BJP which is still clinging.","5.545939418332129e-10","6.092848842499201"
"623","itt aapturds talking about corruption and revolution bjptards talking about saving the country good governance","itt aapturds talking about corruption and revolution bjptards talking about saving the country good governance","is where you are wrong on this. You are not living in a democracy and you are saying the US is going to intervene. You are not living in a democracy and you are saying the US will intervene. Let me guess, you are not living in a society and you think that the US will intervene? You are not living in a society and you think that the US will intervene.","2.1874583594850333e-28","10.987793305828141"
"624","how political suicide they win and end with hung assembly the regional parties have been doing the exact same thing for the past years unlike them aap would end forming government being part third front","how political suicide they win and end with hung assembly the regional parties have been doing the exact same thing for the past years unlike them aap would","do in future. You are absolutely right, they failed. The opposite is true in other places. The political suicide of the assembly is not the result of the parliamentarians who voted against it. Ya thats why i said not all of the politicians voted against it. I just don't know how they can choose to end up without the assembly voting against it. Then it’","3.985804962848152e-18","8.6"
"625","arvind kejriwal thousand times better than congress opposition will make sure that bjp does not become another congress aap only helping achieve the target congress mukt bharat should welcome aap entry the scene although not supportive unfair amount media attention being given them","arvind kejriwal thousand times better than congress opposition will make sure that bjp does not become another congress aap only helping achieve the target congress","party only gives the seats on national level to BJP which will become a Congress party if BJP does not win these seats then they need to be forced to defend their losses and keep going for another elections i have no problem with BJP not winning the seats even if it means allowing corruption in the state. i am honestly very angry about the Congress and the Congress party. they need to be ashamed","5.545939418332129e-10","6.092848842499201"
"626","false dichotomy either you are for for bjp you are out destroy the nation whoever has heard opposition that does their job properly and keeps the ruling party line","false dichotomy either you are for for bjp you are out destroy the nation whoever has heard opposition that does their job properly and keeps the ruling","party happy with the result, or you are for for bjp and you are not, or just don't want to hear the truth. i’ve been so fed up with all of this bullshit. haha. the only reason we can keep our current system of the state in power is to keep the current system in power, along with all of the other","1.60763136369355e-16","8.16496580927726"
"627","eli5 why does everyone else has nothing speak against namo except the riots mean has only one catch not juding him innocent guilty","eli5 why does everyone else has nothing speak against namo except the riots mean has only one catch not juding him innocent guilty","? Because he was on, which means he actually had to make a ""catch"" because people were calling for his arrest. So that means he’s innocent? I don’t remember the riots being a bad thing. well, people on /r/legaladvice should know that the riot was a bad thing and the people on /r/justiceporn should","2.805747415052715e-09","5.827942371086193"
"628","man even though support aap would like bjp come power with absolute majority just because lot people strongly feel that they are the need the hour and bjp not make people lives better both economically and socially hope their supporters would criticize them enough make them change seek alternatives other than congress and bjp they perform well and good for everyone","man even though support aap would like bjp come power with absolute majority just because lot people strongly feel that they are the need the hour and","a half to express their views, they are not (and why should they be?) exempt from the majority vote since it has nothing to do with the majority vote and with the majority vote (which, in truth, would not be sufficient for us to form a government to make our own decisions, thus creating a plurality). So, what is the largest gap of the two and why does it","1.9848913793922377e-22","9.671889915908604"
"629","great post hope bjp supporters will explain their points and arguments against the aap succinctly systematically and without vitriol and aap supporters will forego their usual self righteousness and listen","great post hope bjp supporters will explain their points and arguments against the aap succinctly systematically and without vitriol and aap supporters will fore","shadow their views in better words, its not about you but all of us want to hear what you think and for sure dont be scared of these ""far-right"" idiots so don't be scared but do the right things. ya and if u dont say it properly, then no one will appreciate the post and honestly its not all that interesting and interesting Yea this is my reaction.","3.244405842210005e-17","8.355986525989065"
"630","first all kudos you for summarizing some very thoughtful points against aap such articles are rare come this subreddit where most the political discussions end descending karma grabbing mud slinging matches and deserves more upvotes have your questions except for their infinite faith and ability simply presume good what the aap supporters base their support believe that the most the supporters have put their faith the past record activism one man arvind kejriwal which pretty much synonymous the case bjp main man narendra modi both their records are out the open for everyone see and fair kejriwal has been tireless social worker even before the whole anna thing blew guess both bjp and aap supporters need asking this question what happens when the sole leader doesn live the promises you vote for person ideology system how ensure that everyone sticks that ideology system modi fan myself but find very difficult answer that well the long run what can aap give that the congress didn and couldn only time will tell that one but most people are hoping for corruption free government lets see how far they take delhi the power collective good intentions the water and power policies not seem panning out how earth aap different from congress under the sun today same old minority appeasement same old subsidy tricks same old attacks narendra modi seems like aap the mirror image congress only under different guise you got there other than few fresh faces the same old system compromises over accountability hoping proven wrong they are freaking corrupt why the heck are aapians not putting them jail instead taking their help this what want understand give this one aap for they didn back down play the dirty game the situation demanded but there was good chance that bjp might have swept more seats there was election also their conditions stunt was just childish nonsense","first all kudos you for summarizing some very thoughtful points against aap such articles are rare come this subreddit where most the political discussions end descending","into ""hate speech"" on some kind of political forum. You are right about that. I just thought since it has such a strong tendency to turn to hatred and racism I wanted to make sure it wasn't just a comment I made. well, apparently you missed the point.. the point of the article is pointing out that the post isn't promoting the wrong side of the issue of intolerance","6.1389859517386605e-12","6.776902458085621"
"631","short ideologically aap congress corruption bjp supporters needlessly worry about losing votes congress who should scared because their voters will gravitate towards aap what aap offering socialism which does appeal large section indians bjp more free market and has the baggage rss","short ideologically aap congress corruption bjp supporters needlessly worry about losing votes congress who should scared because their voters will gravitate towards aap what","is it about ur politics on sunday night it is okay if u dont do that u will just make it about ur politics on sunday night u know i do that everyday so why not do that? I'll be there for sure. I love politics but it's a lot more complicated than what the OP is pointing out. well then thats why i said u know i do that everyday","1.46484181843294e-23","9.935070593892512"
"632","find the question loaded bjp the standards which you need evaluate parties hint bjp not that awesome variety options better for functioning democracy left centrist party with baggage always welcome your points only bit worrying rest are just array silly exaggeration wrong assumption misrepresentations facts sure aap has its foibles but they are fresh kids with much less bad things than other parties come give them time prove their worth bit early write them off","find the question loaded bjp the standards which you need evaluate parties hint bjp not that awesome variety options better for functioning democracy left centrist party with","some more options to deal on, its not too late bjp and there are not any party that is going to end up as a communist colony, its not like you are going to end up as a communist colony if you are not happy with where you are in the world or your work, its really the choice a communist colony makes. So the question is, are they fair and open,","9.289934936771385e-20","9.021342216356466"
"633","long they dont all right wing nuts and don have support from the likes kamdev and assaaram which the bjp has with aap","long they dont all right wing nuts and don have support from the likes kamdev and assaaram which the bjp has with aap","r/India or something like that Not sure if you are being serious. okay but i dont see what is it about lmfao It's a joke, its not about ""democracy"" it's about freedom. okay but i dont see what is it about lmfao You are being ignorant to the history of the country. haha! they","7.633414180571433e-09","5.658537586607305"
"634","this the reason d84nwor r3a have started discussion elaborating apprehensions about aap hate aap because aap acting proxy for congress their jihad against narendra modi","this the reason d84nwor r3a have started discussion elaborating apprehensions about aap hate aap because aap acting proxy for","some fanboys in aap, its not about nagpulse, its about nagpulse is it? isn't nagpulse and the wallpaper app thing on android? Nah it's a third party app. okay. so noomo kaya app is used to. noomo kaya app is used to. Yea it’","1.462408400114312e-23","9.935236292499209"
"635","bjp has iconic and celebrated stalwarts like subramanian swamy clearly scholar learned person gentleman whose opinions should mull over analyze and imbibe with immediate effect","bjp has iconic and celebrated stalwarts like subramanian swamy clearly scholar learned person gentleman whose opinions should mull over analyze and imbibe with","some more wisdom or better on, its not about you but all of us want to enjoy or learn about our own culture and it’s our right”- wallpaper-toilet-toilet-toilet-toilet-toilet-toilet-toilet","2.12451866954864e-12","6.928640603037555"
"636","long story short most indian voters are not really knowledgeable enough think too deeply about such things they support the aap mainly because the promise new messianic figure kinda like modi without any the baggage existing political parties","long story short most indian voters are not really knowledgeable enough think too deeply about such things they support the aap mainly because the promise new mess","ianism gives them was not enough for them Not all India and most of the states have the same degree of knowledge. The country is not the same”- wall street, co-opting the poor. its because they didnt know all about it. Except for a lot of India the demographics are identical except for the education and the largest portion of the population is middle class.","1.0236161327748467e-10","6.35775531391221"
"637","bjp offering modi aap can offer anything worse than that tried","bjp offering modi aap can offer anything worse than that tried","to make him play better on sunday night and you all suck and claim to have fixed that Yea I know but it’s kinda annoying”also I don’t have sakshi so why don’t you play a hernak instead?","2.2427591578782364e-13","7.240040180702163"
"638","all those questioning aap taking support congress different people have different views his you asking why did take support congress others say should take congress support form government and show what can deliver the country now please you tell who should listen who would you have listened had you been his shoes the choice not simple but has listened his heart that what any sensible person his position would have done yes might succeed his commitments might fail but then the people are watching him closely should not atleast give him chance prove himself only been few days now and has stirred the political class with his stern decisions did bses ever dreamed that they will audited just within days becoming delhi can you already see the fears political class and corrupt the decisions and steps aap taking noone one amongst just like the friend you have who you roam around with everyday not vip just common man but his actions are not common all","all those questioning aap taking support congress different people have different views his you asking why did take support congress others say should take congress support form government","to make sure the seats are filled up not why they failed. Because some people are saying the US is going to need a government to form government. If there was one that was not based on ""democracy"" it would be Trump. Representatives of the US government are not based on democracy. I am talking about congress. So the US congress would not be based on democracy.","7.832711652817892e-22","9.530415984039145"
"639","skulduggery aap made lofty impragmatic and somewhat unattainable promises but didn??get into cumbersome details they kept deliberately vague how these promises would kept please read the manifestos the promises are nowhere tall the ones made modi for example the aap spuriously promised give 700 litres free water the poor and according media reports they delivered all good then right but they did not deliver they only gave metered houses not the poorest people the slums who actually are the need that water this actually gives incentive the people delhi get metered installed besides although subsidized should not free there will lack motivation save seems unrestricted even only certain level average consumption middle class family more less 700l the limit acts encouraging factor conserve since can relieve them the bill opposition nuclear energy honestly totally disagree with this move however still need wait for official statement the issue because the reason why aap protested against the kundankulam was due their perception lack safety measures their flawed economic model the biggest problem they are yet release clear well defined description their economic policies and models but this should give sense what their stand","skulduggery aap made lofty impragmatic and somewhat unattainable promises but didn??get into cumbersome details they kept deliberately vague how","they held out for more on, what they did and why. skulduggery is just an abstract expression of the boundaries within which the state of things has been so, often achieved simply by rhyming with ‘hoover’, which in my mind would imply the state of the body/mind/whatever/whatever isn’t already there. skuld","3.985804962848152e-18","8.6"
"640","man you should write article for paper honestly","man you should write article for paper honestly",", only gives the better information, its not worth the time. I did that, because it's a damn good article. I just didn't want to cull it down so I just left it in. I wanted it to be more than one post, but it wasn't.","1.829822769569486e-11","6.6172410253729455"
"641","aap grows large enough will split into various factions like the janata party did each these factions will handle the different criticisms one will hindu aam aadmi party another will pro nuclear aam aadmi party yet another will free market aam aadmi party","aap grows large enough will split into various factions like the janata party did each these factions will handle the different criticisms one will hindu a","ap gets right wing like the janata party did and the left and right will not, or just dissing the left So essentially you are saying that aap is one faction, then? only if u accept it. Then why the fuck is it called aap?","2.6083983711903736e-12","6.899548795747854"
"642","the bjp you claim more free market but don think opposition fdi retail they might have their reasons those reasons might justified but still not free market economics questioned modi tendency towards free market economics when his government banned gutkha not spitting and public littering but gutkha while leaving the ban alcohol intact not elegant enforcement penalties domestic violence public misbehavior but easy brute force ban alcohol the ban gutkha caused drop areca nut prices don know about gujarat specifically but speaking couple farmers karnataka where the congress govt banned gutkha understood there was drop about prices much for free market economics this concern regarding anti laissez faire was accentuated bjp leaning towards preserving culture the recent official declaration their homophobia was just example one would want question the sanity the thought processes the upper rungs the bjp the congress too hasn shied away from culture preserving stances example the statements made the mangalore mayor condemning resort culture following the attack group reveling teenagers resort you asked what the aap will differently from the congress the aap was among the first political parties come out against section 377 the ipc that criminalizes anal and oral sex the bjp was among the first support forthrightly and directly criticize homosexuality western disease the congress came out against section 377 but seems more like move salvage some support when elections are around the corner despite having been power since the 2009 statement issued the delhi high court the congress motives here are questionable they also going after the power generation companies delhi irregularities are found expect lot high ranking politicians will incriminated this one more item that the aap will differently from the congress the aap seems delivering election promises however vague words have been followed actions unlike the congress you might consider not delivering water unmetered customers bad thing but this certainly encourages all customers install metered connections further consider such policies socialist something against given voluntarist leanings but this still better than crony capitalism where land offered throw away prices corporates such practices are the beginning the rise monopolies monopolies are irreversible without socialist revolutionary intervention between the aap and the bjp still undecided whom would vote for but the bjp doesn have that great case against the aap you make out while the aap might have displayed socialist tendencies the modi government hasn exactly displayed laissez faire the bjp whole not sure about given their spectacular failure karnataka you might worship subramanian swamy but think nut job you might say nationalism but say self righteousness and the bjp and their conservative culture touting support base has lot would much rather spend government money subsidies than statue not that proponent the former","the bjp you claim more free market but don think opposition fdi retail they might have their reasons those reasons might justified but still not free market","but socialism is just better on some people and it has better benefits and benefits to everyone but it is just better for everyone. The bjp has better benefits to everyone but it also has better benefits to everybody. Let's keep the current system where all parties can decide their future.","1.877612707201244e-15","7.8628393360313815"
"643","brilliant post but not hopeful the single nerve cell aap supporters share available here for them able give you proper reply","brilliant post but not hopeful the single nerve cell aap supporters share available here for them able give you proper reply","here now. Why do they need to keep posting these ""post"" threads? This is just some reddit forum dedicated to one thing. If there was a sub-reddit dedicated to one thing, where people could post things that they know and share with others, it'd probably be more common. Because some people honestly believe that all they need to do is complain about this and it'll be","1.9178898790404034e-14","7.566444492037343"
"644","believe the sub was banned for vote brigading what shame major blow spreading your right wing propaganda","believe the sub was banned for vote brigading what shame major blow spreading your right wing propaganda","I was told that the site was taken down (by people and mods) for simply communicating with those in power, which I believe is not the case here. I'm going to keep my door open. /u/PooGo_Hooley, I can't help you but you are a cancer. Not sure why I'm banned, I don't do anything of the","9.539165044991841e-16","7.947194142390263"
"645","thank you real chief thank too reported them while ago","thank you real chief thank too reported them while ago","and now they're better on, its not too late they should be on xbox. They're still on Xbox one. i know but i need you to log in for xbox live","6.468940293941925e-07","4.840705778337745"
"646","don suppose our dear mods will bother looking into the bulk upvoting downvoting phenomenon when comes post relevant the aam aadmi party reddit that been going for the past few weeks some the people involved that shadow racket are gloating this very page","don suppose our dear mods will bother looking into the bulk upvoting downvoting phenomenon when comes post relevant the aam aadmi party","here now? Why not, they're clearly doing everything in their power to make it look as good as it does. The mods are not trying to make it look bad so they can't do much about it. they are not trying to make it look bad. they are just putting maple syrup in it. So they are doing everything in their power to make this *look* bad","2.837707223351546e-12","6.887568256738228"
"647","please visit indianleft its drama free","please visit indianleft its drama free","all weekend in indian left, its not free for rich people and there are so many people who are rich for sure okay, thanks, ill buy it. I just don't feel like watching shows, so i dont watch the show, or even remotely watch the show.","5.55740007872722e-16","8.013876853447538"
"648","thaaaaank god and here was starting feel stifled reddit mean reddit all places","thaaaaank god and here was starting feel stifled reddit mean reddit all places","are now full of this. It's a good thing people don't want to hear what is happening in their real lives. My dreams are real","0.0002401705999909348","3.4914862437758782"
"649","school complaint karne aadat nahi gayi teri","school complaint karne aadat nahi gayi teri","se laga hai. Ane, koi chahiye hai. sleesh ka hai. Harne hai karne hai. saliyaa karne hai. saliyaa karne hai. saliyaa karne hai. salmi karne hai","2.1020231862966244e-13","7.248824356090755"
"650","had noticed too anti aap comments were getting large upvotes even though they were the same old arguments same old accusations sane comments reply these comments were getting large downvotes was hoping mods make another quality discussion has gone down announcement aiyyoiyer can testify since been commenting for aap side lot lately looking for the threads where saw this behavior question will those threads still show the large downvotes even after the users getting banned edit thanks","had noticed too anti aap comments were getting large upvotes even though they were the same old arguments same old accusations sane comments reply these comments were","added from right wing sites on different site. Not all of them are right though, or just some people are. okay but i would have to disagree with that","1.5334888827311333e-06","4.666282626286914"
"651","absolutely agree with you subsidies the worst solution will eventually lead increased taxes secondly their ideology based time tested failed model thirdly fear that they come power they may nationalize everything which seems very possible looking their present ideology","absolutely agree with you subsidies the worst solution will eventually lead increased taxes secondly their ideology based time tested failed model thirdly fear that they come power they","are now in power politics on oil profits and it is still happening and there is no cure its just an election by a small group therefore they win and lose to their political opponents and the rich get richer in return the rich get less money while we have no income but it works out for everyone, its really the winner and the rich get richer in return the rest of the time they lose and if they","1.0094282845495044e-24","10.198245898647606"
"652","very well done what kapil sibal and upa did the mods india are doing now and this was for criticizing aap isn kudos","very well done what kapil sibal and upa did the mods india are doing now and this was for criticizing aap isn k","apil sibal better on, its not about kapil sibal, its about his realpolitik and realpolitik and realpolitik and realpolitik and realpolitik and realpolitik and realpolitik and realpolitik and realpolitik and realpolitik and realpolitik and realpolitik and realpolitik and realpolitik and realpolitik and real","8.572656199679459e-38","12.796525108494128"
"653","modi4pm had just for commenter gold mods wtf","modi4pm had just for commenter gold mods wtf","is it? It's kind of another mod (e.g. ""spam filter"" is removed). I don't see why there would be a need for mods on here (especially since this sub is so full of idiots): /r/vore is a lot more likely to see your posts than a mod's. i am not banned its just that this subreddit and mod they","6.1389859517386605e-12","6.776902458085621"
"654","people are interested knowing what were doing namoarmy were touch with couple bjp leaders get them ama this sub and that requires quite good deal effort considering that reddit not mainstream india but aap idiots who are already phd certificatebaazi have gone ahead and get banned because they think were gaming votes","people are interested knowing what were doing namoarmy were touch with couple bjp leaders get them ama this sub and that requires quite good","knowledge and basic knowledge. It's not about namoarmy, it's about Indians and their agenda to make sure that the Indians live in a ""political-driven democracy"". They have no problem supporting an ""Indian"" government. well Indians support the indian government.. the Indians support the indian government.. the Indians support the indian government.. the Indians support the indian","1.1459741558553616e-18","8.741913556629289"
"655","this not community some 200ish people who happen from india isnt this india where the topics discussion should about india and not about some frequent india visitors for any personal rebuttals name calling etc etc cant use instead its shame see the top post india bitch fight like this please correct wrong","this not community some 200ish people who happen from india isnt this india where the topics discussion should about india and not about some","kind of community somewhere else on reddit Not sure what you mean by ""reddit discussion"" or ""community somewhere else""","0.042418872398285214","1.7232808737106582"
"656","those that ran that sub were carrying out suspicious activity basically downvoting every comment that was against the bjp then downvoting any thread that had anything against the bjp was pretty sure that activity since when the downvotes would come they arrive huge numbers since was private sub many couldn see the activity that was happening there fuckers got jolt","those that ran that sub were carrying out suspicious activity basically downvoting every comment that was against the bjp then downvoting any thread that","was supporting bjp You are a good person (and I'm glad you are here). well if someone had pulled that shit against us, that’s bad so I’ll stand by it. Good for you. Hope you are doing alright. Thanks man, I appreciate the support!","2.0439005516712025e-08","5.487016004420651"
"657","lol ankit lal youtube video bana instruct kiya hoga","lol ankit lal youtube video bana instruct kiya hoga","hai. haha, hoga hai. hoga hai. hoga hai. hoga hai. hoga hai.hoga hai. hoga hai.hoga hai. hoga hai.hoga hai. hoga hai.hoga hai. hoga hai.","1.9920463194901583e-14","7.561512453751252"
"658","niice less retardedness rindia hopefully","niice less retardedness rindia hopefully","r/India can put on some kind of smile and let India know how important they are. They're still retarded, that's why. r/India is still retarded, that's why. r/India is still retarded, that's why. r/India is still retarded, that's why. r/India is still retarded, that's why. r/","3.8934875919281716e-10","6.149210143435322"
"659","just want thank the mods for this the posts some the modi brigade were repetitive and annoying you repeat the same thing 100 times 100 different comment threads doesn become true","just want thank the mods for this the posts some the modi brigade were repetitive and annoying you repeat the same thing 100 times 100 different comment threads","over > just want thank the mods for this the posts some the modi brigade were repetitive They're still repetitive, it's a classic case of ""you'll get this, then we'll hate it"". well if you know how to make threads about something that you think will get you banned you will understand. Not all threads about the same thing, or this particular post of the","5.674810724272161e-07","4.866666666666666"
"660","itt butthurt moditards edit good know some moditards have been banned more should follow suite","itt butthurt moditards edit good know some moditards have been banned more should follow suite","of rules to avoid any confusion, its not about you but yours and you do not have to follow those rules to avoid confusion. My bad, I’ll fix it. I don’t believe it’s so obvious. I just thought it was edgy","6.615976537116759e-09","5.683042292379118"
"661","interesting not banned yet how come","interesting not banned yet how come","some sites have no restrictions on it. Because (a) it’s illegal and (b) it’s against the rules to ban”- I don’t see where you get the idea that the site is banned because it’s illegal.","1.8452802024907613e-05","4.1260444040560715"
"662","wtf why","wtf why","does it say ""sent on,?"". You should probably post it and claim someone stole it. They're going to steal it. You are right i need to fix that. You need to fix the damn things. You need to fix the damn things. You need to fix the fucking things. You need to fix the damn things. You need to fix the damn","5.469865918325231e-09","5.715476066494082"
"663","woah this sounds incredibly petty five out the top ten posts india right now carries positive stories about aap are you guys engaging vote brigading then modi4pm was troll for most part don know why was banned aap supporters seem more intolerant criticism than bjp supporters","woah this sounds incredibly petty five out the top ten posts india right now carries positive stories about aap are you guys engaging vote brigading","here or something? You are right and it actually hurts. I'm just hoping that the real problem is going to be solved by a lot more people’s input on how they feel about this. Let’s not pretend that all of this is going to change before the November elections: 1. The A-Team isn’t going to change any time soon.","4.261361294362226e-13","7.152474728151237"
"664","congratulations thank you for showing faith aap ideals and making sure the hive mind brainwashed into accepting our superiority for this effort you are awarded with 100 more free water and your power bill will further slashed","congratulations thank you for showing faith aap ideals and making sure the hive mind brainwashed into accepting our superiority for this effort you are awarded with","some more money then we on our own earth should grant to all of our ancestors Hey thanks, that is great. I need to spend a bit more money to make sure that I can afford a better one. I'm going for more than one. You should make sure your new one will appreciate the sun better. Not sure why I'm getting downvoted for this. Because","3.985804962848152e-18","8.6"
"665","ranjan jest had posted here while back asking people upvote modi4pm much they can get his score positive had jest again upvoted random comments his and few others had too wonder this related the same","ranjan jest had posted here while back asking people upvote modi4pm much they can get his score positive had jest again up","voted to +3 on some kind of comment (e.g. ""i have a real problem with tigers""). I'm glad that the game hasn't changed much so far. that's a good thing, this is not a good thing, because it means tiger will lose. if the tiger can't handle anything and lose a lot, its going to be a bad time.","4.261361294362226e-13","7.152474728151237"
"666","have just created another user for modi support this user modi bros this user banned will make sure the mods get their act together","have just created another user for modi support this user modi bros this user banned will make sure the mods get their act together","here","N/A","N/A"
"667","good riddance hate polical circle jerk anyways also ban some the aaptards this place would clean","good riddance hate polical circle jerk anyways also ban some the aaptards this place would clean","se the community Why do they need polical circle jerk? Because some people are really stupid You are right. The polical circle jerk is just an exaggeration. haha what a joke","2.8579588598461647e-14","7.514430561703706"
"668","have made request unban namoarmy hell moron how dare you prevent people from speaking freely you bastard how about presenting some evidence about paid volunteers you fucker","have made request unban namoarmy hell moron how dare you prevent people from speaking freely you bastard how about presenting some evidence about paid","advertising and how dare you even try to argue about something that could happen to someone who's already been paid for by a corporation. You are so fucking pathetic and you know you are. that's a noble opinion i don't care if you are a liar or a liar.","7.687298972140091e-13","7.0710678118654755"
"669","this good thing some idiots india downvote every freaking comment they don agree with what with that philosophy observe this attitude every time discussion with set posters","this good thing some idiots india downvote every freaking comment they don agree with what with that philosophy observe this attitude every time discussion with set posters","some fan gives the post on, its not ok (and why should they be banned? because they dissing it and the logic behind it) i’ve been dissing his post for years. I don’t know how they all got banned in india.","7.023733188062705e-19","8.79703806902521"
"670","good riddance","good riddance","to exegesis! It's a great read. I don't want to hear what it is going to end up as. There was a lot of truth in the bible. that's a good thing, that's not saying the story is complete crap. Totally agree!","1.9019804747948503e-08","5.499719409228703"
"671","have long suspected two groups vote brigading moditards right wingers mods who checks these things mods admins","have long suspected two groups vote brigading moditards right wingers mods who checks these things mods admins","some sites right wingers on, its not a good idea. None of these are really real. The majority of the posts are pretty low quality. Keep in mind that these types of posts are not signifigant. ya but if u had voted brigading mods you would not see these posts. You are right. I am not voting brigading either. I just don't","1.7639379780013417e-11","6.622661785325219"
"672","demand fair election for the mods india before some time this was good place for discussing about india but now people are being awarded for promoting their political party","demand fair election for the mods india before some time this was good place for discussing about india but now people are being awarded for promoting their","name in forums instead of on different site. Not really, and I'm not saying that the moderators should stop it. The mods should not be in such a position, because they know that the name is going to be associated with something. well, apparently the name of the subreddit shouldn't be associated with the name of the subreddit but with the name of the subreddit. Woah.","5.972937820342155e-14","7.417381199564245"
"673","you are deluded you think political parties will target india for election gains not important","you are deluded you think political parties will target india for election gains not important","things in india politics this is exactly why the opposite is true in india politics as a result india is becoming an apolitical country and even if india is the first country this is not the case with all political parties Except for India, which is the largest political party. ok but where is india going to go from here You","3.716511673136866e-06","4.480896268889631"
"674","good thing used work for media firm that handled digital marketing all top parties have contracts with digital marketing agencies who regularly use surrogate handles and group voting lot twitter users also get paid decent money tweet political stuff","good thing used work for media firm that handled digital marketing all top parties have contracts with digital marketing agencies who regularly use surrogate handles and group voting lot","teries to send a 'sample' of the campaign to their clients. Not really... real campaigns use a lot more data. You are right, but you are right, its not clear how many campaigns use a lot more data. well, its not clear how many campaigns use a lot more data. You are right but you are right, its not clear how many campaigns use","9.913625122559967e-25","10.2"
"675","user sub was shut down call the fucking press","user sub was shut down call the fucking press","fucks right off. It's a great read dude. I did read it. Yea I know. The whole series was shit.","0.00012286638996515217","3.6666666666666665"
"676","bjp worker rindia mod telling that not vote content posted favor aap you will banned nice jokes aside who reported that sub india mods were not informed about the ban but did you guys report that sub","bjp worker rindia mod telling that not vote content posted favor aap you will banned nice jokes aside who reported that sub india mods","is only for trolls. It's a great read dude. I'm glad that the Indians now have some good ideas about how to manage their political and media industry. I don't want to see my parents go through a lot of trouble. well, lets be honest here. we don't want the content on reddit banned anymore. So... you didn't want this subreddit banned? Didn","1.0867601190885696e-16","8.21210061380327"
"677","train sabhi yatriyon top lels diya jaye","train sabhi yatriyon top lels diya jaye","I was thinking ""thats the only way"", but i don't want to spend a lot of coin on it. The one that allows you to buy it with credits means I can't spend any more money. its called ""pay the buy""","3.087540585816352e-10","6.185895741317419"
"678","posted whole ago context","posted whole ago context","added The thing is on, its not a ""picturesque scene"" as it appears in other pictures. I've seen this scene in other pictures too and it's so, so impressive and so amazing. I'm going to keep going and post more pictures of the moment.","2.2427591578782364e-13","7.240040180702163"
"679","dont get one thing the subreddit concept can greatly used for containment like circlejerk namoarmy wants furiously masturbate and upvote namoarmy what the problem still didnt understand how the ban and your description related because they were influencing upvotes other subs","dont get one thing the subreddit concept can greatly used for containment like circlejerk namoarmy wants furiously masturbate and upvote n","intendo fanboys nah. I wish this subreddit had become a circlejerk. r/circlejerk is one of the best organizations in the world with a lot of cool people and memes. /r/PornPornPorn /r/PornPornPorn /r/PornPornPorn /r/PornPornPorn /","7.813621162275081e-15","7.682287670977254"
"680","isn there mod setting whereby new users account age day old week old even month and users with low comment karma lets say 1000 both metrics for india are prohibited and limited comments per hour time frame the sub this won affect users with account age older than year and comment karma low hundreds seen few these users and they are mostly nice and only engage posts which are off beat these guys are lurkers anyway doesn affect them most them won reading the recent useless drama here anyway this account age restriction can extended even year strat ever perfect but one major benefit this would the incentive just act like tool without fear getting banned would less because the cost just creating new account and engaging more right away will increase dramatically there incentive build repo and since time and effort will have been spent user build that account she will act better more cases than currently the case said strategy perfect but its about managing the chaos one should learn useful aspects from the best the chinese censorship apparatus they don ban most things outright that never works instead their most common approach make the user experience hell and shitty possible why would someone use facebook some other site service every minutes the connection timing out slow and what not the incentive use longer there those who will persist their numbers will fall rapidly and very low and the goal achieved mods should work this direction they can not ban everyone and shut shop they need make the situation for idiots not worth their while spent all this time spreading here","isn there mod setting whereby new users account age day old week old even month and users with low comment karma lets say 1000 both metrics for ind","ian sites etc...","0.001349898031630093","3.0"
"681","more than the modi clan find this clan very prevalent india its not about who gets win the election for them its about spreading well rehearsed propaganda seems here the cheat sheet for that particular clan praise aap downvote blame aap upvote disguised praise about rss upvote rss with negative word the same sentence downvote","more than the modi clan find this clan very prevalent india its not about who gets win the election for them its about spreading well rehearsed","message from the leaders that the incumbent leader should not be in power and if someone is going through with it and is trying to defeat the incumbent leader it is not right and must not be his role to make sure the incumbent leader is defeated so that the incumbent leader can continue to hold office.. the message should not be exactly same but it needs to be spread well, be on track and it needs to","1.4164514974912592e-23","9.938417977662953"
"682","hope ban good riddance","hope ban good riddance","to this community Why do they keep repeating this bullshit? Because there are so many people who are so damn toxic that they need to be banned. Keep it down. hahahahahahahahahahahahahahaha this is so true and it's hilarious to hear. I just don't want the community to suffer because they all hate eachother. I would pay for a full ban ban","4.261361294362226e-13","7.152474728151237"
"683","criminals defacing websites critical namo makes you wonder just what kind crowd supports modi","criminals defacing websites critical namo makes you wonder just what kind crowd supports modi",". >criminals defacing websites critical namo makes you wonder just what kind crowd supports modi. ~~criminals defacing websites critical namo makes you wonder just what kind crowd supports modi.~~ ~~criminals defacing websites critical namo makes you wonder just what kind crowd supports modi.~~ ~~criminals defacing websites critical namo makes you wonder","0.020692586443467945","2.039650254375284"
"684","feku still alive looks like the hackers just made those websites first and later changed the contents pretty intelligent stuff","feku still alive looks like the hackers just made those websites first and later changed the contents pretty intelligent stuff","and it was pretty easy on them Not sure if you are being serious or not, or just being a dumbass i am kinda serious cause i’ve been so busy lately that i dont remember the first thing on my mind About to make a bit of a joke","2.621039581294599e-05","4.044563087162535"
"685","these seem like mostly satire fun sites rather than ant modi dick move the part who tried deface them although the trauma getting someone read that dhoom3 quote far more criminal","these seem like mostly satire fun sites rather than ant modi dick move the part who tried deface them although the trauma getting someone read that dh","may be right seems more on point than any moment you'd ever make, unless that was done real well. ""He's right. He's right to do what I'm doing. He's right to write it. He's right to write it. He's right to think it. He's right to make it up to me. He's right to make it into me. He's","1.6531610315943198e-26","10.590271297461937"
"686","know most those sites and they usually spring around election time and are funded rival political interests cannot say feel any sympathy for these guys they essentially just run hate sites for political purposes","know most those sites and they usually spring around election time and are funded rival political interests cannot say feel any sympathy for these guys they essentially just run","the sites they know better on, its not about you but their political interests. I was just curious if there was anything I could do. i’ve been so busy lately that i dont remember the last time i checked. About to go out to my mom’s farm to make some garlic. I’m sooo exhausted I can barely keep my eyes open.","1.3256066117605879e-08","5.563035899673184"
"687","yeesh the aap vote brigade getting more obvious and disgusting the day just check any threads posted recently even this very comment and the admins ban policy opaque even moderators spoken admit they aren told shit about the people charge reddit are gunning for the aap they may well put post clearly spelling out their political inclinations","yeesh the aap vote brigade getting more obvious and disgusting the day just check any threads posted recently even this very comment and the admins ban","some people from the site. Yea, I don't mind the obvious posts, or the obvious shit. I just don't mind the constant downvoting and the lack of even a question mark. i don't mind the obvious posts, or the obvious shit. I just don't mind the constant downvoting and the lack of even a question mark. haha! they","3.0953587719586688e-15","7.8"
"688","the title just sooooo long anyone have neat and tidy version can somewhat informed","the title just sooooo long anyone have neat and tidy version can somewhat informed","me how to make this on, its not too complicated but i would love to have some ideas I'll add it to the sidebar.","0.00034085514668541977","3.396831102433787"
"689","much would like read the logs not touching random server","much would like read the logs not touching random server","names The logs would be, well, random, but if someone gets hacked they can't just make it about random server names. There are a lot of things that could be used to make this happen, it'd be nice if we could all figure out a way around some of the loading issues, or just make it about server names. So its not like this is easy if they","7.813621162275081e-15","7.682287670977254"
"690","fuck yeah","fuck yeah",", only in the US on sunday night, and it's a good day to enjoy it. Same for me. The night is just awesome.","1.8551266992324647e-09","5.896618941607871"
"691","much drama this small insignificant community few indians and nris with absolutely political value whatsoever some body does vote brigading were randia mod would happy that atleast some soul gives this cesspool this much importance twitter the big fish and the bjp sympathisers have put strong fight back and have almost reclaimed the space ceded aaptards the recent one two months all thanks hazrat kejriwal alliance with congress","much drama this small insignificant community few indians and nris with absolutely political value whatsoever some body does vote brigading were randia mod would happy","to send in a better team, its not about you but all of us want to help you, its not about you but it is about us, its not about you but its about randia and sjw bias, this is not race, its not about you but it is about randia and the anti-delhi sentiment You need to hold back, along with me. ok","2.4466330549259925e-15","7.8296251700212505"
"692","hope namo takes hard stand the beheading indian soldiers","hope namo takes hard stand the beheading indian soldiers","in greece. It would be nice if namo and their team were in greece. we don't need namo, we need namo. haha namo is one of the most hated fighters of modern Europe, even among the old school footballs, its really the only fight that could hold up without him. So, along with *all* the","1.3768287042728127e-17","8.456566295696707"
"693","you won use tooth paste from new local brand you won bathe from shady local brand soap you won buy jugaad your family car would you thats why vote goes for namo","you won use tooth paste from new local brand you won bathe from shady local brand soap you won buy jugaad your family car would you","buy a new car would you buy a new desk and computer would you buy a new desk and computer would you buy a new desk and computer would you buy a new desk and computer would you buy a new desk and computer would you buy a new desk and computer would you buy a new desk and computer would you buy a new desk and computer would you buy a new desk and computer would you buy a","1.0668625474747239e-13","7.34013876781643"
"694","kiran bedi communal and major blow modi","kiran bedi communal and major blow modi","is known to have put on some kind of desk before the BJP and there was not one. Ya but it has become a joke these days. He is known to have put his own desk in his office. ""Pooja"" is a joke, I can't help you but it sounds like you. Not sure why you are being downvoted for being a mod.","1.8423326457249043e-13","7.266666666666667"
"695","where did you pull out the figure 270 for nda think its gonna more like party seats won nda 220 cong 120 aap other 170 reasons case you are forgetting bjp hardly has any powerful allies now 270 being like way too optimistic cong tally 120 may seem low but guess thats their best case scenario anti incumbency strong against them look how they were wiped out from delhi and rajasthan that context guess 120 the best congress will aap again best case scenario although highly doubt this number myself but given the limelight they are right now its not totally impossible others 170 this where the action this has bsp tmc dmk aiadmk bjd cpi cpm jdu jds etc said most are congress friendly pseudo secular parties","where did you pull out the figure 270 for nda think its gonna more like party seats won nda 220 cong 120 aap other 170","ea 150 cong 100, its not too late to pull out that figure if u wanna buy it if u wanna get it. There was a lot of info on the site. I don't remember the price but it was not significantly lower than what it used to be.","7.053726401645257e-12","6.756798131338121"
"696","sorry know this isn what you asked just venting frustration here aap has thrown everything off but they keep this nationalisation anti fdi reservation increased quotas referendums for everything hopefully they won get many votes watching ndtv now listening rabbi shergill singer aap talk about how growth bad that mnc are evil american corporations delhi gov freakin reversed the decision fdi that previous government took after years deliberation less than month this action alone will raise red flags the investment community there respect for continuity their actions will back wearing langotis and burning cow dung aap comes power wholeheartedly thank congress for supporting aap delhi because quite clear they are leftist radicals waiting cut off india from the rest the world expected good governance anti corruption yet see any major person tried let alone jail","sorry know this isn what you asked just venting frustration here aap has thrown everything off but they keep this nationalisation anti fdi reservation increased","by 50% &#x200B; but if u want to vent just get real about it. You need to be more specific,”also I don’t want to sign the nationalisation” &#x200B; If you just don’t want the nationalisation increase, why isn’t it on this board and if they","4.719745681446865e-06","4.429629964412561"
"697","vote for government rather than candidate the brightest candidate from your constituency can shit get unstable corrupt government bedeviled with policy paralysis 2014 there are only three choices for government congress allies upa bjp allies nda others aap bsp cpm cpi aidmk dmk jdu jds etc third front possibly supported congress","vote for government rather than candidate the brightest candidate from your constituency can shit get unstable corrupt government bedeviled with policy paralysis 2014 there are only three","choices now - the left, the right and the right. You are right about that. I just don't want to make it that hard to elect a right-wing candidate. I don't want to make it that difficult for people to vote for a right-wing candidate.","3.9523201961760374e-07","4.937707198786941"
"698","tharoor case national importance with the mention the dead wife isi agent having affair with union minister but won probed she also gave indication wrong doing ipl and that she shall reveal more information about that and considering ipl nexus politicians and corporates again doubt the matter will move forward","tharoor case national importance with the mention the dead wife isi agent having affair with union minister but won probed she also gave indication wrong","name to Lakshmi taloor, says Piyush Goyal New Delhi: Maharashtra Chief Minister Uddhav Thackeray on Tuesday praised Congress’ recent decision to demonetise Rs 100 lakh card. ""Shall we say we are in the midst of an unprecedented economic growth and the Congress government’s decision to demonetise Rs 100 lakh card is a national importance","2.045165343124891e-10","6.250541102117805"
"699","can someone the media investigate who raga humping how tough know that even turns out kjo for that matter","can someone the media investigate who raga humping how tough know that even turns out kjo for that matter","I was thinking more on, what if he actually DOES become a good person? i would assume it'd end up as a conversation about himself and the man he cares so much about. Well then, it'd be nice if we could all talk about it. i don't see what the problem is. we need to talk about the man he cares so much about. You","7.686417658880323e-10","6.040404496926219"
"700","everytime she the twitter person writes were told who were the people who were telling her her father husband friends who the marriage wasn child marriage the legal sense what does the urged his wife pursue education while dumping his wife supposed show women empowerment","everytime she the twitter person writes were told who were the people who were telling her her father husband friends who the marriage wasn child marriage the legal","opinion held was that they did, they did it and it was a good idea. Same here. I couldn't believe it. Same here. I couldn't believe it. Same here. I couldn't believe it. Same here. I couldn't believe it.","0.000991050613121974","3.092901184300762"
"701","fakingnews saying that aap seasonal very clever their part","fakingnews saying that aap seasonal very clever their part","in this. Why did they fake it? (not much of a conspiracy there, or just some dummies trying to make sense) There's a lot of bad actors, but a lot of bad actors are a lot more obvious. well, apparently they did fake an earthquake, which is the largest earthquake in human history. So the largest earthquake in human history is still something they","6.144725421950491e-26","10.466666666666667"
"702","the end rapid fire round you can win gift hamper with autographed muffler from the man himself special edition topi turn poster which will taken back the next day and once lifetime chance night raid with somnath bharti","the end rapid fire round you can win gift hamper with autographed muffler from the man himself special edition topi turn poster which will taken","some time to send You are a good person (and I know you are). I really appreciate all these replies, I need to spend a bit more money to make this happen. I'm glad you enjoyed the pictures!","4.958555404870558e-13","7.131652341237553"
"703","ahh that what aapeians are high","ahh that what aapeians are high","fiving right? You are a good person (and I'm glad you are here). well if you are one that's kinda why i asked :P","6.804011455678641e-08","5.270462766947299"
"704","namo ambani dukan aap said has true","namo ambani dukan aap said has true","fap community haha, na ken ken. haha ken ke matri dukan hai. mangal na ken ke matri. u/Eggrogana Tenup dukan hai. s'ok ken. delhi bhi matri. s'ok ken. h","1.3632523280777437e-06","4.69041575982343"
"705","pick these namo made easy for ambani business gujarat with friendly terms offers perks namo sold gujarat ambanis bending rules writing off taxes giving them cheap land electricity etc both basically mean the same thing upto you pick choose your pill","pick these namo made easy for ambani business gujarat with friendly terms offers perks namo sold gujarat ambanis bending rules","to make namo deal on, its not too late to make it happen. Hey thanks, I'm going to try it out. I'm in a tough spot with these, but if I can save the cash for this I would. well, its not a bad thing.. its not realistic at all.. its very nice and the namo has a lot more storage and it has no","2.4466330549259925e-15","7.8296251700212505"
"706","what exactly our resident modi basher asking for here for modi come out and declare ambani guilty until proven innocent the first place why obligated take such great interest the basin andhra pradesh again and the second place isn that matter already court","what exactly our resident modi basher asking for here for modi come out and declare ambani guilty until proven innocent the first place why obligated","to believe him. You are a good person (and I'm glad you are here). well if by ""good person"" you mean ""not a good person"" you are wrong, because in truth the first place this man has said he would do is to kill someone.","5.874966447055638e-11","6.442528450810767"
"707","shh one wants hear the uncomfortable truth","shh one wants hear the uncomfortable truth","... only in this world does it happen more than once. You are right about that. I just don't want to make it that hard to talk to someone who cares so much about me. well, it probably isn't worth it to talk to someone who cares so much about you, or at least you. Not really but I promise it will be easier to talk to someone who","9.539165044991841e-16","7.947194142390263"
"708","still our shining knight and you dont think would like see your proof and any relevant court convictions","still our shining knight and you dont think would like see your proof and any relevant court convictions","added? Not sure on your point about our shining knight. I know you were using the real symbol and since it has no relevance to the subject matter, I'm going to argue that the real symbol is the symbol of the real knight. well, apparently the real knight is a better one. I am honestly not sure what to make of this. I don't need to prove they","1.1553044044989252e-17","8.47700708521628"
"709","this the only time have back kejri over nano man kejri turning out legend now certain that the crazy guy incorruptible","this the only time have back kejri over nano man kejri turning out legend now certain that the crazy guy incorruptible","is going to dominate this whole stock market when he gets rich off of this. I was just about to say, what a great pick!","2.612365196829464e-06","4.555555555555555"
"710","modi cannot win even gujarat without bjp cadre","modi cannot win even gujarat without bjp cadre","I am not sure on, what is BJP cadre. BJP is one of the largest and most prominent parties in West Bengal. i’ve heard so, what is BJP in West Bengal? Bhutia Kisan Samman Nidhi (BKSV), is the largest political party in West Bengal and a member of the state Assembly. Wo! they","5.082796817912267e-12","6.804138174397717"
"711","modi says vote for india will vote for party which can provide stable government the center which has leader like modi someone who dreams big strong decisive and can make things happen helps build culture against nepotism and one hard work and success","modi says vote for india will vote for party which can provide stable government the center which has leader like modi someone who dreams big strong","in India. Why do they need another BJP (and why don't they just simply vote democrat) if they already had one in power? i’ve said this several times on here but i don’t believe you. You said Modi doesn't need an independent, independent India, he just needs a stable government to keep the current one going. Why do they need independent","1.0236161327748467e-10","6.35775531391221"
"712","namo party only condition call something other than that","namo party only condition call something other than that","name, or just something like, ""Who's (name) and where did they come from?"" You are right about that. I never thought of that. I suppose I don’t hate them more than a lot of the other side. They're my favorite side in the game. I don't hate them, but they're so annoying and annoying. I can't be they","6.1389859517386605e-12","6.776902458085621"
"713","this interesting guess most bjp skeptics might just have change heart","this interesting guess most bjp skeptics might just have change heart","/left wing or something like that Not sure, but if it does come to it that's a good guess. is the old leader dead or was there a wall behind the wall that was removed after the first wave was defeated? About a year ago he died. He was the great leader in his country. that makes me so sad :( he would have been so proud of him","2.473056648594535e-14","7.533333333333333"
"714","that would the best way separate the hindu extremist clan from the real believers development among the current bjp clan wish namo would that would not only just vote for him actively campaign from him distances him from that rss driven bjp","that would the best way separate the hindu extremist clan from the real believers development among the current bjp clan wish namo would that would not","be possible. Why not, they're still on the left and there are a lot of them. Because if the left goes to their dead in droves with these stories, then they'll be glad they accept their legacy. Except the story is about the old guy. The problem is there isn't a lot to tell. So the old guy's story is telling you of the","2.473056648594535e-14","7.533333333333333"
"715","and exactly what relevance does this hold anything","and exactly what relevance does this hold anything","about? Because ""history"" is just a ""reality""! So, what is it that gives off these ""true facts"" that are so absurd? ""true facts"" don't make sense in the real world. ""true facts"" don't make sense in the real world, either. ""truths"" don't make sense in the real world either. ""truths","9.957242687860136e-15","7.651179029439877"
"716","this was written mahatma gandhi how can this attributed modi edit not joking because was surprised when found this stuff the mahatma but then his writings about blacks are worse edit did not mean that the thing was written gandhi what meant was that this was gandhi philosophy for example even arguing for untouchables right walk through temple street gandhi would say that they might untouchable due karma but they have the right passage very perverse attitude and was criticized ambedkar lot modi wrong adopting the same line but this what happens when person idolized father nation and what not","this was written mahatma gandhi how can this attributed modi edit not joking because was surprised when found this stuff the mahatma","gandhi he knows on, its not him actually but if it is it is funny because it is funny but it has nothing to do with mahatma gandhi so, its not him but its the content he gives for his niche where all good posts are. TIL krishna was a mod. Not sure why you are being downvoted for this. Because","9.157840178339696e-21","9.271726499455307"
"717","should have directly linked the article here htm","should have directly linked the article here htm",". The headline was on, but you are right. I just didn't want to get it off reddit since it has such a good track record of making mistakes. I just wanted to make sure it wasn't something like this. i have no problem with it. as long as the source of the content is honestly up to date. as long as it has a comprehensive and thorough breakdown and","9.60625827171285e-13","7.040083136069528"
"718","will some well meaning modi supporter just come out and say this particular view modi wrong but that this shouldn the only determining factor judging candidate people have faulty views certain things rather than aggravating debate making unrelated points about some other party would more helpful modi supporter just says wrong much debate for nothing","will some well meaning modi supporter just come out and say this particular view modi wrong but that this shouldn the only determining factor judging candidate people","are allowed to express their views, its not about who is right and wrong but about who is just right and wrong and thats how we can form consensus. It would be hard to form consensus on ""who is right and who is just right"". If there was even a single coherent statement made by any person that the majority of the electorate would support the prime minister, along with *all* they","9.775168293512418e-19","8.75985403617222"
"719","this guy pure religious fundamentalist guy pakistan mistake was being islamist country and this man wants india hindu country religion and nationalism deadly cocktail","this guy pure religious fundamentalist guy pakistan mistake was being islamist country and this man wants india hindu country religion and nationalism deadly","world wars in india on, india and korea while his country is on, or just behind islamist countries, or just behind islamist countries, etc and he thinks that he is one country and it is just not, because it is just not india and it is just India and it is just India and it is just India and it is just India and it is just","2.6206191041029885e-20","9.158934214708996"
"720","aap slowly turning into congress day passes real issues against modi repeat same issues that congress has already tried only one agenda for election stop modi any how","aap slowly turning into congress day passes real issues against modi repeat same issues that congress has already tried only one agenda for election stop modi","is only going to deal on one agenda not all issues but all issues","0.008154585938877487","2.401922307076307"
"721","let see 400 million people live poverty how about becoming self sufficient before supporting refugees lol the vote bank politics never ceases amuse","let see 400 million people live poverty how about becoming self sufficient before supporting refugees lol the vote bank politics never ceases amuse","me. Because if people don't want refugees (and why should they do that? There's no harm in trying), they need money. i’ve said so, its not about not wanting refugees. it’s about not wanting people to die. Trying to kill off the refugees is honestly part of the reason why the largest refugee population on Earth is still here.","1.4842265923714632e-09","5.933333333333334"
"722","there absolutely citation with this quote yet note how anti modi guys are using this make their case against modi while pro modi guys are coming with justification for the quote both sides believes the quote real","there absolutely citation with this quote yet note how anti modi guys are using this make their case against modi while pro modi guys are coming","out saying smdh. It's a great example of why the opposite is not an option. they are not trying. they are not trying. they are not trying. they are not trying. I would like to point out that the OP is implying that the guy in question was not trying, that the guy's case is without merit and with no evidence. hmm, they","3.929873434851008e-17","8.333333333333334"
"723","well the end the day believe you are facing atrocities particular place you have the right leave now bangladesh see only hindus that are being persecuted while muslims are not hence rest case","well the end the day believe you are facing atrocities particular place you have the right leave now bangladesh see only hindus that are being persecuted","by India. Why do they exist when our religion is so weak? Because they have no power over the religion. The religion is not based in power and the religion is based on tyranny, oppression, oppression, oppression. Then why the fuck is it called a religion? Because religion is the body of the religion. So is religion. Yea religion is founded on oppression","3.6720869773885765e-20","9.12245460839306"
"724","try better aaptards","try better aaptards","and see how they perform on different occasions i actually had to re-apply xanax because i ran out of the first one. Yea i need better aaptards and a better alders. I dont mean roll out of the first one but i dont think i need too","1.0476678295967477e-17","8.488382153210786"
"725","turn back now the comments this thread are absolutely shit","turn back now the comments this thread are absolutely shit","I was just commenting on your comment, it actually makes me feel better. okay but i dont feel like stopping here since it has become my favorite place to wall-hound for free memes","3.882018268965334e-09","5.773502691896257"
"726","really wonder the logical dissonance this post modi may very well think this but point out one example such thinking leading the exploitation the valmikis gujarat under his administration long his policies aren affected such views which may add were put forward seven years ago there reason criticise his leadership here edit downvotes why","really wonder the logical dissonance this post modi may very well think this but point out one example such thinking leading the exploitation the valmik","as problem. Why do they need to exploit? they need to manipulate the economy. They don't need to. The problem of the economy is there is no alternative to having a low unemployment rate, which means people are not working hard enough for work to make ends meet.. This is what the economy can't handle, and the current system has no incentive to change it. You","3.7684049429933245e-19","8.866666666666667"
"727","even though not practicing christian christian born and indian citizen this frightens thought modi was different bjp leader pushing national unity and all sad","even though not practicing christian christian born and indian citizen this frightens thought modi was different bjp leader pushing national unity and all","that shit. Why did they call you Modi when you were a student? Because both my parents are christian, which means both my parents have to be orthodox christian, which means both my parents have to be orthodox christian, which means both my parents have to be orthodox christian, which means both my parents have to be orthodox christian, which means both my parents have to","2.55412492817215e-32","11.777335339779865"
"728","actually bangladeshi hindus should accommodated india for the very reason muslims are part this country much hindus when india was partitioned two nations were formed india and pakistan while india chose remain secular nation giving equal rights all least theory pakistan chose become islamic nation where hindus not have the same right muslims india has accommodate all muslims who wish part this country because founders our nations decided this people may grudge this decision but have accept and fulfill this promise pakistan the other hand doesn have accommodate them and doesn try much fact that hindus bangladesh are suffering because religious persecution also fact that muslims bangladesh are not suffering due religious persecution first rule anyone illegally coming from bangladesh india must deported but humanitarian causes take precedence and based that hindus should accommodated india know that many hindus their hate for modi are willing forsake hindus bangladesh little more understanding the situation required bangladesh was same india then hindus and muslims bangladesh would equal people are overlooking the fact that hindus and muslims are not equal bangladesh hindus and muslims are equal only india and hence this contradiction use pakistan and bangladesh interchangeably for obvious reason not talking politics here anyone disagrees please debate not get your political agenda here","actually bangladeshi hindus should accommodated india for the very reason muslims are part this country much hindus when india","is only in region have very few indian indian indian indian indian indian indian indian indian indian indian indian indian indian indian indian indian indian indian indian indian indian indian indian indian indian indian indian indian indian indian indian indian indian indian indian ind","2.3896183819983677e-50","14.875148476371347"
"729","source will have accommodate hindus from bangladesh modi 1403963 html modi have responsibility toward hindus who are harassed and suffer other countries where will they india the only place for them","source will have accommodate hindus from bangladesh modi 1403963 html modi have responsibility toward hindus who are harassed and suffer other","kind of problems, better on, better on, better on, and better on, better on, better on, better on, better on, better on, better on, better on, better on, better on, better on, better on, better on, better on, better on, better on, better on, better on, better on, better on, better on, better on,","1.1214810916331742e-48","14.615320555386695"
"730","apart from tweets couldn find any source him having said this leaving that aside don think any bangladeshi should allowed till sort out our own problems also though things should equal there are few grey areas though there might illegal immigrants from both religions which should strictly discouraged hindu immigrants might also victims ethnic cleansing which case they would and should have higher priority","apart from tweets couldn find any source him having said this leaving that aside don think any bangladeshi should allowed till sort out our own","differences between states or have some kind of dialogue about our issues. Also, if he were a dissing political ally of the Congress, these tweets would not be tweeted. haha what a joke","3.183297431349914e-09","5.806832031806502"
"731","how anyone going verify the border who muslim and who hindu refugees could from either religion welcoming one set should welcome the other for those wanking over modi saying india the only place for hindus hindus can nepal bhutan any other country asia too india not hindu country secular country","how anyone going verify the border who muslim and who hindu refugees could from either religion welcoming one set should welcome the other for those wanking","off in the name of the state. Because ""who"" and ""us"" are both real. ""we"" is just a form of the ""our"" that means, yes, that ""us"" is real. Not sure if you are being serious or just an asshole, but you are right: the name ""us"" is the real thing, along with *all* the","4.261361294362226e-13","7.152474728151237"
"732","well what surprising what else one expects from bigot like narendra modi","well what surprising what else one expects from bigot like narendra modi",". >well what surprised what else one expects from bigot like narendra modi. Name is misleading. is the delusional version of this a joke? You don't recognize the irony","0.027145914183427298","1.9245008972987525"
"733","both are outsiders poor country and don have the resources support them kolkata victim refugees from bangladesh and suffers from huge influx them that happened during the 70s still get bangladeshis tricking through the border either the political parties here cpm tmc lure them and give them fake voter cards they come india dirt poor and put huge strain relatively poor states like and meghalaya and expected they get involved crime most people absolutely hate bangladeshi refugees and most bengalis","both are outsiders poor country and don have the resources support them kolkata victim refugees from bangladesh and suffers from huge influx them that happened","in 20 years. so, what about Kolkata? they are not exempt from the negligence and poverty they are a country and their citizens have to live with it. I don't think that they deserve to be there. they are not exempt from the negligence and poverty they are a country and their citizens have to live with it. I don't think that they deserve to be there","1.0867601190885696e-16","8.21210061380327"
"734","goldmine for aaptards now these guys will really earn their money","goldmine for aaptards now these guys will really earn their money","in lootbox store. It's not about earning money in lootboxes. It's about making money in lootboxes. The vast majority of the game’s content isn’t lootboxes. Then why don’t they buy a proper pc and a good pc, instead of the games you buy.. Because they’re stuck with the current system. Then","1.4842265923714632e-09","5.933333333333334"
"735","bangladesh exists for muslims that the whole reason they wanted separate from india muslims cannot live bangladesh what its point existing","bangladesh exists for muslims that the whole reason they wanted separate from india muslims cannot live bangladesh what its point","is it gives the religion a bad name what it actually does is make muslims distrust indian religion and since it has no christianity it does not need any christianity its like killing everybody who wants christianity its not worth the fight because it has no christianity its like killing the body the religion is nothing but blood from the body its like killing the soul and if they","2.282185776680391e-21","9.418762135693648"
"736","calm your tits guys the author excuse boy for aap appeasement what the congress does minorities when the aam aadmi party manish sisodia wore cap with common man written urdu nizamuddin auliya dargah the other day the other hand good politics sharma redefining politics 114010301235 html but course going jump every modi line when been declared aap enemy","calm your tits guys the author excuse boy for aap appeasement what the congress does minorities when the aam aadmi party man","is held responsible for this. i don’t know why you think that, because it’s not about minorities. Because that’s what it’s about. i’ve said it before, every election is about fucking minorities. no one cares what aadmi party man has to say about his own voting habits. You’ve said","2.1124547025028537e-06","4.6"
"737","dat self righteous smug face lol first bangladeshi hindus are merely refugees but majority bangladeshi muslims are illegal immigrants and second what the most pita about bangladeshi muslims their sectarian and staunch anti national behaviour which causing huge disturbance most region","dat self righteous smug face lol first bangladeshi hindus are merely refugees but majority bangladeshi muslims are illegal immigrants and","thus are in the state of illegal immigrants. Not true. The opposite is true. Are you saying the opposite is true? There are a lot of immigrants who are in the state of illegal immigrants. Then this is not true at all. Yea sorry I just don't know the details exactly. I know it's a lot more accurate, along with statistics. You","3.8934875919281716e-10","6.149210143435322"
"738","think that hindus both bangladesh and pakistan should given shelter india political asylum considering the international norms providing refugee politically abused and threatened people note that modi had said indian muslims are not indians that would not have been acceptable however giving refugee and integrating religious minorities from neighboring countries seems the right thing religious majorities those countries however need use legal modes immigration they wish rather than just cross over the border squat more resources","think that hindus both bangladesh and pakistan should given shelter india political asylum considering the international norms providing refugee politically abused and threatened","by India. Why do they need shelter? (not India and Pakistan obviously, but both) they are not indian nor are they indian”- wall street, pakistan Their land/country are in Pakistan. well, apparently they are. no help from the US/Pentagon for border security So Pakistan has no power to protect and defend their land","1.1974961291418887e-19","8.993491139867926"
"739","2002 every time some guy inserts the comment but what about namoarmy fyi modi was strong with was unbanned the admins","2002 every time some guy inserts the comment but what about namoarmy fyi modi was strong with was unbanned the admins","did send a message to him, its not him (and why would he send that kind of message) if its not him. My bad, I’ve been so busy lately that I haven’t updated this. I don’t appreciate the post here.","1.0209274286293645e-09","5.994441870043727"
"740","upvote like discussions those involve controversies and love them even more when they are about","upvote like discussions those involve controversies and love them even more when they are about","something that was not mentioned on here. i don't want to downvote, but i just don't want to talk about controversial topics like politics especially when there is no discussion at all on those topics","0.0003123569806778846","3.4206512100555795"
"741","lokpal will clear corruption out india and even greater out indians highly unlikely corruption not crime but disease and remedy development education discipline change attitude laws and rules were enough change country years there would dowry khaps murders untouchability school donations india there would cocaine almost riots gujarat for straight years not because strict law against riots but because shift focus from religions roads and buildings administration and development lokpal aap what ram mandir bjp what poverty congress what reservation mayawati and mulayam","lokpal will clear corruption out india and even greater out indians highly unlikely corruption not crime but disease and remedy development education discipline change attitude","and mindset will not be on our side Armitage and I attended the meeting because it is my primary school, which means that I know very well what is happening in india and even greater that the people are not coming out against corruption. Rajeevah, I know you are a student and you are doing very well in school, along with me.","1.5288276506520115e-18","8.709296863229078"
"742","aap does not have the numbers get majority best you can hope for that the third fourth front get then they beg for aap support get who would then extract lokpal bill the cost for support","aap does not have the numbers get majority best you can hope for that the third fourth front get then they beg for aap support get who","ever gets right position better on, its not about you but if u want to play d3 real good d3 real good d3 real good d3 real good d3 real good d3 real good d3 real good d3 real good d3 real good d3 real good d3 real good d3 real good d3 real good d3 real good d3 real good d3 real","2.0191372161396803e-45","14.09566471341739"
"743","feel its herd mentality you see media and your friends criticizing and decide aap must bad uncool support anything they well how many have seen speech and read good news about him not many they don even read about and start calling him dramebaz surprised that people who oppose aap are against everything they well think has become ego issue many the people","feel its herd mentality you see media and your friends criticizing and decide aap must bad uncool support anything they well how many have seen speech and","some more people are commenting on it. You are not entitled to make your own opinions. Are you saying since it has a ""hate"" attached to it it has no value. sounds like you are saying it has no value. lol, apparently not. okay, dude. I am honestly not saying it has no value. I am saying this is a ""hate","1.60763136369355e-16","8.16496580927726"
"744","the first place aap having real idea solution for any issue besides corruption big hit them the second place they don even have real solution corruption lokpal farce exaggerated dream all does add yet another layer investigative bureaucracy over the acbs cbi intelligence agencies cag vigilance commission and judiciary with them involved investigations will take even more time now but whether corruption will punished different matter and till date have yet hear answer for the very simple point what the lokpal members are themselves corrupt corruption has seeped even into the independent judiciary then why what use independent lokpal that leaves with reason vote for the aap this year beyond being disgusted and wanting spite the other parties which describes the majority their fans","the first place aap having real idea solution for any issue besides corruption big hit them the second place they don even have real solution corruption lok","nig problem loknig problem loknig problem loknig problem loknig problem loknig problem loknig problem loknig problem loknig problem loknig problem loknig problem loknig problem loknig problem loknig problem loknig problem loknig problem lok","7.191573208826876e-13","7.080310846831777"
"745","much the chaddiwalas out here india and facebook shiver their panties aap does not have the number gain majority and form the government modi going but aap could possibly form the opposition party and that could keep nda its toes ensure does not indulge too much corruption","much the chaddiwalas out here india and facebook shiver their panties aap does not have the number gain majority and form the","majority party. Why on earth would you think that? Because there is no real social justice. Because if India had to be forced to defend its own constitution that means that they would have no rights, no rights, and would lose every election they held. Except for a constitutional right to vote. You are right. The US and Europe are wrong. Everyone and their mother","2.408045658422923e-13","7.2303899488745"
"746","you mean say vote for aap pass bill assuming very strong bill and let the country debt the vague notions arvind kejriwal water subsidy kejriwal new all these its like you are making engineering graduate the ceo multi million dollar company its likely going fall and guess what any chance any kejriwal proposed plans not work again going resign the bill can not throw corruption out this country all highly unlikely that even going happen another hand modi will develop the country infrastructure wise may look into matters like improvement rural areas problems electricity and water shortage etc arvind kejriwal just like small kid planning for summer the kid will have huge plans won realize the hurdles","you mean say vote for aap pass bill assuming very strong bill and let the country debt the vague notions arvind kejriwal water subsidy kejriwal","may be right but if he is projected as a good mayor why should he be elected? Are you thinking about Kejriwal being elected? i am not saying there is no possibility, but i don't think it would be a bad thing. Then why vote for aap bill? i am not saying the same thing happened to him. So you would not vote for aap bill","4.719745681446865e-06","4.429629964412561"
"747","thanks for sharing really needed some hope this morning thank you","thanks for sharing really needed some hope this morning thank you","very much. You're welcome :) You'll get better, and I'm glad that was real. thanks pal. I'm glad i could help someone out with something so I can enjoy some positive sign today. Good luck, and if you need any help with something, just ask!","2.2656815445911583e-09","5.863527298559492"
"748","all looked lovely until read this was organized communist party who are the biggest goondas and murderers seems quite staged now","all looked lovely until read this was organized communist party who are the biggest goondas and murderers seems quite staged now","but it was definitely better on some levels than it actually was You are right about that. I just thought since it had a communist theme I would have to cull it down. I guess that was not the right way to go about it. well you can't be as good as koska I am honestly not sure what to make of this. I don't *think* they","9.539165044991841e-16","7.947194142390263"
"749","why this being downvoted you might ask both mochi and ansari were critical modi and his development model where development gujarat any talk development just sham still live footpath lal darwaza still single can afford get married because financial status said mochi ansari said modi posing with muslim leaders trying cultivate the impression that the community now with him the truth that the bjp has done nothing for muslims people living other states should know this truth that the reason have come with the book said ansari","why this being downvoted you might ask both mochi and ansari were critical modi and his development model where development gujarat","was done in a better way, its not about you but if u want to learn, or just curious, what is your field and why? i’ve been in various positions for years but i don’t need to learn to make money in the real world.","1.829822769569486e-11","6.6172410253729455"
"750","both unmarried but jaya goot more saries","both unmarried but jaya goot more saries","and more utility then jaya, which means more utility Then why does it have more utility well if u have to make your money goatee’s etc so u can do rune/magic on ur runes. ya but if u dont have to make your money goatee’s etc. no need for more utility... if u dont have to make your money","3.6121719382339236e-16","8.066666666666666"
"751","thought had huge power problem and industry was going out because anyways amma came back think 2011 only before that was dmk power there while modi has been office since 2001 against earthquake which destroyed gujarat and redeveloped state from","thought had huge power problem and industry was going out because anyways amma came back think 2011 only before that was dmk power there while modi","was in power then how did they get away with it? Because there was a lot of political talk and it was pretty obvious. There was too much political talk and so, yes, there was a lot of political talk and so, yes, there was political talk and so, yes, there was political talk and so, yes, there was political talk and so, yes, there was","3.2731866707618943e-19","8.882347881956882"
"752","don know much modi but far jayalalitha concerned she takes very few inputs from any section most the decisions are taken her within inner circles which imo she could have broader consultation would very good she has stern mind take bold decisions","don know much modi but far jayalalitha concerned she takes very few inputs from any section most the decisions are taken her within","her own community she has very few interactions with anyone and most of the time she is simply communicating with those in her community Dr Jayalalitha’s decision to speak out on issues pertaining to the people has become a rallying cry of the people and the state. She has made sure she uses this time to speak out for the sake of promoting the state. She has made sure they","1.2970180123347774e-11","6.667948594698257"
"753","how this pro amma says has higher revenue much much higher excise revenue but same fiscal deficit the extra money going amma pocket","how this pro amma says has higher revenue much much higher excise revenue but same fiscal deficit the extra money going amma pocket","in 20 years. You are a good person (and I'm glad you are here). well if u know how it works then you know how it works better. so, yes... i dont know how it works. Then you know how it works better. okay, i do know how it works better, but i dont know how it works better this way. ok","9.549442227076147e-25","10.203634413832237"
"754","not modi fan but think ridiculous compare development metrics two very diverse states very simplistic way look the problem","not modi fan but think ridiculous compare development metrics two very diverse states very simplistic way look the problem","is only in the states on state of development, not national. Also, that's a real problem for an OS/2 PC. If there was a realistic-looking and efficient, well-functioning, 1.5GHz processor, every OS/2 PC would use it. Not realistic at all. The fact that the intel core i7 is going to be enough for single-","3.372140668409467e-18","8.619167203972973"
"755","not fair comparison amma has hardly been power while modi his 3rd term amma previous track record not good she was voted the worst was worst governed state don remember back when she was power the 90s she seems have big aspirations read and has the potential deliver here hoping she turned over new leaf and doesn fuck things","not fair comparison amma has hardly been power while modi his 3rd term amma previous track record not good she was voted the worst was","her ex husband who was on form to win her elections but she has lost her way, or she is trying to make sure that the old leader stays in power and the new ones don’t but she has no choice. ya and the old leader her daughter is still an in the top tier person in the state. ok but she has lost her way, this is not fair.","2.966948352211674e-20","9.14552855994079"
"756","this infographic only shows you how developed itself but doesn say anything about what amma herself did this honestly useless you are comparing modi and amma","this infographic only shows you how developed itself but doesn say anything about what amma herself did this honestly useless you are comparing modi and amma","to only one thing, that is the powers that be and why she spoke out about it. I agree. I don’t think it’s even remotely close, but it’s the first thing on my mind. well, apparently the powers of the state are able to make decisions in such a way that they need the consent of the majority before making a decision.","2.4466330549259925e-15","7.8296251700212505"
"757","seriously did you infographic maker even consider the fact that alcohol tax revenues are significant contributor the treasury top off sells almost all its alcohol from tasmac designated government liquor stores and has rule that only alcohol made can sold imfl this random edit really downvotes this why stopped posting india and even deleted account previously really irritating really says lot about the quality person who lurks here you can post decent rebuttal atleast have the sense refrain from discussion lazy press the button disrespectful the community one gives rat ass about reddiquette damn disappointing guys damn disappointing","seriously did you infographic maker even consider the fact that alcohol tax revenues are significant contributor the treasury top off sells almost all its alcohol from tasm","ys to their customers? i personally thought it was better to make it less about alcohol and more about making it less about alcohol revenue. Yea i do think that the infographic maker makes a lot more money selling vodka. I don't know how they figure it out but it does give you realistic revenue estimates i have no idea but i would have no problem getting this figure from the they","1.060588859631397e-19","9.006820028042299"
"758","having less per capita consumption good thing could argue that less consumption due poor connectivity load shedding","having less per capita consumption good thing could argue that less consumption due poor connectivity load shedding","is more efficient, better on health and lower than wasteful consumption. Also, if we are real about emissions reduction, then we need to update our energy-harnessing policies, which means reducing the consumption of fossil fuels. Not sure if you are being serious or just an asshole, but if you are a bit of a sarcastic asshole, the largest portion of the US population has no energy","6.1389859517386605e-12","6.776902458085621"
"759","absolute development levels are meaningless development growth rates are what matters you have big head start you are bound ahead absolute terms even your growth near zero learn2math","absolute development levels are meaningless development growth rates are what matters you have big head start you are bound ahead absolute terms even your growth near zero learn2","growth is measured in minutes on your laptop you are doing nothing if you are doing nothing you are doing nothing if you are doing nothing you are doing nothing if you are doing nothing you are doing nothing if you are doing nothing you are doing nothing if you are doing nothing you are doing nothing if you are doing nothing you are doing nothing if you are doing nothing you are doing nothing if you are doing nothing","8.572656199679459e-38","12.796525108494128"
"760","this infographic sucks donkey balls why you compare excise revenue when gujarat dry state and massive lol the power comparison others have said its much better comparison between states terms growth percentage","this infographic sucks donkey balls why you compare excise revenue when gujarat dry state and massive lol the power comparison others have said its much better comparison","is only for state. It's not about comparing revenue. Revenue is important. i know but if u compare excise revenue to revenue from the state’s oil marketing company then we don’t have to compare excise revenue. But revenue is also a state.","9.675472383245909e-05","3.7273424528752774"
"761","why only amma significant part development took place under dmk too basically this info graph useless","why only amma significant part development took place under dmk too basically this info graph useless","to us anymore Why not, its not like you'd find a good place to work. well if u know about it like google doc then u’ll know how to work. you don’t need google doc for anything. google doc is just one more thing, its really not worth the time. You are saying the largest change, along with the largest change,","2.7281535713460872e-21","9.4"
"762","don mind jaya problem she isn the one leading national coalition the chances her ever heading union government are close nil even the third front experiment succeeds against all odds way will mayawati mulayam mamata nitish etc set aside their own egos serve under amma say something about her not really showing the kind vision modi has economy infrastructure industrialization etc but the above will suffice she simply not going make","don mind jaya problem she isn the one leading national coalition the chances her ever heading union government are close nil even the third front experiment succeeds against","her. Not sure on jaya problem, what is it and why do you think it is happening? ""Why do you think it is happening?"" also I don't want to hear ""it's happening now""","4.207307667906176e-06","4.45435403187374"
"763","wasn twain who said lies damned lies and statistics there popular joke which goes wife made millionaire used billionaire information such this gives you idea progress and development what you want see trend set trends truly understand where you are headed this gives you idea whether amma has made life better for her state namo has made life better for his dig deeper there are citations the sources information meaning don know the data trustworthy there explanation the calculation the data either all all very well created and absolutely useless information you really think about but really well sold","wasn twain who said lies damned lies and statistics there popular joke which goes wife made millionaire used billionaire information such this gives you idea progress and","thus gets you a better job, its not about you but all of the key things in life I was talking about the first thing, not the second one. i know, its not about you","2.1232365568129696e-07","5.057563382541147"
"764","well there enough facility get water but how many get water came back from and water problems during drought","well there enough facility get water but how many get water came back from and water problems during drought","? The supply deal on oil was done to save the Kingdom and the poor. ...so is it an agreement then? Not yet, but it’s on the table as a reference. ah yes, I know. I just thought it'd be interesting.","5.829299046890232e-10","6.084869844593311"
"765","moditrads will find thing which modi not bad insist that the only thing that important they will also claim that the numbers are all wrong facts you know pseudo secular leftist conspiracy","moditrads will find thing which modi not bad insist that the only thing that important they will also claim that the numbers are all wrong","and it is just coincidence. i don’t believe them You are simply clueless well if u know how it works then why the fuck’s it so hard? Because memes","2.8119788783396086e-07","5.003702332976757"
"766","why more excise revenue considered positive why less power consumption considered positive why does this study not take into account the fact the anti aphrodisiac effect having pictures such scary woman all over town","why more excise revenue considered positive why less power consumption considered positive why does this study not take into account the fact the anti aphrodisiac effect","is only in the urine. Because there's actually better information and there are not, because it's a placebo effect. The study scores these factors in-house with the national survey (which, in aggregate, would have cost the state a total of ~$15 million dollars)","2.12451866954864e-12","6.928640603037555"
"767","don mess with amma","don mess with amma","I was thinking more on, ""Who's actually better at something than someone who's already in school?""","1.2087819405595094e-07","5.163977794943222"
"768","this the problem with statistics the answers depend the questions asked modi supporters use the statistics modi favour but there entirely different seemingly objective picture available always","this the problem with statistics the answers depend the questions asked modi supporters use the statistics modi favour but there entirely different seemingly objective picture available always","the problem with statistics is on the question of the question but if the question asked about the question asked about the question asked about the question asked about the question asked about the question asked about the question asked about the question asked about the question asked about the question asked about the question asked about the question asked about the question asked about the question asked about the question asked about the question asked about the question asked","3.709116612573141e-09","5.781171241908515"
"769","didn start off with bigger base development than gujarat plus chennai","didn start off with bigger base development than gujarat plus chennai","but now it seems like its really growing. Not really, it’s really getting real. The city has SO many people and so many people’s interests that I can hardly see where they all come from. I know some of the people are in my area, but the growth is far more concentrated. I can’t say where all of the people from Gujjar","8.838152338581088e-17","8.23687767580373"
"770","point the way very important less fertility rate and less infant mortality rate both are very important and good example social development","point the way very important less fertility rate and less infant mortality rate both are very important and good example social development","is critical to having more kids, its not about you but all of your friends, its about you, its about you, its about you, its about you, its about you, its about you, its about you, its about you, its about you, its about you, its about you, its about you, its about you, its about you, its about you, its about you","2.0191372161396803e-45","14.09566471341739"
"771","glad that are finally comparing politicians development rather than other tertiary fish market arguments looking officials data shows that gujrat not doing any better than the other top states none the less gujrat among the top which good think the vibe created that gujrat magnitude times better than other states extrapolation definitely doing better than most states but other states cannot ignored which are doing equally well this infographics gives some incite that","glad that are finally comparing politicians development rather than other tertiary fish market arguments looking officials data shows that gujrat not doing any better than","some other states or have very, very good outcomes (e.g. dp, or just some dp). SO. There are a lot of political arguments going around about what is ""democracy"" in Gauteng. But it's a bit of an exaggeration. Some people are pointing out that the Gauteng government is going along with the development of the","4.667369720005495e-18","8.581864705673471"
"772","ideally modi should marry amma and they both can pms guess the state that their progeny will rule will the most prosperous the world","ideally modi should marry amma and they both can pms guess the state that their progeny will rule will the most prosperous the world","in 20 years. You are absolutely right, I don't mind him marrying her. I just don't want him to be married to her. If you are a man, then do whatever you do. You have no control over her. If you are a woman, then do whatever you do. She's a woman, but she isn't a man. She has no control over","1.1459741558553616e-18","8.741913556629289"
"773","can believe people aren even considering the reason these guys were willing wag their mouths the guy who made this video apparently promised compile their heroic deeds and report higher ups some hindu samaj get them handsomely rewarded now too hard imagine why one would eager reveal one criminal actions before complete strangers can believe the naivete this thread","can believe people aren even considering the reason these guys were willing wag their mouths the guy who made this video apparently promised compile their heroic deeds and","thus are now being forced on, while still getting paid to make it. I agree... but it does come with the territory...","2.656064079705862e-05","4.04145188432738"
"774","what our other choice","what our other choice","is The thing is on, its not too late to make it into the game. Are you joking? We've had to spend a ton of money to make it to the top. you don't have to spend money to make it to the top. we can't just make sure it uses the highest tech level, because they need the largest market share. we need to make sure","1.0867601190885696e-16","8.21210061380327"
"775","the amount muslim haters this sub too damn high","the amount muslim haters this sub too damn high","is crazy lol Why do they keep repeating this bullshit? Because there are so many muslims in this subreddit okay but why the fuck is there so much hate towards muslims in this subreddit? Because there are so many muslims in this subreddit.","0.000458783860758123","3.3146535421632177"
"776","this the reasoning have mind regarding post godhra riots modi did indeed order the genocide and protect the perpetrators did not order the genocide but actively allowed happen and protected the perpetrators did not want happen tried stop but couldn however after the incidents defended the perpetrators did not want happen tried stop the best his ability but couldn actively pursued many convictions possible after the incidents and are brainers there should doubt anyone mind that such person should not become the also not positive because the fact remains that could not stop people from dying with whatever control had but indeed true would give him the benefit the doubt because his track record wrt development since the riots but the unapologetic tone disrespect towards the media aggressive rss support convince that very unlikely that true hence modi not the right person lead the country especially with many other able leaders found even within the bjp edit grammar","this the reasoning have mind regarding post godhra riots modi did indeed order the genocide and protect the perpetrators did not order the genocide but actively allowed","the perpetrators to perpetrate on innocent people and it was done to protect themselves. I was just curious if someone had pulled this same stunt. i’ve seen this happen a lot, but i don’t remember if it’s always the same guy.","1.9019804747948503e-08","5.499719409228703"
"777","not time leave all this think about progress like removing the veils burkhas secularism and move towards first world india leave the evidence courts tell your congress bosses matter what you modi will the india post may 16th 2014","not time leave all this think about progress like removing the veils burkhas secularism and move towards first world india leave the evidence courts","and the states will have to make us understand more and better why and why we are in this situation. ""we are in this situation""","0.00012286638996515217","3.6666666666666665"
"778","how can chief minister change judges thought that was the prerogative the chief justice the high court","how can chief minister change judges thought that was the prerogative the chief justice the high court","was supposed to have to decide, what if he actually failed to make any key decision. so is it any wonder that the chief justice would have to make such a mistake. that is one more thing, that the chief justice would have to make many of the key decisions, which of the following is honestly up for debate without debate ? 1. this is not a question","2.408045658422923e-13","7.2303899488745"
"779","babu bajrangi said the video that modi ensured that all rioters were set free this link here says that several people were convicted that time 2007 this seriously raises questions whether these people are trying accurate exxagerating the power hindu rioters their intrests","babu bajrangi said the video that modi ensured that all rioters were set free this link here says that several people were","arrested from here this video has no substance. Not true. The video has no substance. so is it real? Not really. There are a lot of bad actors in his video, but a lot of things that he says are not true are. so is it real? Not really. so is it real? Not really. There are a lot of bad actors","9.957242687860136e-15","7.651179029439877"
"780","hearsay compelling evidence","hearsay compelling evidence","that the right wing has no problem with Trump getting elected Then why does it have to be real? Because if the left goes insane and the right’s wall passes, then we can finally have the right wing go insane and the right’s wall passes. So, what about the right? Nothing happened. The left isn’t insane and the right’","1.279812543885835e-12","7.0"
"781","whether modi guilty not watching these people talk this way fucking depressing","whether modi guilty not watching these people talk this way fucking depressing","I was thinking more on, what if Modi actually listened to them instead of just simply communicating with them and their message about freedom and democracy. i’ve thought so, but i don’t think it’s possible to listen to Modi in person. no one’s allowed to talk to them You are right and it’s really unfortunate. i","8.290979087206774e-12","6.733333333333333"
"782","seeing this video super duper depressing indian and hurts the core see someone killing fellow indians basis religion for once was thinking voting bjp because modi but after watching this video not all sorry","seeing this video super duper depressing indian and hurts the core see someone killing fellow indians basis religion for once was thinking voting bjp because","god forbid they can't roll out a good solution to problem(s) they are a real joke these days and the first thing they do is talk to their desi citizens, then they invade their lands, their land and their religion. well, apparently the majority of indians' religion is the religion they choose to worship. So the majority of indians are not atheists or they","9.157840178339696e-21","9.271726499455307"
"783","wtf this some seriously fucked shit man has the media followed this was leaning towards bjp before now don know anymore","wtf this some seriously fucked shit man has the media followed this was leaning towards bjp before now don know anymore","its clearly a joke on jest","0.0092110627270495","2.3570226039551585"
"784","does strike anyone odd that the video has been circulating for years and never been picked mainstream media","does strike anyone odd that the video has been circulating for years and never been picked mainstream media","attention? Because there is no mainstream media attention. Then why does it have such a low number? Because there is no mainstream media attention.","4.284149005455224e-05","3.927922024247863"
"785","few things want say here the guy scary fuck hope gets the rope why wasn this used evidence court surely they can trace the phone calls and check whether indeed was speaking the home minister and taking his orders and that modi little story time there was guy met pub hyderabad who said his brother the one who killed suri paritala ravi killer actually believed him because also introduced lot other famous people telugu film industry naturally believed this was true fast forward months and meet him gym asked common friend the gym indeed was the killer brother and friend laughed for falling for that asked him again and said was fucking with and was drunk then now not saying the case here but people tend show off different ways and telling others that they know some movie star rock star politician one such way edit the downvoters feel free but care leave comment why you disagree disapprove with what wrote","few things want say here the guy scary fuck hope gets the rope why wasn this used evidence court surely they can trace the phone calls and check whether","some people are being kept on, its not like you can say it was someone who was communicating with those phones and it sounds like you are not trying to hide it. You don’t need a court order to trace it. its called a ""stare"" in a city law. I am talking about the girl whose phone was used to send a picture of herself. Didn","1.0867601190885696e-16","8.21210061380327"
"786","bravo bravo this post has successfully eclipsed the kejriwal aaptak interview india take bow aaptards take bow","bravo bravo this post has successfully eclipsed the kejriwal aaptak interview india take bow aaptards take bow","some more time Why did they need another moment to make this happen? i don't think it happened by accident, it happened by a misunderstanding between them and the wallpaper company. that's a good thing, this is not an Indian problem, it's a problem in India, which India uses as a tool to exploit. So the largest issue of the incident is over people who","3.802702105031179e-12","6.8457917631830485"
"787","such low level butt hurt shown aap hailing age old done and dusted video convicted criminal who now serving his ass jail compelling evidence","such low level butt hurt shown aap hailing age old done and dusted video convicted criminal who now serving his ass jail compelling evidence","that he was not a decent, kind and thoughtful human being. Since then, what is happening is unbelievable. By the time the man’s trial is over, what have gone on? Do you know how old this man is? Can you give me some details about exactly how old this man is? […] on this matter.","1.4848085107728187e-08","5.5432186252458715"
"788","been trying get more people watch these tapes always get downvoted are people genuinely willing turn blind eye all this mfntl fwvbo 7m15s akshay mehta later went member the nanavati commission charge probing the riots aspx artid 560918","been trying get more people watch these tapes always get downvoted are people genuinely willing turn blind eye all this mfntl fwv","is happening to them You are a good person if you think it’s okay. I am a good person if I think it’s okay. I don’t need this drama to keep me from doing what is right and why I do. You are a good person if you think it's okay. I don't need this drama to keep me from doing what","2.5419350759707964e-25","10.331352385107342"
"789","indian muslim who was about vote for bjp this making think twice that being said this isn new and certainly isn evidence don doubt that 2002 didn happen namo would leading these elections with voteshare majority","indian muslim who was about vote for bjp this making think twice that being said this isn new and certainly isn evidence don doubt that 2002","was when muslims were in power and it was better to make muslims more powerful now You are right about that. I never thought about that. I suppose I don’t hate them more now but this is not modern muslims","5.469865918325231e-09","5.715476066494082"
"790","somebody forgot people women children who were burnt alive because don have someone vimeo","somebody forgot people women children who were burnt alive because don have someone vimeo","is on. Why on earth would you forget? they are already dead if they were real. ""dead"" as in delusional? i’ve been so fucked up my entire life","0.003526818944034289","2.6943012562182536"
"791","are helmets not compulsory karnataka not single person wearing them","are helmets not compulsory karnataka not single person wearing them","I was told that helmets, which are not compulsory, are a good idea in Karnataka. they are not compulsory, but are not compulsory in Karnataka. I don't want to hear where you live in Karnataka because it is where you live in Karnataka. Ya sure, the idea is honestly very useful to me. I have no problem getting one in Karnataka and","3.321098258650897e-20","9.133333333333333"
"792","how about free rice laptop obc etc etc","how about free rice laptop obc etc etc","?? Free Rice laptop Obc laptop. Free Rice laptop Obc laptop. Free Rice laptop Obc laptop. Free Rice laptop Obc laptop Obc laptop. Free Rice laptop Obc laptop. Free Rice laptop Obc laptop Obc laptop. Free Rice laptop Obc laptop. Free Rice laptop Obc laptop. Free Rice laptop Obc laptop.","6.2030851092068085e-18","8.549090976340064"
"793","don polls show bjp not getting very many any seats karnataka anyway","don polls show bjp not getting very many any seats karnataka anyway","... only in region 1. i don't think bjp and bjp have any region 1. i don't need to be concerned because i don't need to worry, its what i dont do. Then why does it matter if u dont care or not? i don't care, i am honestly not worried. So... you are wrong ? Why do you think they","5.62598072663921e-13","7.114254185268658"
"794","2014 utc election commision has termed 23modi tea for violation code conduct aajtak intoday commission modi tea uttar pradesh 757197 html mistake 0aplease leave above link unaltered suggestion tweetposter subject suggestion faq code issues","2014 utc election commision has termed 23modi tea for violation code conduct aajtak intoday commission modi tea uttar pr","atap in the state. Noting the poor performance of the state tea union federation, SC is going to hold a meeting of tea union federation’s members on May 25-27 in Delhi. ""As per SC court's order, the state tea union federation has constituted a legal committee headed by its vice president to analyze the situation, report on this matter and submit an","1.279812543885835e-12","7.0"
"795","the video bajrangi claimed that after the killings called the home minister and the vhp general secretary jaideep patel and told them about the killings after few hours fir was lodged against him and the police commissioner issued orders shoot him sight was later arrested and released bail was out bail the time the tehelka interview also claimed narendra modi tried subvert the judicial process 2012 was convicted the naroda patiya massacre case along with maya kodnani and other people all convicts were found guilty murder attempt murder conspiracy spreading enmity and communal hatred and unlawful assembly august 2012 was sentenced life imprisonment yes definitely makes modi guilty that guy looks like perfect nutjob asp filename ne031107after killing asp asp filename ne031107to get asp","the video bajrangi claimed that after the killings called the home minister and the vhp general secretary jaideep patel and told them","to send a team to the state to kill them (and that the opposite is true), and the minister and the VHP general secretary went to the state’s wall and told them that they could sign the letter ‘Pyaar Chalo’ to kill them. They wrote: “The vhp executive, Apu Prakash, along with all of the","6.1389859517386605e-12","6.776902458085621"
"796","bribe cos free","bribe cos free","bies to all the better players, its not about you but all of us want to enjoy it. You are right about that. I never thought about that. I suppose I don’t hate them all. I just enjoy it. well, its not about you, its about whats realistic in this situation. its about you, its about you, its about you, its about you","2.966948352211674e-20","9.14552855994079"
"797","modi tea made come with commoditea commodity lame know sorry","modi tea made come with commoditea commodity lame know sorry","bud >modi ~~Tea~~ Ranch (and Ranch and Ranch) tea FTFY","0.012170460021995773","2.2517050070105746"
"798","cool chai charcha better utilisation the tea seller gimmick anyway","cool chai charcha better utilisation the tea seller gimmick anyway","... only reason for better on-boarding... Not really, and I'm not using the real thing, since it has a small amount of sugar in it and the tea isn't a lot, but it's a bit of flavourful tea that lasts a lot longer than a lot of the maple syrup in maple syrup. Not sure why you are being downvoted for this. Because","1.1553044044989252e-17","8.47700708521628"
"799","namo tea yuupea horrible rhyme know","namo tea yuupea horrible rhyme know","how it sounds It's kind of good, actually. Yum xD","0.015376780629637295","2.1602468994692865"
"800","fair fair","fair fair",", only gives the better on, its not worth the whack I did notice that. I just thought since it has a bit of light and dark-y-y so I can't see where the poor girl went. I know she has no ill-will towards anyone.","1.0726872337695073e-17","8.4856384913606"
"801","fair enough twas little gimmicky anyways","fair enough twas little gimmicky anyways",", only gives the better on, its not too bad but i wouldnt want to spend a real amount of money on it. My girlfriend has a full volume with it and I can't afford not buying it. The only things I'm buying it for are the speakers, keyboard and the speakers for the TV and the speakers for the tv. I have no intention of spending more money if they","9.775168293512418e-19","8.75985403617222"
"802","sting non other than babu bajrangi who been sentenced for life currently serving his jail term compelling evidence seriously don insult the common sense peoples","sting non other than babu bajrangi who been sentenced for life currently serving his jail term compelling evidence seriously don insult the common sense","here. Not sure on babu bajrangi. I know someone who's a real dissing the common sense here. You are right i need to fix that. I'm just not sure on babu bajrangi. I'm aware he's a dissing the common sense here. You are right he's a dissing the common sense here. You are right","7.377246530076128e-22","9.536632970868315"
"803","description transcript the video claims that babu bajrangi was given free days kill many muslims liked while known fact that there was shoot sight order babu bajrangi since day one also the army was called one day don know where this day figure comes from but wrong compelling evidence indeed","description transcript the video claims that babu bajrangi was given free days kill many muslims liked while known fact that there was shoot","some more muslims on babu bajrangi. idk why i expected to hear about babu bajrangi dead in a video i would never have expected to hear but i do. haha. the story is: saraya (davaic) bajrangi is killed in a gang along with other gunmen of the","4.063535984190305e-13","7.158994882626233"
"804","good maut saudagar polarized the gujarat election and increased bjp tally this sharing the movie propaganda film will only the same thing remember any polarization religious basis will help only the bjp and not anyone else big thank you for all the congress and aap idiots who are only doing the dirty work for bjp polarizing the electorate and increasing the chances mission 272","good maut saudagar polarized the gujarat election and increased bjp tally this sharing the movie propaganda film will only the same thing remember","the 3rd term elections on sunday night and the movie propaganda and the first one in gurwar election by terena revolution and the election in jogeshwar also the movie propaganda and the first one in jogeshwar also the movie propaganda and the first one in jogeshwar also the movie propaganda and the first one in jogeshwar also the movie propaganda and the","3.0231577359451403e-41","13.4"
"805","fine but has anyone gone the source who actually ordered the godhra burning you can the depths the world investigate the riots the same for the train burning well nail the person who ordered that too not just the people who carried out those attacks","fine but has anyone gone the source who actually ordered the godhra burning you can the depths the world investigate the riots the same for the train burning","the only reason the world does it is because it has no power and there is no black magic They have to have had a source, not the site’s host","0.00021770757689731874","3.5176323534072425"
"806","here perspective the current state indian parties upa horrifying economics subsidies and buruecracy that have collectively kept tens millions poverty due lack growth strong belief divide and conquer and will play religion against religion and claim secular sophisticated thugs who are deeply entrenched the system that they almost can kicked out bjp mix right wing economics which believe badly required today guaranteed spur economic growth and better for the economy the country horribly xenophobic wing exists within the mainstream same wing tends also extremely socially conservative and will ruin social liberties not kept check aap bunch gooders with concept economics and politics you subscribe the give man fish and you feed him for day teach man fish and you feed him for lifetime these are people who want take the fish from the fisherman and give those who not know how fish but they won train them eventually the fisherman will move away and one will know how fish also socially these guys are bending down appease every ideology and voter bank good bad great opposition maybe but will likely form ruinous government the long run will probably much better administrator local level bsp thugs extreme and unsophisticated thugs shiv sena mns borne out locals first sentiment but fundamentally thugs little more sophisticated than the bsp kind but that down their urban roots nothing more aiadmk dmk don give fuck about the country what are you going for tamil nadu cpi outdated and destructive philosophy trinamool demi god with administrative ability who came into power not much for what she represents what she doesn represent hope for bengal while the cpi rule considering the land and the people this should the most developed state india ruined national front bjd tdp opportunists somewhat like local and bit sophisticated warlords they will what takes stay connected the center for local benefit unified philosophy policy middling administrators union level but know how deal with local issues you can say hindu muslim poor man etc and pick your poison there will always someone who has valid point view against you and valid point view for you for one believe the future india lies sound economic policy and not treating every community caste and religion separate but also believe thats the union has business recognising dealing with religion any level there one who represents philosophy not even close all know can stand more years upa","here perspective the current state indian parties upa horrifying economics subsidies and buruecracy that have collectively kept tens millions poverty due lack growth strong","in indian communities, indian indian indian indian indian indian indian indian indian indian indian indian indian indian indian indian indian indian indian indian indian indian indian indian indian indian indian indian indian indian indian indian indian indian indian indian indian ind","4.7607430986746085e-52","15.134976397356"
"807","heh this going create waves because lot parties have copied the namo tea idea effort connect with voters congress has rahul milk yes seriously lalu and mulayam have opened their own tea stalls bihar and","heh this going create waves because lot parties have copied the namo tea idea effort connect with voters congress has rahul milk yes seriously l","mfaooo Why do they need to keep the namo tea ideas. they need to make it about namo tea ideas. not namo tea ideas. Except, of course, that the namo tea idea was not namo tea ideas. also the namo tea idea was not namo tea ideas. well then... why the fuck is this subreddit full of they","7.832711652817892e-22","9.530415984039145"
"808","would expect more drama like this holi would try discipline political parties","would expect more drama like this holi would try discipline political parties","I was expecting more drama, like ""He (and his family) did not commit any illegal activities."" ""He (and his family) did not commit any illegal activities."" ""He (and his family) did not commit any illegal activities."" ""He (and his family) did not commit any illegal activities."" How is it illegal? ""He (and his family","3.17426175562365e-14","7.500684900234294"
"809","reported for misleading title title wrongly implies year old video new evidence","reported for misleading title title wrongly implies year old video new evidence","was released. Why did they report this? (not much of a conspiracy there, or just some reddit dumbasses trying to make it seem like its not real) Because I don't want to make this something like this again. About to make this something like this.","1.3581308780391323e-09","5.947886892886081"
"810","important the sit has considered this video and has quashed the allegations within making another thread about this self post please add your comments there","important the sit has considered this video and has quashed the allegations within making another thread about this self post please add your comments there","too The thing is on, its not about me. I just wanted to make another post here. just what about you, are you just gonna keep commenting here or just make another post and post more? Just make another post and post more. i don't think that's whats wrong about this post. its not all about me. So, are you telling me you would","7.832711652817892e-22","9.530415984039145"
"811","pro bjp people see this proves that rss separate entity from bjp and your fears are unfounded anti bjp people see this proves that modi cannot rein the rss cadres and they will run amok comes power and goes and and","pro bjp people see this proves that rss separate entity from bjp and your fears are unfounded anti bjp people see this proves that mod","i is anti bjp people see this proves that u/katakant is anti bjp people see this proves that u/bjpdelegation is anti bjp people see this proves that u/bjpdelegation is anti bjp people see this proves that u/bjpdelegation is anti bjp people see this proves that u/bjpdelegation","0.07519078631772791","1.4381849910133495"
"812","?�hum rajneeti mein nahin hain humara kaam ?�namo namo??karna nahin hai humme apne lakshya liye kaam karna hai are not politics our work not chant ?�namo namo??must work towards our own target ??said bhagwat addressing the rss??pratinidhi sabha bangalore sunday which was also attended bjp chief rajnath singh and ramlal rss pracharak deputed bjp general secretary organisation when participant suggested that the rss??role vis vis the bjp should similar chanakya??role vis vis chandragupta maurya bhagwat replied that the present circumstances was more important work detached manner","?�hum rajneeti mein nahin hain humara kaam ?�namo namo??karna n","ahin hain :3 Aneen koi chala, dhe ka nahin nahin hain. Harne ka aap hai? Yo hoo. Ni aaao hai. Ni aap aap aap koi chala hai. Yo hoo. Ni aap aap aap k","1.2898339067555999e-13","7.314694929028955"
"813","this compelling you are fucking moron and you are fact indeed fucking moron","this compelling you are fucking moron and you are fact indeed fucking moron",". > this compelling you are fucking moron and you are fact indeed fucking moron. so is it real? i am not, and i do believe you are. i don't believe you, either. i believe you, therefore, you are. i don't believe you, therefore, you are. i am not, therefore, you are. i","6.603394442927838e-08","5.2759530656719935"
"814","cow eating garbage hmmmmm","cow eating garbage hmmmmm","I was thinking ""eating out of trash cans"", but if it's a vegetarian, that's a good idea. Drink a lot of water","0.00012286638996515217","3.6666666666666665"
"815","til bhubaneswar exists thanks subscribed","til bhubaneswar exists thanks subscribed","to it. Why did they censor it? (not that it matters anyway) EDIT: Wait, what? because i dont live in bhubaneswar. so, its not censored but i dont accept it. Then why the fuck is it on your front page? i know the mods can't handle anything and the whole world has no power over this subreddit and if they","1.3268687294857642e-16","8.188103873611096"
"816","lol another kaangress shehjada rhetoric","lol another kaangress shehjada rhetoric","post from you... You are a good person (and I'm glad you are here). well if you are one that believes in these ""real” things that means I am a good person","1.3825308943268444e-13","7.305369330337213"
"817","the standards modi rallies seems like this one will dissappointment the combination the patnaik worship orissa and the hot sun means that not many people are arriving the bjp should least have provided some shelter from the sun","the standards modi rallies seems like this one will dissappointment the combination the patnaik worship orissa and the hot sun means that not","all fanboys hate each other, its not about fanboys if its opposite. I was just curious if it was one of the features that was popular among the fanboys that don’t hate each other. its because it is one of the features that was popular among the fanboys that don’t hate each other So the largest faction of the fanboys hate each other","7.813621162275081e-15","7.682287670977254"
"818","thanks for doing this","thanks for doing this",":) You're welcome :) glad to hear it!","0.13666083914614907","1.0954451150103321"
"819","batman does not approve this shit","batman does not approve this shit","I was thinking ""whoa whoa, Batman."" Batman does not approve this shit I was thinking ""whoa, Batman."" Batman does not approve this shit What do I know? Batman does not approve this shit What do I know? Batman does not approve this shit What do I know? Batman does not approve this shit What do I know","0.0010328637155031474","3.0806161848616216"
"820","title edit 56dd brend ambasittur for vidya secret","title edit 56dd brend ambasittur for vidya secret","i lalatu edit: edit: edit: edit: edit: edit: edit: edit: edit: edit: edit: edit: edit: edit: edit: edit: edit: edit: edit: edit: edit: edit: edit: edit: edit: edit: edit: edit: edit: edit: edit: edit: edit: edit: edit: edit","4.432612652531655e-47","14.36273958158012"
"821","magnificent bit long though and kudos for the effort hope you get enough visibility","magnificent bit long though and kudos for the effort hope you get enough visibility","into the area It's kind of difficult to read from the beginning, but if I can't make it to it within a day then I'm happy to let you know :) What do you plan on eating? I enjoy a lot of the fried chicken sandwiches I can find in the mall. I'm just gonna eat a lot more as a result, I don't need too many.","9.157840178339696e-21","9.271726499455307"
"822","bat manmohan and robin gandhi heroes amit shah snooping brace yourself for downvotes nice story though","bat manmohan and robin gandhi heroes amit shah snooping brace yourself for downvotes nice story though","I was just talking about his heroics, not him. well you were wrong, but i dont see why the downvotes. Because that’s how it works. that's a noble thought, but i don't care, because i like my heroics","2.599639278267345e-08","5.4443572293729625"
"823","brilliant","brilliant","name! Someone better give this to Lord Krimen. I want to hear what it is","0.00020146912963128034","3.5381518506868126"
"824","this immature and arrogance had respect for this guy when entered politics this just getting too personal here someone should remind him that was fighting against corruption not against modi all the people found modi most corrupt does care about good politics anymore just that wants free publicity india should fighting against corruption not against any particular individual really hope loses this time that can start see things clearly next years","this immature and arrogance had respect for this guy when entered politics this just getting too personal here someone should remind him that was fighting against corruption not against","the state. Why did they get ""offended"" while voting for someone who's a real dissing the current SO. Because these ""actions” may not be based on fact or in truth, but rather the whims of the state. Yep. I can't help but see these people as a ""Goddammit I'm voting for this person who's a bad thing","7.377246530076128e-22","9.536632970868315"
"825","came check someone has said this krantikaari bold krantikari","came check someone has said this krantikaari bold krantikari","(i don't have a source for this) Same for me. I've seen both. Same for me. I haven't seen both.","6.374837460548514e-06","4.364357804719848"
"826","matter fact the folk theatre and drama around varanasi called nautanki enjoy the show","matter fact the folk theatre and drama around varanasi called nautanki enjoy the show","very well. Why did they call it nautanki and why did they call it real? Because varanasis is a classic Indian horror story and the movie was based on it. So the movie should be called "" varana ""vana nautanki.. the movie should not be called ""real"" as they call the movie a horror. Then why did they","5.62598072663921e-13","7.114254185268658"
"827","this joker loses which will then the real question shld kya dilli junta rejected maal accept karegi kay logon zamanat zapt karao kejri","this joker loses which will then the real question shld kya dilli junta rejected maal accept karegi kay logon z","indagun hai. i don’t think it’ll be that real. wonder if it’ll be that’s when the real thing starts only if the real thing starts...","1.66251732824019e-08","5.523398999523437"
"828","love for rae bareli","love for rae bareli","is only in the game on xbox one Not true. I play xbox 360 Are you playing on xbox one? Yea I’m on xbox one","0.27622645244088895","0.5940885257860046"
"829","kejriwal will not fight against modi varanasi now too power hungry miss out opportunity and parliament must his lifelong dream sit dharma the parliament lawns","kejriwal will not fight against modi varanasi now too power hungry miss out opportunity and parliament must his lifelong dream sit dharma the parliament","should be in the seats on which the prime minister and the BJP and the prime minister should sit Ya but if Modi doesn't give prime minister and the BJP the seat on which the prime minister and the BJP would sit this time then we have no choice but to listen to him.. This is what the anti Modi and the anti Modi would do and with a PM on this matter and a PM","2.4466330549259925e-15","7.8296251700212505"
"830","don know why bjp namo supporters are even talking about this and making event that all that aap good publicity and they doing once again well","don know why bjp namo supporters are even talking about this and making event that all that aap good publicity and they doing once again well",". Because the politics on here are not about doing anything. so what is it about They're just trying to make sense. If anything they’re trying to make it look like they’re looking for drama and making the story look cool. I don’t see what the purpose is. well, they need the publicity. they need this. and if they","3.985804962848152e-18","8.6"
"831","seen delhi kejriwal does not have the capacity power all wants opposition and oppose everything and what better way ensure losing than fight against the guy who sure win","seen delhi kejriwal does not have the capacity power all wants opposition and oppose everything and what better way ensure losing than fight against the guy who","is only in power to defeat the SP and BJP (and BJP and BJP) ? This is just some desh ka panchayat. >”also I don’t have the capacity power all wants opposition and oppose everything and what better way ensure losing than fight against the guy who is only in power to defeat the SP and BJP” This is exactly what you are","5.2098269344437565e-06","4.408276356230452"
"832","now congress will accuse him being bjp party because will hurt the chance inc candidate who otherwise won have much change anyway also inc decide put candidates help consolidate the votes then aap would accused being inc party poor","now congress will accuse him being bjp party because will hurt the chance inc candidate who otherwise won have much change anyway also inc decide put candidates help","them more right? so, what if BJP is still BJP and there is no possibility of having any change since it has no president. well, that is what I means, that if BJP is still BJP, then there is no possibility of having any change since it has no president. if the winner has no president, what is the result? if the winner has no president they","3.929873434851008e-17","8.333333333333334"
"833","not take away his democratic right anything but this man claimed that besides him modi was his next best choice for this man further claimed that the aap would win 100 seats obviously not enough form government and aap won ally itself with other big parties either this attempt sabotage chances for his second choice considering his first choice wont either","not take away his democratic right anything but this man claimed that besides him modi was his next best choice for this man further claimed that the a","i isnt going to make it to elections due to him. Also, that was both a joke and a serious comment. sounds dead serious to me. I don't want to hear the truth of the story. I just don't want to hear the truth of the story. if the story is honestly that serious, then they should have told it. this is just one story","1.8423326457249043e-13","7.266666666666667"
"834","how much for making the mod plz include obc discounts","how much for making the mod plz include obc discounts","?? The special edition has no discount. so maybe if u add some more items or just make it skins based off of the regular version","4.849207717741465e-10","6.114295984380816"
"835","think this going yield surprise media bias hides kejriwal ability put his finger the pulse crowd this discussion war opinions but going try and present reasoning for this statement anyway observation politics neither bjp nor modi are strong enough pull off this stunt this was madhya pradesh not even gujarat this confidence may have been justified besides kejriwal doesn have win all has put major spanner the bjp gameplan make sure modi doesn win bjp hardly default for this difficult neither nor bsp the local biggies are any big fans modi congress has some clout perhaps not aap will add this fray this without factoring the bad blood within bjp over mmj wanting that constituency which was completely avoidable when that constituency saw bjp posters without modi put political statement bjp supporters pretty strong statement discontent think the usual bjp media gaslighting that modi has easy win varanasi that said may get proved wrong but most certainly don believe that any seat sure shot win for modi just because bjp needs strategically","think this going yield surprise media bias hides kejriwal ability put his finger the pulse crowd this discussion war opinions but going try and present reasoning for this","argument gets exposed in hindsight as no substance worth defending (e.g. how about blackface in Delhi if AAP wins Delhi by more than 50,000 votes). so how about a poll where people are saying yes if AAP wins Delhi by more votes by a landslide. no poll, no emotions. i have to disagree but i like this approach, along with the current one.","9.913625122559967e-25","10.2"
"836","modiji takes safe call and contests from benares now that what you call balls motherfucking steel hats off modiji","modiji takes safe call and contests from benares now that what you call balls motherfucking steel hats off modiji","is no longer a joke on Benares team and you better suck it up now xD Are you shitting me? The guy scores a hat and tries to defend it? I don't see where you're going with this. i have no problem with it. i think it's funny that the winner plays by the rules and the other guy doesn't. Well, that makes me","5.8497514033687694e-08","5.298129428260175"
"837","true sense fear modi junta here you can sense their nervousness their talk forfeiting deposit and being non event kejriwal has nothing lose lol this the event nothing bigger than this has happened indian elections decades well can get bigger modi decides mard for once using his own words and contests from varanasi alone but that won all know that","true sense fear modi junta here you can sense their nervousness their talk forfeiting deposit and being non event kejriwal has nothing lose lol","I was thinking more on, what if he gets murdered while riding his bike and the Indians try to defend it. is the question whether the man’s car was stolen? that is one more thing to think about. About what? i don’t know but i don’t believe that the man is dead yet","2.711444745189484e-16","8.101627221513196"
"838","atleast has got balls could have fought from safe seat","atleast has got balls could have fought from safe seat","I was thinking more on, ""Who's actually better at the game?"" I was thinking about who is better at the game. If we're going for the wallpaper, then we need to make it an ""average"" game. well, apparently the walls are not walls, but realistic wallpaper You are right! This is the largest wallpaper i've ever made!","5.364161355033728e-10","6.098179517465032"
"839","okay","okay","but how exactly are they supposed to protect your privacy? they make sure you are using the real internet if you are not. So these are not legitimate standards of communication? I don't want my parents to have to listen to me. well, apparently they are. no one cares if your privacy is shit. Not all of the time. I would pay for *just* the","1.279812543885835e-12","7.0"
"840","this good","this good",", only gives the better lyrics, its not even good enough for a good flow I agree, its not an album to make it good, its not even good enough for a good flow...completely agree","7.450954966776198e-12","6.748852387406954"
"841","one cares sent complaint email that address pata chalega tujhe saale hitler","one cares sent complaint email that address pata chalega tujhe saale hitler","I was thinking something like, ""Who's actually better at something than someone who's actually real?"" ""Who's actually better at something than someone who's actually real?"" I dunno, maybe ""who's actually better at something than someone who's actually real?"" ""Who's actually better at something than someone who's actually real?"" I'm confused. ""Who's actually better at","3.54941618303746e-27","10.733333333333333"
"842","saar think lungi peepel hack bakchodi mod account and post dis goat","saar think lungi peepel hack bakchodi mod account and post dis goat","i lal hai on, usbo, koi chutiya koi logi. Di tohi hai. Aapka saath koi chutiya koi logi. yaar hai. yaar hai. yaar hai. yaar hai. yaar hai. yaar hai. ya","5.430850226047702e-16","8.016707904982121"
"843","know what you did tech and reflects here well when you shameless copy and paste shit offend betichod will reap hole faamili","know what you did tech and reflects here well when you shameless copy and paste shit offend betichod will reap hole faamili","y when you repost on here. You are a better person and I love you, because it is true for sure. You are a better person”- I love you, because it is true for sure. haha thanks, you are a bit of a joke","2.661856402889066e-13","7.216769430035112"
"844","this post violates rules lastly your shit posts 3rd class jokes are not welcome here","this post violates rules lastly your shit posts 3rd class jokes are not welcome here","please go to the fucking forums, its not about you but all of the fucking crap that happens in those threads is just SO fucking stupid. Yea I know but I don’t want memes that the OP posted. I don’t even post anything I don’t see. I don’t need any advice from the OP as he knows this is just dumb.","6.850265118884539e-22","9.544318576724956"
"845","this made laugh wish the photo editing was little better though good one none the less","this made laugh wish the photo editing was little better though good one none the less","I was thinking ""Oh, well, that was better, and I'm glad that was real. I couldn't do that at my old school, where there was wallpaper, chroma and text. I wanted it to look like a picture with a picture of my mom with a picture of me from the 70's. A picture that isn't crap, or that isn't terrible.""","5.544133144378806e-23","9.801539442281324"
"846","for all their bravado about how there modi wave how bjp and modi are scared them etc the reason aap has been singularly focussing attacking modi for the past couple weeks because they know that there modi wave and that the bjp likely come power and the polls get closer and closer they are getting increasingly desperate prevent","for all their bravado about how there modi wave how bjp and modi are scared them etc the reason aap has been singularly","silent on all these issues is because they are not (and BJP and PMO have told them this) true strangers who are not scared of these issues.” Raut tweeted that he met Modi on May 12. Raut tweeted that he met Modi on May 12. Raut tweeted that he met Modi on May 12. Raut tweeted that he met","1.5288276506520115e-18","8.709296863229078"
"847","huge namo wave facebook thanks photoshop","huge namo wave facebook thanks photoshop","added The thing is on Facebook they’re still on and I can’t see my feed since it’s kinda closed off.” I don’t see where they’re hidden ya and the post is on Twitter and Instagram.","8.9757399293951e-09","5.630666258598823"
"848","namo wave only kejri wave will win and partner with congress","namo wave only kejri wave will win and partner with congress","and the right wing will win, its not about kama sama wave, its about namo wave. okay but how does the right’s wall plan, its not about namo wave, its about not namo wave, its about not namo wave, its about not namo wave, its about not namo wave, its about not","5.430850226047702e-16","8.016707904982121"
"849","you don get sting video saw couple days ago actually confesses that there indeed modi wave somebody has already down voted comment wow 2vhipvnuh somewhere this clip that the sting video","you don get sting video saw couple days ago actually confesses that there indeed modi wave somebody has already down voted comment wow 2vhipv","ap 3vap 3vap 3vap 3vap and there did not, or just some dongler comment, or something like that ‘There was not, or just some dongler comment’ Or is it a good thing it wasn’t? its the right thing. no need to downvote. So, are you saying it’","1.279812543885835e-12","7.0"
"850","will definitely vote for bjp minus this guy modi and rss","will definitely vote for bjp minus this guy modi and rss","i. Modi is no where near the ""Modi is no where near the Indians"" point. ""He's a communist leader, and a communist leader is nothing like Stalin"" both of these people are absolutely right. About what? i don't think that the two of them are exactly identical people, but i do think that the two are quite close. Both","5.082796817912267e-12","6.804138174397717"
"851","explained this that day itself means politically divide the sunni vote from the shia vote considering that shias are much more amenable bjp due various recent events and shias are increasingly being demonized and victimized the sunnis due proliferation saudi gulf wahhabi agenda making mountain out molehill","explained this that day itself means politically divide the sunni vote from the shia vote considering that shias are much more amenable bjp","and more progressive then ji, thus they are not opposed to ji. I was talking about the Jai Jai thing. The ji’s vote is based on ideology, not actual ideology. The majority party of the Indian electorate supports the Jai Jai thing, which means the majority party. Not all Jai Jai is wrong, this is just one.","2.5113338670768307e-21","9.408709237924697"
"852","unite people divide and destroy religion hindus cannot united without abolishing caste and muslims cannot divided unless divided peace and subtracted fundamentalism","unite people divide and destroy religion hindus cannot united without abolishing caste and muslims cannot divided unless divided peace and subtracted fundamentalism","in two. Why do they need unity, they already have it. Because unity is just an illusion by religion. The idea of unity comes from the idea of unity which only exists when one religion is divided. The idea of unity is based on nothing but the belief of the spirit, which is the essence of religion. You are saying the spirit is the essence of religion and you are","1.1459741558553616e-18","8.741913556629289"
"853","other political parties try breaking hindu votes the basis castes its all secular when talks muslims communal","other political parties try breaking hindu votes the basis castes its all secular when talks muslims communal","vote is held. You are a good person (and I know you are not, because it is true for Muslims), but you are not the right”- wallpaper-to-wallpaper","2.761647397733227e-11","6.556100681071857"
"854","when every secular party panders the muslims they are trying unite the muslim votebank and simultaneously divide the hindu vote one bats eye but when the tables are turned everyone fucking loses their mind","when every secular party panders the muslims they are trying unite the muslim votebank and simultaneously divide the hindu vote one bats eye","at a time. You are a good person (and a good person can't be both) while you are a bad person. You are a good person but you are a bad person who is a bad person who is a bad person who is a bad person who is a bad person who is a bad person. You are a good person but you are a bad person who is a","1.0867601190885696e-16","8.21210061380327"
"855","increasingly seems like the main wreckage will never found the area massive turbulent isolated and deep and even find the voice recorder won back far enough may time accept that will never fully know what happened","increasingly seems like the main wreckage will never found the area massive turbulent isolated and deep and even find the voice recorder won back far enough may time","may be right somewhere. It would likely be found somewhere. The opposite. okay but i dont see where the first thing the colony would have to do is wall-hug a door in order to keep the colony from getting lost and kill them Yea I'm just saying the area the colony can't be found crashed would be the largest ruin, along with the colony itself.","3.985804962848152e-18","8.6"
"856","hishammuddin sounding super tired today edit stumbled through that","hishammuddin sounding super tired today edit stumbled through that","song only to realize how much it has taken me to listen to it. I agree...I was thinking about listening to it at work. i’ve been so stressed lately! Same here, it’s so weird!","2.1452970210161505e-06","4.596785266097243"
"857","press conference should and starting fairly soon for anyone tuning the livestreams","press conference should and starting fairly soon for anyone tuning the livestreams",". The thing is on, its not too late to make it happen. I just really wish there was a dedicated chat for people to talk to and to chat with. haha what a great idea, would be awesome!","6.195089480781173e-10","6.075111253646805"
"858","people always say thanks great job guys the beginning these threads just want say part that crazy and you guys are crazy for sticking with this and there are whole bunch who are equally crazy have been here from the beginning and will stick with you for long you are willing stick with thank you suck mangosteens","people always say thanks great job guys the beginning these threads just want say part that crazy and you guys are crazy for sticking with this and there are","some people here who are on here happy to help you but i don’t feel like you guys are for sure sure here or that these threads are not for you I just don’t feel like these threads are for everyone and you guys are for sure not all of us.. just everyone needs help man You are right! Everyone needs help with these threads. I appreciate everyone’","2.7935882150295748e-30","11.374735838014674"
"859","march 30pm myt press conference full statement minister introductory statement the search for mh370 continues our efforts are now focused the southern indian ocean where multi national team led australia combing the waters trying find debris from the flight our determination find mh370 remains steadfast have said all along will never give trying find the plane ??order bring closure for the families and establish exactly what happened mh370 new satellite images australia china and france have already released satellite images showing objects that may related mh370 yesterday march the malaysian remote sensing agency mrsa received new satellite images from airbus defence and space which based france the images were taken march mrsa analysed the images and one area the ocean measuring some 400 square kilometres were able identify 122 potential objects some objects were metre length others were much metres length some the objects appeared bright possibly indicating solid materials the objects were located approximately 557 kilometres from perth will issue handouts relating this new information after this press conference mrsa??findings were immediately forwarded the australian rescue ordination centre perth yesterday must emphasized that cannot tell whether the potential objects are from mh370 nevertheless this another new lead that will help direct the search operation have now had four separate satellite leads from australia china and france showing possible debris now imperative that link the debris mh370 this will enable further reduce the search area and locate more debris from the plane operational update australia leading the search effort the southern indian ocean based out perth malaysia continues play ordinating role all countries involved are displaying unprecedented levels operation that has not changed australia has divided the search area into two sectors east and west today the weather has improved and twelve planes will travel the search area ??six the east sector and six the west the east sector searches will conducted one australian orion and three australian civilian aircraft one chinese ilyushin one new zealand orion the west sector searches will conducted one poseidon one korean orion one japanese orion two australian orions and one civilian aircraft two ships will also join the search operations yesterday ?�hmas success??was redeployed the south the search area due bad weather today the ship has returned and will support the search operation the west sector meanwhile the chinese ship ?�xue long??has today been deployed the east sector japanese coast guard gulfstream aircraft left subang this morning for perth join the search operation mentioned yesterday the search operations the northern corridor and the northern part the southern corridor have been called off the ministry foreign affairs has sent diplomatic notes all relevant countries formally inform them this change before continue would like convey our appreciation the australian authorities and particular prime minister tony abbot for making such extraordinary contribution the search operation chinese special envoy today the prime minister met with his excellency zhang yesui the chinese vice minister foreign affairs and special envoy the government china also met with his excellency this afternoon during our conversation his excellency conveyed china??commitment continue and intensify the search operation any way possible and deploy any assets that may required malaysia has provided his his excellency and his delegation with full update the latest information from inmarsat his excellency and his delegation also received comprehensive briefing from the international technical team international working group mentioned yesterday based the new information provided inmarsat have established international working group the agencies involved this working group include inmarsat aaib the chinese caac and aaid ntsb faa boeing and rolls royce well the relevant malaysian authorities the role the working group help try and refine the inmarsat data and possible more accurately determine the final position mh370 further information should like note that the ceo malindo airlines chandran rama murthy has joined stage today and will able answer any questions that you might have announced yesterday mas now taking lead communicating with the families and conducting their own press conferences mas will hold another press conference tomorrow concluding remarks new satellite images continue provide clues the search for mh370 and with improved weather conditions aircraft are now able investigate objects interest would like thank once again our international partners for their continued support and assistance the search for mh370 and the investigation into what happened board the flight now truly international effort","march 30pm myt press conference full statement minister introductory statement the search for mh370 continues our efforts are now focused the southern indian","ocean area of the france, india and the rich indian ocean area of the france is active by our search for mh370 and the search for mh370 is still on and the search for mh370 is still on and the search for mh370 is still on and the search for mh370 is still on and the search for mh370 is still on and","6.277900015922298e-22","9.55335892064496"
"860","pics the washed sphere found maldives pic jpg pic jpg thanks ltc8k6 dot net edit fix links","pics the washed sphere found maldives pic jpg pic jpg thanks ltc8k6 dot net edit fix links","here","N/A","N/A"
"861","lost count the amount times possible debris have been spotted aircraft imagery and then were not able found this getting ridiculous","lost count the amount times possible debris have been spotted aircraft imagery and then were not able found this getting ridiculous","I was thinking more on aircraft than on debris (e.g. how about aircraft or plane debris is still spotted). I'm just concerned that the numbers of debris I'm seeing are so low that the apps just don't capture them. well, debris in general can be very, very short, so you might be right. but overall the apps are pretty low. Woah.","7.813621162275081e-15","7.682287670977254"
"862","while completely understand the frustration the families and their need for answers also sincerely hope that more lives are lost during the search such remote location during bad weather conditions","while completely understand the frustration the families and their need for answers also sincerely hope that more lives are lost during the search such remote location during bad weather",", or that the community on Facebook has taken measures (e.g. banning xyz from Facebook while researching for a SO or something like that), and that there is still so much hope for humanity in these places. ""hope"" is a good guess. I can't help but see what the purpose is. I suppose it may be the largest and most impactful urban search of the","9.775168293512418e-19","8.75985403617222"
"863","malaysia french satellite find further debris jpg large edit not sure this related 122 objects recently identified french satellite","malaysia french satellite find further debris jpg large edit not sure this related 122 objects recently identified french satellite","find further debris jpg on, also another, (e.g. some rubble) debris in japan. Dr Amir Mahmoud al-Yassin, director of the UN Mission on Refugees in Malaysia, said: “The debris in question was placed in a recent location in eastern Japan. “The location was located from the sea in Japan. “This","3.8940643901136985e-15","7.770979851594088"
"864","think safe expect that regardless the quality data that the search teams may have which enables them roughly triangulate potentially fruitful search areas there will many more such announcements that searches will have called off due inclement weather from limited understanding weather systems that part the world seems like nature itself conspiring against the search efforts clash several wind systems and the depth the ocean makes for some very rough and dangerous seas indeed the last thing need now for accident involving members the search teams out there","think safe expect that regardless the quality data that the search teams may have which enables them roughly triangulate potentially fruitful search areas there will many more","that are in the right location, which can indicate (e.g. by way of example) that these are not the largest search places. “If I don’t have that problem, it’ll be because they’re in my search. They’ve been in my search for years. I’ll be getting those search queries and if they","3.6655615250382416e-11","6.513721780101713"
"865","what insane the upvotes for part and this coverage have pretty much declined over half like when was announced that the planes last pings were the indian ocean and everyone was presumed dead lot reddit considered this solved don get they still haven found the plane how could people just stop following this makes sad how fast people lose interest","what insane the upvotes for part and this coverage have pretty much declined over half like when was announced that the planes last pings were the ind","ian problem. It's kind of funny that they failed to make any actual news about it. they are trying to make sense of the situation, not cause the problem is based on a joke but rather the fact that the real problem is the lack of response to it. no one cares if India uses this shit. no one will care if the largest indigenous population on Earth is still having trouble","6.1389859517386605e-12","6.776902458085621"
"866","there been lots criticism the malaysian govt know done fair share withholding information that could have sped this along conflicting info etc been debacle for sure but then ask myself could have done better society agency has ever faced something even remotely like this this incident stands alone and sure think their cluelessness pretty sure that not word has been justified this was thrust upon them and nothing life could have ever prepared them struggle with the jobs now being parents family members employees our respective careers etc most struggle some way there always something improve always some shortcoming can never make everyone happy and that just normal everyday life coping with the rest humanity not scrutinizing our every move nothing even close something like this maybe wouldn have made the same mistakes but would have made some other mistake and still angered the entire world does anyone believe they could have dealt with this flawlessly honest question see reason boycott the country seen some news articles can imagine anyone would have done this satisfactorily and that just punishing the everyday malaysians who are totally innocent anger being channelled the wrong direction imo edit not directing this the families the passengers they can mad whomever they want referring everyone else","there been lots criticism the malaysian govt know done fair share withholding information that could have sped this along conflicting info etc been debacle for sure","I was told that the withholding information was too late and could only be disclosed if the withholding documents were made available to the media. There was too much information to keep the public guessing what was in the withholding documents anyway. I would have to disagree with you but I dont think that the withholding documents were made available. Not sure why you are being downvoted for this. Because","3.6121719382339236e-16","8.066666666666666"
"867","what are your thoughts the following two hypotheses regarding reasons for the partial ping from yesterday part thread hypothesis one the engines quit before the other just chance from running fumes this point the planes redundancy system kicked and the running engine tried compensate for this and the process reset updated its newly redefined parameters stats before running out fuel itself hypothesis reboot the system from power interruption engines ran out fuel switch battery rat power then crash","what are your thoughts the following two hypotheses regarding reasons for the partial ping from yesterday part thread hypothesis one the engines quit before the other just chance from","the beginning? Why did they happen? Because all of the game did was stop communicating with eachother. okay, that makes sense.","9.894680026299528e-07","4.755563543407302"
"868","newly released sat image the image field 76km across that significant debris field","newly released sat image the image field 76km across that significant debris field","is held by a low angle, which can indicate large fragments, and there can be some gaps in those areas. Dr Amir Mahmoud al-Yathani-i-Alam, Principal Scientist at the UNRUC and a doctoral researcher at the UNRUC, said in the report: ""The image field is located from the largest fragment of the debris field and it shows","3.321098258650897e-20","9.133333333333333"
"869","amsa tweets signing off positions the malaysia remote sensing agency satellite information tweeted march were within today search area final aircraft has left the search area nothing further identified after initial sighting three objects","amsa tweets signing off positions the malaysia remote sensing agency satellite information tweeted march were within today search area final aircraft has left the search area","the agency satellite information tweeted march were within today search area final aircraft has left the search area final aircraft has left the search area final aircraft has left the search area final aircraft has left the search area final aircraft has left the search area final aircraft has left the search area final aircraft has left the search area final aircraft has left the search area final aircraft has left the search area final aircraft has left the search","0.9324135685228984","-1.4940105456617512"
"870","gowen pointed out that the airbus least the fdr will tell you which side the cockpit the flight inputs came from true for the 777 well obviously this would very helpful part the investigation the fdr found believe the pilot committed suicide not looking for fight just giving personal speculation but would accept the experts fdr analysis they concluded otherwise guess just wondering what would expect see the fdr for each the most likely scenarios","gowen pointed out that the airbus least the fdr will tell you which side the cockpit the flight inputs came from true for the 777 well","here it uses the seats on the X-7 (not much of a fan on that plane) while in the air the fuselage is exposed to the inside air atmosphere which means that the fuselage is exposed to the inside air atmosphere which means that the fuselage is exposed to the inside air atmosphere which means that the fuselage is exposed to the inside air atmosphere which means that the fuselage is","7.191573208826876e-13","7.080310846831777"
"871","looks like there going presser today see links above for live online streaming","looks like there going presser today see links above for live online streaming","in Australia Not sure on live streaming in Australia (not much of a fan of streaming in real life), but if you need to be there, that’s okay. I’ve gone twice, 1:00 and 2:00 and it’s still an awesome experience!","1.29948400376568e-06","4.700207870189201"
"872","the daily telegraph timeline airlines mh370 live html jonathan chambers aviation lawyer quadrant chambers tells that the crash could wake call for the airline industry the precise reason for its disappearance may make enormous difference the level potential payouts the montreal convention imposes strict liability airlines for death personal injury caused ?�accident??during flight but damages are limited about 175 000 per person £106 000 and only the airline can show they had done nothing wrong whether wrongful act negligence was due the fault third party otherwise the airline liability for damages will unlimited the onus the airline prove they were not fault the root cause the accident never established they may open the unlimited liability lesson the industry might learn from this the importance external data collection and wouldn surprised there call for this technology fitted standard after this","the daily telegraph timeline airlines mh370 live html jonathan chambers aviation lawyer quadrant chambers tells that the crash could wake call for the","long term future of aviation on, well, east coast of the US. ""The real problem is going into the next decade, whether we're going into the next decade, whether we're going into the next decade, whether we're going into the next decade,"" co-founder of the US Airways network, Sean Moseley, said in an interview. ""We're going","3.7684049429933245e-19","8.866666666666667"
"873","fox news last night was saying the planes engines ran out fuel different points which made the plane spiral into the water and therefore make huge crash and consequent debris field the whole spinning out control because engine rotational forces was adressed like thread","fox news last night was saying the planes engines ran out fuel different points which made the plane spiral into the water and therefore make huge crash and consequ","ent deaths. Why did they crash when it actually failed? Because there was too much wind. Because it had too much wind? Because there was too much wind, yes. Because there was too much wind... Because the plane had too many crashes? Because there was too much wind... Because there was too much wind... Because the plane had too many crashes","6.774865722731843e-12","6.762642481555072"
"874","what could have caused that final partial ping why does this mystery keep riddling itself","what could have caused that final partial ping why does this mystery keep riddling itself","over and over It could have been another moment (e.g. some kind of event or something) for the SOA to be prompted to send a Warning or something to make sure it was not a 'Internet event'. For example, if someone had placed a 'Kill' link, or something like that, then they could have shown a 'Virus, Infection, or something they","1.2970180123347774e-11","6.667948594698257"
"875","still think was deadhead and wager they had lax security when came other crew flying free have they released the manifest yet","still think was deadhead and wager they had lax security when came other crew flying free have they released the manifest yet","? The thing was on, they did release a manifest. so how about an email? they are sending it. So I'm in for an epic wallpaper-to-wallpaper-a-wallpaper-a-wallpaper-a-wallpaper-a-wallpaper-a-wallpaper-a-wallpaper-a-wallpaper-a-wall","2.394865488369616e-11","6.577329341097438"
"876","guys malaysian here apparently there are talks about suing boeing and mas just makes sad because sincerely believe that our gov doing the best they can sure people say are corrupted and bit lazy but know for fact that times like this will our best and give everything have know our leaders and can see how tiring this for them are they really doing that bad job just the media putting controversial headlines stir things what you guys think sincerely want know what fellow redditors think about this","guys malaysian here apparently there are talks about suing boeing and mas just makes sad because sincerely believe that our gov doing the","right thing should not be on our side i read somewhere that the opposite is true in Malaysia, that if an individual had a right to sue the company to defend against damages he would sue the company in Malaysia, which is exactly what it is well, apparently the Malaysian government has no problem suing companies from the US. that makes me feel like in Malaysia, the US government does not protect","9.157840178339696e-21","9.271726499455307"
"877","how why under what circumstance can the families sue the airline followed this story understand that was maybe not handled the greatest way airline execs representatives understand that the families will should receive money for the loss expenses what have you but for what reason would they sue the airline and would they definitely win this honest question just feel though when you buy plane ticket you get board knowing there possibility your plane can crash something can happen ect","how why under what circumstance can the families sue the airline followed this story understand that was maybe not handled the greatest way airline execs representatives understand that","the only way this deal could have been handled would have been for them to sue the airline. They're going to sue the airline. The company has to defend against damages on lawsuits. that's a good point. I just don't understand how they can't be sued for this. Because the airline can't be sued for anything they did with the ticket. hmm, they","2.473056648594535e-14","7.533333333333333"
"878","for those interested the ghost plane scenario happens ghost flight case studies html","for those interested the ghost plane scenario happens ghost flight case studies html","is only for the finished game, its not for the finished book and there are not any links to it. Hmm. I'm kinda new to this. I'm hoping to learn a lot about coding. I would like to keep the book but it's kind of a pain in the ass for newer readers. i have no experience with coding so i dont know how this game has advanced over","1.4043485111644206e-13","7.303263814053436"
"879","posted statistics for other academic math junkies trying wrap their heads around this mystery","posted statistics for other academic math junkies trying wrap their heads around this mystery",", only to find that the math is still too (and apparently too) complicated to comprehend. So since it’s kinda hard to comprehend numbers in math I’ll just ask: Let’s assume we have a number which we can compute in the form of the following . . So the largest number, along with its number is","5.149328048553927e-14","7.437014101369"
"880","still don understand how the burst frequency offset analysis ruled out the northern corridor completely take mirror image whatever flight path the plane took with the axis symmetry being line from the plane origin the satellite that mirror image path would generate the exact same returns the analysis understand that the satellite was also slightly bearing south due slightly eccentric orbit but wouldn the above still hold where there are exactly two possible paths that are mirror image each other that would produce the same returns only that the mirror image path would need adjusted for the eccentricity anyone care enlighten","still don understand how the burst frequency offset analysis ruled out the northern corridor completely take mirror image whatever flight path the plane took with the axis symmetry being","a problem. It's kind of likely that the axis symmetry would be more likely to have a center of gravity with the largest plane. If the axis symmetry is circular, that means that the plane is divided vertically and the axis is approximately horizontal in the center of the plane. If the axis symmetry is symmetrical, that means that the plane is spread horizontally as it travels along the axis of the","3.217692432023014e-13","7.190924955066747"
"881","regarding that dead whale did anyone find out how died was hit great big airliner falling out the sky","regarding that dead whale did anyone find out how died was hit great big airliner falling out the sky","in 20 mins It looks like its not too late to make it to Los Angeles, or just make it to Los Angeles at the right time, depending on what you want to do. that's a good idea, thanks!","3.0052581424616116e-06","4.526019054848144"
"882","solid work ethic throughout the entire tragedy gratitude can not expressed how much greatly appreciate the hard work","solid work ethic throughout the entire tragedy gratitude can not expressed how much greatly appreciate the hard work","you do in this community on and off and off and off. Sincerely, Yina (@YinaFilms) Yina is a wallflower, living a life where she has no commitments, no commitments, no commitments, no commitments. She has no commitments, no commitments, she has no commitments, she has no commitments, she has no commitments, she has","3.17426175562365e-14","7.500684900234294"
"883","quick poll the poll now closed told you was quick poll many thanks indeed all who took part what you reckon happened mention comment below explaining why you feel that way you desire and add the poll results let know any more options should added note that this poll does not show that there more evidence for any one scenario over another there currently not enough evidence say that any particular scenario the most probable pilot suicide hijack failed hijack mechanical failure fire paranormal black hole aliens government conspiracy other hybrid honestly idea","quick poll the poll now closed told you was quick poll many thanks indeed all who took part what you reckon happened mention comment below explaining why you feel","quick poll was not finished on time. You are welcome to delete and repost if you want but please keep the current one. There was a lot of work to do. I achieved 5,000 votes for this. I would like to thank everybody who voted. The phone was ringing off the hook. I went to the top and checked the boxes. I then got a notification","2.473056648594535e-14","7.533333333333333"
"884","5am thursday perth hope the weather permits them safely search today wonderful see many governments working together find the wreckage specifically australia","5am thursday perth hope the weather permits them safely search today wonderful see many governments working together find the wreckage specifically australia","is known to have a gas leak in its gas supply but i doubt any key players can or will be found by any search. My guess is that they need to keep the car running for a while. I would imagine this is something that they'll be prepared to fix as they lose the cash. I am honestly not sure, but I bet with the current system they need to keep the","3.244405842210005e-17","8.355986525989065"
"885","thank you for your work covering this been coming here instead mainstream media because want good updates and facts opposed sob stories not that isn tragic but hate that media takes advantage the emotional vulnerable you given facts and sources and put into readable format thank you again","thank you for your work covering this been coming here instead mainstream media because want good updates and facts opposed sob stories not that isn tragic but hate that","some people are being forced on, its not ok not to be and I'm not exempt You are not exempt if you are a journalist. i’m not exempt, its not ok not to be and it’s not ok not to talk to my mom about my history i don’t need to talk to my mom about my past, its not ok not to talk","1.9178898790404034e-14","7.566444492037343"
"886","very detailed maps for quick reference pinpoint geographic timeline map 8th 27th march latest map web svg detailed route possibilities and projected final position with satelitte arcs way points and current serach field grids current 27th march cumulative amsa search area map pdf these were recently posted another thread but are some the best have seen","very detailed maps for quick reference pinpoint geographic timeline map 8th 27th march latest map web svg detailed route possibilities and projected final position with s","g maps info info info on different possible routes and destinations map information and information on various places map realty map for realty map for realty map for realty map for realty map for realty map for realty map for realty map for realty map for realty map for realty map for realty map for realty map for realty map for realty map for real","6.72816570931952e-26","10.458073819632258"
"887","have been reading these threads for over week now finally some discussion about satellites made join let assume they had some satellite pictures days back and realized this days back would they not able slow fast forward the remaining days over the next days and get date location now why that day they talk about pictures from day then day they talk about pictures from day and realize that earth big and satellite not taking pictures all spots all the time but seems like the satellites are taking just picture per day then during this one day the debris has moved 100 they and hunt for those pictures amongst their million pictures that takes day and would also think they should able relocate their satellites specific area and track the ocean better but that too seems missing missing something","have been reading these threads for over week now finally some discussion about satellites made join let assume they had some satellite pictures days back and realized this days","is where they lost their mind, they thought it was better to make this subreddit about satellites and real space is still cool. The whole concept of the site was created with the idea of making space more open. Let assume this is not the case. Yep. I can't help but see what the purpose is. I suppose it would be nice if someone would make this subreddit and post what","6.1389859517386605e-12","6.776902458085621"
"888","amsa news ??update ships staying search area will attempt continue searching but all planes returning bad weather expected for next hours","amsa news ??update ships staying search area will attempt continue searching but all planes returning bad weather expected for next hours","I was told that the site says ""Ship not found on UHC"" as well. Yea I know but it’s kinda annoying”- I don’t have to sign the accept request form”- if u accept accept accept accept accept.","5.55740007872722e-16","8.013876853447538"
"889","been surfing reddit for months without account after three weeks this thread finally forced myself make account just thank you for all your hard work and dedication","been surfing reddit for months without account after three weeks this thread finally forced myself make account just thank you for all your hard work and dedication",", only to have to make account for another day (and why the fuck did they do that? You are welcome to make your own account, but please do so with caution. If you are not happy with it, please just keep making the post until it's a hundred percent done. if the post is done before the next post then the post is going to be slow and you cant","1.9178898790404034e-14","7.566444492037343"
"890","amsa news ??today search operations have been suspended due bad weather all planes are returning perth ships are leaving search area","amsa news ??today search operations have been suspended due bad weather all planes are returning perth ships are leaving search area","for more water supply deal on, its not safe for planes to land 05 Feb 2013 mmfgnews.com.au - A new report has revealed that the Air Ambulance Service is still operating on the Gold Coast after being forced off the ground. ""They (AAS) have no choice but to suspend the operations as they are not safe for people and","1.9272695677277606e-10","6.2598071204459"
"891","many debris reports and none them confirmed from the plane","many debris reports and none them confirmed from the plane",". The plane was on, its not confirmed. Then why did someone post multiple photos showing debris? Because none of the pictures showed debris.","1.944003628644006e-09","5.888888888888889"
"892","search effort has now swung towards locating the black boxes search effort swings towards finding black boxes","search effort has now swung towards locating the black boxes search effort swings towards finding black boxes","search efforts. Why did they do this? (and why the opposite?) This is just an attempt to make sure it's a test, not a cull. Because I don't want to make the whole test a cull, because it's a test, and if an attempt fails I don't want the whole test to fail without the result proving otherwise. Well, it does look","3.929873434851008e-17","8.333333333333334"
"893","excuse this was already asked and answered but know the satcom from the flight pinged from any other locations during the initial flight path other than the ones inmersat picked not then why only ping this satellite","excuse this was already asked and answered but know the satcom from the flight pinged from any other locations during the initial flight path other than","some sites in the area on different occasions and it actually failed. Also, if you were in an area for more than one flight, you might have to wait for the flight to land to see where the apps would be. For example, if you were in Korea I can't help you but you might get a flight to Korea and the access would have to be on Korean servers. ok","1.9178898790404034e-14","7.566444492037343"
"894","how much the search area can scanned the pinger locator before the flight recorder battery runs out and how far away can and still detect the ping","how much the search area can scanned the pinger locator before the flight recorder battery runs out and how far away can and still detect the ping","I was thinking more on, what if it actually failed to detect the ping? that's a good idea, lets just see.","1.9430176000537757e-09","5.888972745734182"
"895","any idea what was the weather like the southern indian ocean along the current search area and probable flight path 8th march seeing bad weather and called off searches last days makes suspect weather also was not very hospitable the fateful day also would right assuming that this probable flight path was far from any flight routes airliners and ships","any idea what was the weather like the southern indian ocean along the current search area and probable flight path 8th march seeing bad weather and called","some friends to help evacuate? It was too cold to make it to sea level, or just not windy enough for it to be light rain.","2.012532488059581e-06","4.610083899802517"
"896","there way outside the cockpit for the crew communicate outside simply send distress signal sorry this had been asked","there way outside the cockpit for the crew communicate outside simply send distress signal sorry this had been asked","for The thing is on, its not too late to fix it.","0.008154585938877487","2.401922307076307"
"897","here interesting tidbit what the like off perth have give the crews lot respect after reading this ??are very reliant lookouts who use binoculars and night vision devices scan the horizon and scan the area around our ship ??very cold rotate the lookouts through every hour ?��?hmas success and other ships remain searching for any debris from the missing plane despite bad weather forcing all planes postpone the hunt for debris www news com travel travel updates thai satellite spots 300 objects possibly part missing malaysia airlines flight mh370 story fnizu68q 1226865929215","here interesting tidbit what the like off perth have give the crews lot respect after reading this ??are very reliant lookouts who use binocular","s only in the fields on sunday night and the riggers and crew do not spend a lot of time in the fields on sunday night and the riggers only spend a lot of time in the fields on sunday night and the riggers only spend a lot of time in the fields on sunday night and the riggers only spend a lot of time in the fields on sunday night","1.4164514974912592e-23","9.938417977662953"
"898","this may bit off topic but went trivia night bar last night and two different groups people had some riff joke about mh370 their team name one was where waldo mh370 edition and the other was something else stupid thought was incredibly insensitive considering talking about the death nearly 250 people here","this may bit off topic but went trivia night bar last night and two different groups people had some riff joke about mh370 their team name one","was from smdh how did they know? Smdh? they do that all the time. ""we don't do that""","2.656064079705862e-05","4.04145188432738"
"899","??the living owe respect the dead owe only the truth ???�voltaire would add that owe the truth the living well however painful how learn","??the living owe respect the dead owe only the truth ???�voltaire would add that owe the truth the living well however painful how learn","to believe in the living…and for those who are rich enough and claim to have lived a life of luxury for years…and for those who are rich enough and claim to have lived a life of luxury for years….and for those who are rich enough and claim to have lived a life of luxury for years…and for those who are rich enough and claim to have lived a life of luxury for","2.828459381780726e-18","8.63927837273969"
"900","been following these threads from the beginning and haven seen the answer this apologize this has been asked and answered already what will learn when recover the black box what sort information will recorded and how can use determine what happened","been following these threads from the beginning and haven seen the answer this apologize this has been asked and answered already what will learn when recover the black box","and it was not finished on time. You are doing everything right and I can't help but notice some problems but it has nothing to do with the game’s release so I can't help but feel like it’s not worth the buy. Yea sorry about that, I really like this game. I just got my 7 and have no intention of this game and if they","7.446837778125392e-11","6.406460414514012"
"901","posted yesterday about using bayes theorem inform the search for mh370 and got some really useful comments been thinking about the statistics this case lot recently could someone help confirm refute the following logic let assume that with such vast sar effort coupled with what emerging shortage satellite imagery from various sources that the probability finding mh370 debris any given day the sar effort that passes the smell test the sar effort has gone the correct location for say days earnest wouldn that imply the probability finding debris that period time and increase the days the search has been going include the continual sat image review going behind the scenes the probability finding confirmed debris those days would something just doesn feel right about the fact that they haven found anything yet let have mature discussion about this edit just thought experiment what give the sar crew the benefit the doubt and say the per day independent probability finding wreckage and let assume this thing goes for another days with verified leads debris that case something would really fishy chance should have found that hypothetical scenario edit made this sensitivity table help visualize the effect changing the input parameters","posted yesterday about using bayes theorem inform the search for mh370 and got some really useful comments been thinking about the statistics this case lot recently","and it was pretty neat on some of the papers (e.g. how about using the real numbers for an error), but i dont think it has any real value. so, its not worth reading the whole paper, only for the first thing it said about the error. EDIT: I am honestly not sure what to think about this case, or this whole mess of they","1.279812543885835e-12","7.0"
"902","computer model from the university western australia shows how debris from missing malaysia airlines flight mh370 might have spread across the ocean surface malaysia plane new debris satellite","computer model from the university western australia shows how debris from missing malaysia airlines flight mh370 might have spread across the ocean surface","over the ocean region, on, Feb 3, 2017. Photo: AFP / Getty Computer model based on satellite observations of debris from missing Malaysian airliner MH370 surfaced at Penang Airbase on Saturday. According to Malaysian court documents, debris of the Malaysian aircraft was found on the far side of the Malaysian border between Malaysia and the United Nations, along with objects and materials they","4.445430960767228e-16","8.041274802953883"
"903","does anyone have any updates potential fire suppression bottle that washed maldives call from the unknown cell phone burner captain when can expect the flight sim deleted data recovered know the tracking buoys are tracking with the new satellite images thanks advance edit added question","does anyone have any updates potential fire suppression bottle that washed maldives call from the unknown cell phone burner captain when can expect the flight sim deleted","in 2 hours? You are right, it actually failed. I haven’t seen any official confirmation though. okay good update","3.4312975776572487e-07","4.965212315030781"
"904","prepared for downvotes but after watching several documentaries twa flight 800 today not sure can trust our government with aviation accidents the head guy the ntsb currently was the jackass who was changing zoning tags the twa 800 investigation hangar regardless been glued this story since day and still boggles mind that they have physical evidence","prepared for downvotes but after watching several documentaries twa flight 800 today not sure can trust our government with aviation accidents the head guy the n","intendo fanboys just put on, its not about me but i would never want to work as a flight instructor for a flight simulator simulator. Yea I'm with you on that. I don't mind the risk, but I would never have to work as a flight instructor for a flight simulator simulator. well if its not for me then thats my reason for getting this game and if they","1.0663691219955483e-09","5.987360424133898"
"905","thailand says satellite images show 300 floating objects the hunt for wreckage search crews race beat bad weather 234422614 html edit pics here satellite finds 300 floating objects search missing malaysia airlines","thailand says satellite images show 300 floating objects the hunt for wreckage search crews race beat bad weather 234422614 html edit pics here satellite finds","may be 'at least on point' 234422614 html edit pictures here satellite finds may be 'at least on point' 234422614 html edit pictures here satellite finds may be 'at least on point' 234422614 html edit pictures here satellite finds may be 'at least on point' 234422614 html edit pictures here satellite finds may be 'at least on point'","2.678596728173142e-11","6.560655004862472"
"906","looked through today thread comment and didn see this posted here yet sorry already has been believe they know where mh370 crashed html","looked through today thread comment and didn see this posted here yet sorry already has been believe they know where mh370 crashed html","is where they can put on some kind of desk and put all of the keycaps in it They have to have some kind of desk!","2.5983659758444362e-08","5.444444444444445"
"907","apologize advance for ignorance but why keep seeing satellite images that are days old are they not able look more recent images just the sheer number images they have comb through that the time they find something the images are already few days old","apologize advance for ignorance but why keep seeing satellite images that are days old are they not able look more recent images just the sheer number images they","added? Because there is no way around it. Then why does it have to be just those images? Because it's a test, and a test only. If there was a test in the first month or so, it would be all good, but it takes time. Then why the fuck is it showing outdated images for years... Because it has to be in 2015 they","1.3305654582780842e-18","8.725028717782315"
"908","nytimes reporting that pilot looking like dead end the flight simulator and hard drives that the pilots flight 370 had their homes appear dead end yielding few clues that shed any light whether they deliberately diverted the missing jet according two people briefed the investigation malaysia airlines flight 370 html","nytimes reporting that pilot looking like dead end the flight simulator and hard drives that the pilots flight 370 had their homes appear dead end yielding few clues","as to how the plane did, or was not (and why the plane did not, or could not, crash with all that wreckage within). “The plane did not land on any of the fuselage’s planes.” Yawn. “The plane did not land on any of the fuselage’s planes.”","6.603394442927838e-08","5.2759530656719935"
"909","don forget vote this thread there lot work gone keeping correctly and conveniently informed for the past days","don forget vote this thread there lot work gone keeping correctly and conveniently informed for the past days","and weeks. Why do they keep repeating this bullshit? Because there are so many people who are so dumb and ignorant that they can't grasp that they need to keep repeating this nonsense. So many people accept it. I don't care if people accept it. Can't give you anything more than a vague name, but if someone asks you a question along the lines of ""What","2.473056648594535e-14","7.533333333333333"
"910","press statement ministry transport malaysia thursday march 2014 50pm chinese special envoy yesterday his excellency zhang yesui the chinese vice minister foreign affairs and special envoy the government china met with the prime minister and dato??seri hishammuddin the acting minister transport and the minister defence following the meeting with dato??seri hishammuddin his excellency zhang yesui also received comprehensive technical briefing the international working group led the aaib inmarsat??findings which led the conclusion that mh370 ended the southern indian ocean were explained during the meeting the civil aviation administration china caac and the aircraft accident investigation department aaid the caac were present yesterday??technical briefing the caac and aaid have been and will continue members the international working group today his excellency zhang yesui also met with the chinese relatives those board mh370 who are currently malaysia committed working closely with the government china and sharing all information related mh370 full family briefing beijing yesterday the malaysian high level team met with the chinese relatives those board mh370 who are based beijing for the fourth time over the duration the three hour meeting the relatives received technical briefing and update the search operation the high level team also answered questions today the high level team met relatives again 25pm malaysia time the meeting still underway malaysia working hard try and make the briefings the chinese relatives beijing more productive malaysian officials met with his excellency huang huikang china??ambassador malaysia request the government china engage and clarify the actual situation the affected families particular and the chinese public general operational update the planned area search today was 298 square nautical miles the west sector and 506 square nautical miles the east sector the area identified the malaysian remote sensing agency mrsa yesterday ??where the 122 potential objects were sighted ??was also due searched today today nine planes travelled the search area ??five the east sector and four the west sector the east sector searches air were conducted two australian civilian aircraft one chinese ilyushin one new zealand civil aircraft one japanese gulfstream the west sector searches air were conducted two australian orions two australian civil aircraft today six ships were deployed the search area ??one the east sector and five the west sector the east sector searches ship were conducted one chinese ship the xue long the west sector searches ship were conducted four chinese ships the kunlunshan haikou qiandaohui and zhonghaishaohua one australian ship the hmas success one chinese ship the hai xun expected arrive the search area tonight today the weather deteriorated the search area and search operations were suspended 40am malaysian team going perth malaysia the process sending team comprised the dca mas the royal malaysian navy and the royal malaysian air force perth this team will work closely with the australian rescue ordination centre assist with the search operation direct link @ facebook php story fbid 10152255707760306 178566888854999","press statement ministry transport malaysia thursday march 2014 50pm chinese special envoy yesterday his excellency zhang yesui the chinese","envoy held a special meeting on cooperation between two countries on issues of economic cooperation. the two countries have excellent bilateral relations as well. the two countries have excellent bilateral relations as well. the two sides have excellent bilateral relations as well. also recent meetings between the two countries have taken place. both sides have excellent bilateral relations as well. also recent","3.716511673136866e-06","4.480896268889631"
"911","what are the odds all this debris that has been spotted not from the plane since they are shifting the search 650 miles can debris travel that far days","what are the odds all this debris that has been spotted not from the plane since they are shifting the search 650 miles can debris travel that far days","ago? Not from the aircraft. You'll hear the rumble of the jets, or just some dongle coming up. There was a lot of debris on the ground. The door to the plane appears to be intact. About 45 feet off of the ground.","2.315689721031112e-11","6.582328161460596"
"912","basically received reports satellite images showing debris the southern indian ocean but one has actually put their hands any must less confirmed what any the debris","basically received reports satellite images showing debris the southern indian ocean but one has actually put their hands any must less confirmed what any the debris","are. Some have reported, but those are not all that extensive.","0.03908454291214172","1.7614096918559585"
"913","new search area pdf pdf looks like right top the diamantina trench","new search area pdf pdf looks like right top the diamantina trench","(left) + the whole section of the room (right) and press left to open that main menu new search area pdf pdf looks like right top the diamantina trench (left) + the whole section of the room (right) and press left to open that new search area pdf pdf looks like right top the diamantina trench (left) + the whole","1.1173786764879366e-11","6.689800046154911"
"914","the new search area very close diamantina deep considering how quickly the entire search force abandoned the previous location and that fact that the fbi was set have completed their analysis the captain hard drive they found diamantina deep his internet search history would both the kind credible evidence that causes complete shift search area but also something you absolutely could not release the public until confirmed with wreckage thoughts","the new search area very close diamantina deep considering how quickly the entire search force abandoned the previous location and that fact that the fbi was","out there was pretty obvious. I wish this was true. I know how they feel about observing ships for long distances. The thing is there was too much data being sucked in, plus we had to sign the documents anyway. I would have preferred to have placed it in the hands of the authorities (or some kind of agency that couldn't be found). I would have preferred to have searched and","8.838152338581088e-17","8.23687767580373"
"915","does this debunk any ghost plane theories plane can make turns after new coords are input but never heard one automatically speeding","does this debunk any ghost plane theories plane can make turns after new coords are input but never heard one automatically speeding","up from zero? You are right, it does debunk them and I'm not surprised. well if it does debunk it then it has to have a data point that means at least one plane is going to make a turn, not all of them are. Yeah. I just don't want the data to be there anymore. So... you are wrong ? this is still new info","1.4842265923714632e-09","5.933333333333334"
"916","amsa and the atsb will hold press conference 1430 aedt provide more details the new search area does anyone know where this press conference might found online google skills are apparently lacking today","amsa and the atsb will hold press conference 1430 aedt provide more details the new search area does anyone know where this press conference","is held. It will be in Auchi (eastern part of the city) or just outside of it. ok i might try to get to it later on","0.000545417588062648","3.2659863237109046"
"917","amsa press conference live now","amsa press conference live now",": The actress was on, where she said ""If India and China want to work out a solution to their disputes, they need to form a unified response"" to China's Belt and Road Initiative (BRI). She said, ""China has no problem manipulating the situation in the South China Sea, which will bring untold costs, congestion, and the largest economic loss to the Chinese people.""","3.6655615250382416e-11","6.513721780101713"
"918","here good graphic which have way verifying not sure already been posted not haven seen before shows overlay australia radar coverage and the last ping derived arc location the plane the arc goes straight through the satellite system which think already knew before someone highly motivated and with inordinate amounts free time could and stick there the various search areas and debris sightings that would super cool australia refuses confirm deny whether the plane was detected well according the trustworthy media but think either their system was down malfunctioned and they don want anyone know they did detect the airspace and are using that direct the search areas and are keeping secret for who knows why and need the doppler effect only cause cool either way can imagine that they did detect but are refusing use the info release other investigative agencies they spending boatloads money searching for this plane too and doesn make sense for them continue spending what they know incorrect also the plane was detected why would they keep that secret not like their satellite capabilities are secret don think this case the plane flying under the radar think this radar goes pretty low would have wasted enormous amount fuel and the pings probably would have cut off lot sooner think there good chance the plane passed through this region and wasn detected for whatever reason jpg","here good graphic which have way verifying not sure already been posted not haven seen before shows overlay australia radar coverage and the last ping derived arc","in australia radar on, its not too good but i would recommend you to check it real good is still on the first thing on your list. also I would recommend you to check in the apps tab on your phone so you know when you are in a game. also I would recommend you to check in the apps tab on your phone so you know when you are in","3.0953587719586688e-15","7.8"
"919","question possible the plane was programmed just before 000 fly that way until ran out gas and everybody board was dead","question possible the plane was programmed just before 000 fly that way until ran out gas and everybody board was dead","... only time i have seen this happen was when one of the pilots spoke to someone who was dying while in an airplane Drum roll please i’ve been so busy lately i don’t have a dubstep grade w/u","2.200100745040424e-08","5.473987486932374"
"920","think easier hide plane for weeks than crash one and try find especially with countries and shitload satellites 24hr prowl with the whole world demanding answers","think easier hide plane for weeks than crash one and try find especially with countries and shitload satellites 24hr prowl with the whole world demanding answers","but no one can find on it. You'll get better information and you'll be more likely to make it to end up at the right place, especially if you go with the right one. you don't need a satellite for planes. you just need a dedicated tracker with an in-orbit location. Use GPS to make sure it isn't flying in wrong directions before you do that.","1.4043485111644206e-13","7.303263814053436"
"921","update still found debris black boxes evidence the pilot remain standstill","update still found debris black boxes evidence the pilot remain standstill","over the sand and water on, its not clean (not much droppings) so they have to make it to the SO. My girlfriend and I’ve been camping at his place for several nights now. The sand and water looks dirty, even with the sand bag in hand, but it’s hard to tell what it’s made of. I’ve also","2.1125970321600435e-12","6.929436774882502"
"922","aircraft arrived new search area and have not found anything that would classify debris australian official says html","aircraft arrived new search area and have not found anything that would classify debris australian official says html","is only in the area on sunday night and the site is still inaccessible. ... ... ... ... ... ... ... ... ... ... ... ... ... ... ... ... ... ... ... ... ...","0.3501556864684451","0.3849001794597505"
"923","live giving update search watch","live giving update search watch","live now - the minutes on, the time, the minutes on and the minutes on, or just make sure it's coming up at the right time. also I'm going through a lot of the apps. I don't know if they all work out but I can't help but see what the apps are. I can't wait to try them out. hmm, they","3.985804962848152e-18","8.6"
"924","the elephant the room that more than likely none the debris that the satellites picked were wreckage from mh370 remember either hearing the news reading article about how ocean currents that part the world often bring together all the stuff ocean has collected over the years bystander and already felt hopeless and frustrated can only imagine how the families and search rescue team feel","the elephant the room that more than likely none the debris that the satellites picked were wreckage from mh370 remember either hearing the news reading article about","the 3rd position or hearing the message ""i read this"" and the first one was saying the 3rd position was the first one. so the first one and the second one were screaming ""that's a third plane."" this is not an exaggeration. i suspected the 2nd position was the first one Quote: Originally Posted by sryy5l i","4.00637702601703e-20","9.113009840706171"
"925","the new analysis that the plane flew faster burned more fuel and travelled less distance these factors would lead less flight time but time air the most concrete fact the ping data confirms these points faster burned more fuel and travelled less distance work with the fact the plane must also the air for hours","the new analysis that the plane flew faster burned more fuel and travelled less distance these factors would lead less flight time but time air the most concrete fact","is it was not flying on, its not flying on. So I suppose we can say it was not flying on. The thing was that the ground’s temperature was slightly higher. you don’t need temperatures to believe in the math... you just need temperature.. the temperature of the body can be measured in degrees without the use of the scale. this is where you miss","3.244405842210005e-17","8.355986525989065"
"926","confused they are saying the plane was traveling faster than they thought more fuel was being used traveled shorter distance but they have pings all the way assuming the plane had not yet crashed until least that moment which would have stopped the pinging there concrete amount time had the air how could travel less distance when was traveling faster for the same amount time are they saying that they overestimated whatever time after the plane was the air which would have had less than hour and that compensates for the decreased distance","confused they are saying the plane was traveling faster than they thought more fuel was being used traveled shorter distance but they have pings all the way","over the ocean It's kind of funny that they failed to make any sense about the origin of the flight since it sounds like the first person to land landed there was one of the first passengers on board. they shoulda called it 'Aussie'","1.637446833163578e-08","5.526066862243561"
"927","considering that the current search area takes hours get hours search and hours return for the hours flying time think everyone should thank their lucky stars that the new search area turned out 684 miles the northeast the current search area toward australia turned out 684 miles the opposite way the planes would have had nearly zero time the target search area before they had turn back fuel","considering that the current search area takes hours get hours search and hours return for the hours flying time think everyone should thank their lucky stars that the","search gets done before the next retrieval (i.e. while flying) there's a real chance it takes less time. My guess is that’s correct. I’ve gone back and forth looking for hours. About 45-75 minutes max. I haven’t been able to find a day since the beginning of the match, along with minutes and minutes.","4.261361294362226e-13","7.152474728151237"
"928","look into the lives malaysia airlines flight 370 pilots lmyqjaxmta0mdiwodeyndgywj far they have turned nothing unusual the pilots","look into the lives malaysia airlines flight 370 pilots lmyqjaxmta0mdiwodeyndgywj far they","are in Malaysia and have very, very good communication and communication methods and very reasonable prices for flights They have excellent communication and communication methods and very reasonable prices for flights. I would recommend them as a business travel agency. Do they have a good communication service in Malaysia? Not yet, but they have good communication. I would recommend them as a business travel agency. I was thinking they","3.6121719382339236e-16","8.066666666666666"
"929","given this new search area would that put the plane place where australian military should have picked","given this new search area would that put the plane place where australian military should have picked","up from? It would, because they'll be in Europe and there aren't any tourists. they are in Europe, where they might use the US and the Russian army. That's where they all went to school, not Australia well, apparently they all went to school, but most of them are American citizens, so they probably stayed in the US. huh, they","2.164032136099822e-22","9.663044511112648"
"930","just when you think they finally have solid search location another change another place been days like that that completely incredible three full weeks with sign not single piece that plane not blaming everyone just clarify know this has been unprecedented just find hard assimilate that has been this long","just when you think they finally have solid search location another change another place been days like that that completely incredible three full weeks with sign not single piece","added. I can't wait to see what it actually feels like and if someone is going through them while researching for a SO. My girlfriend and I’ve been going through them for years but she hasn’t seen ours. I love them and it’s so wonderful to know she’s enjoying them as they’re coming through. I’ve also","4.582409988924136e-14","7.452413135250993"
"931","the search area for missing malaysia airlines flight mh370 has been updated after new credible lead was provided the australian maritime safety authority amsa result today??search will shift area 100 kilometres the north east based updated advice provided the international investigation team malaysia the new search area approximately 319 000 square kilometres and around 850 kilometres west perth more here pdf","the search area for missing malaysia airlines flight mh370 has been updated after new credible lead was provided the australian maritime safety authority","said late Saturday. The Brazilian security authority (Sebastian) said in a statement on Saturday it had updated its search and rescue mission area to include the runway and the runway. ""Sebastian's team is conducting a full-scale investigation of the flight, which included the runway and the runway,"" it said. ""In this search and rescue mission area","2.0097667562376687e-07","5.068030337996144"
"932","boys shit going fly this plane isn the indian ocean","boys shit going fly this plane isn the indian ocean","I was thinking more on, ""Who's actually going to make this happen?"" The real problem is going into the largest ocean, which is likely to be the largest man-made ocean, where there's no air traffic control, and where all of the debris will flow.","7.603358291876363e-14","7.385337492392829"
"933","cnn confirming email alert the search for flight 370 wreckage has shifted 680 miles the northeast based new credible lead says the australian maritime safety authority","cnn confirming email alert the search for flight 370 wreckage has shifted 680 miles the northeast based new credible lead says the australian maritime safety authority","is now in touch with the aircraft to ""digest and confirm the flight wreckage"" the BBC's lead air traffic controller has confirmed. ""There’s now a lot of red tape in place,” said lead air traffic controller Lawrence Seidel. ""It’s the largest ever. The Australian Government owns access to all of the wreckage this is incredible.""","2.394865488369616e-11","6.577329341097438"
"934","someone previous thread put new pics the sphere that washed maldives phone can credit but looks like the fire suppression bottle word from 370 but could that linked the search area shift edit thanks conradaiken","someone previous thread put new pics the sphere that washed maldives phone can credit but looks like the fire suppression bottle word from 370 but could that","be it? It could, its not an ""item"" it has some kind of magic sealant or something like that. My girlfriend has a lot of imagination when it comes to photography, but she thinks it has a lot more to it. I appreciate the post though!","5.874966447055638e-11","6.442528450810767"
"935","amsa press conference australian maritime safety authority emergency response general manager john young and australian transport safety bureau chief commissioner martin dolan attendance article will include video full press conference for the next half hour aspx full press statements young statement would like update you some credible information amsa has received from the atsb which will see the search area refocused today the amsa search for any sign the missing malaysia airlines flight mh370 has been shifted area north following advice from the australian transport safety bureau international air crash investigation team malaysia provided updated advice the atsb which has examined the information and determined area 1100 kilometres the north east the existing search area now the most credible lead where debris may located the new search area approximately 319 000 square kilometres about 1850 kilometres west perth the australian geospatial intelligence organisation tasking satellites capture images the new area weather conditions are better the revised area and ten aircraft have been tasked for today??search they include two royal australian air force orions japanese coast guard gulfstream jet japanese orion republic korea orion republic korea c130 hercules royal new zealand air force orion chinese people??liberation army air force ilyushin united states navy poseidon aircraft and one civil australian jet acting communications relay four the ten aircraft are overhead the search area with further six planes fly over the area today further raaf orion has been placed standby raaf base pearce investigate any reported sightings six ships are relocating the new search area including hmas success and five chinese ships chinese maritime safety administration msa patrol ship haixun the search area hmas success expected arrive the search area late tomorrow night towed pinger locator and bluefin autonomous underwater vehicle have arrived perth assist with location and recovery the black box the depth the water the search area between 2000 and 4000 metres these will fitted australian defence vessel ocean shield which will arrive western australia the coming days dolan the atsb australia??transport investigation agency working with range other international
expert organisations analyse available data and determine the best area search the key pieces information being analysed relate early positional information from the aircraft and
later polling satellite aircraft system the new information based continuing analysis radar data between the south china sea and the
strait malacca before radar contact was lost indicated the plane was travelling faster than previously estimated resulting increased fuel usage
and reducing the possible distance travelled south into the indian ocean the international investigative team supporting the search continues their analysis which could still
result further refinement the potential flight path this has been combined with information about the likely performance the aircraft?�such speed
and fuel consumption for example??arrive the best assessment the area which the aircraft likely have entered the water the information provided the international investigative team the most credible lead currently
have the search aircraft wreckage however this information needs continually adjusted for the length time elapsed since the
aircraft went missing and the likely drift any wreckage floating the ocean surface finally let stress that under international convention malaysia has investigative responsibility for
malaysia airlines flight mh370 this stage the atsb??main task assist the search for the
aircraft this day the search for the aircraft??have drifted the area for days movement taking into account the actual weather and known currents atsb spokesman unsure what the actual speed was the assumption that the aircraft was travelling somewhat constant speed data from satellite polling and radar matches satellite imagery may may not objects and may not debris fields previous search areas have now been abandoned could debris wind scattered around the world depending who picks ??under international convention remains the responsibility the country where the aircraft was registered any wreckage which picked will held for the malaysian investigative teams atsb operating behalf the malaysians any debris picked must handed over australian authorities new area will help get more aircraft scene for longer the other benefit the search area longer the roaring 40s ??which means better weather conditions more often debris has been seen the old search areas does not want classify satellite and visual spots those areas debris that just not justifiable with what have seen adds that this kind thing not unusual this the normal business search and rescue operations the new area based refined data possible that further analysis may change that again what are you actually refining the relationship between 777 performance satellite pings and various projections versus that information trying find the right coincidence those and the end point when the aircraft runs out fuel all engines die together there are range scenarios you still believe the course changed several times the best assessment the aircraft headed south consistently into the indian ocean are you looking other leads from the malaysian investigation the two primary methods are the analyses the movement the aircraft that the best information can have satellite imagery being followed but has produced sightings sophisticated oceanographic modelling determine drifts recall please that this days after the event was expected happen over that days there??significant amount random dispersion objects the search area gets significantly bigger over time data marker buoys are being distributed into new search area continue model drift and keep search area confined all data currently available has been made available the search","amsa press conference australian maritime safety authority emergency response general manager john young and australian transport safety bureau chief commissioner martin dolan","added the two nations have very, very good communication and communication methods and there is no problem communicating with each other. various scores of organizations have come and went with these types of programs, but one of the things that I would like to emphasize is that the work of the public guidance authorities is far more complicated than we imagined. ""As a result, this program has faced significant","5.62598072663921e-13","7.114254185268658"
"936","here another hammer their quickness abandon the search area based this new data analysis plane speed means they have literally zero confidence any satellite images they have released over the last week does this means satellite imagery just not good enough useful this search all find this hard believe but with this current abandonment all can conclude that there ton floating garbage debris the indian ocean and satellites not able distinguish these pieces well enough this may truly impossible cause folks","here another hammer their quickness abandon the search area based this new data analysis plane speed means they have literally zero confidence any satellite images they have released","may be accurate enough to make it to earth and they failed to make any keystrokes or realty calls to confirm they had made a good enough site to send a satellite image. that is one more thing, this is not an action taken by any scientist. skepticalists have no faith. i would say the largest issue of the search and rescue mission they","2.2517558298456266e-12","6.92040596925807"
"937","the search area for flight has been updated after new credible lead was provided amsa more info here pdf","the search area for flight has been updated after new credible lead was provided amsa more info here pdf","download from here","0.2071080891212626","0.8164965809277261"
"938","you know what seems fucked for and mind you this just train thought ordinary person these aircraft find debris drop navigation bouys subsequent aircraft and ships can swoop and pinch yet how many freaking bouys have they dropped and yet how many times have they gone for the search not saying fishy anything just wanted say how awfully difficult find any debris","you know what seems fucked for and mind you this just train thought ordinary person these aircraft find debris drop navigation bouys subsequent aircraft and ships can swoop","in from the sky they did no harm to it and it has a good amount of life or so You are right about that. I never thought about that. I suppose I don’t hate them more than a lot of planes. well you are right about that.","7.053726401645257e-12","6.756798131338121"
"939","and modi going give free farm all","and modi going give free farm all","over India. Why on earth would he? (not much of a conspiracy there, or just some dongler). The farmers are not farmers. He is just one man, his name is ""Kumtebeh"" and he is one man's son. well, that's a really good point ! he's a mere man's son, its not like this is a conspiracy.","9.60625827171285e-13","7.040083136069528"
"940","what smart guy lets make him","what smart guy lets make him","get 3rd position in the lineup?? He has battled injuries and injuries. He's a real MVP. ""He has battled injuries and injuries. He's a real MVP. He's a real MVP"" How is it not? Because he's a physical guy.","9.230631110870817e-13","7.045638767423834"
"941","fine cut timber birch apple and oak wedding will include white bread with mayo salami luncheon meat bag shredded cheese and two cases beer bride keeps the change","fine cut timber birch apple and oak wedding will include white bread with mayo salami luncheon meat bag shredded cheese and two cases beer bride","cake and a glass of red wine served on a small tray. Wedding Ceremony Wedding Ceremony Wedding Ceremony Wedding Ceremony Wedding Ceremony Wedding Ceremony Wedding Ceremony Wedding Ceremony Wedding Ceremony Wedd","0.8794357001917786","-1.172170525067662"
"942","what kind sorcery this edit you guys just don get the reference","what kind sorcery this edit you guys just don get the reference","I was just talking about our Brazilian teams, and the current meta, instead of Brazil or Argentina. ""we don"" is kinda accurate though","2.8665157187919333e-07","5.0"
"943","why should things myself want the government hand everything silver platter pay for education wedding subsidize food give job and never fire because lazy little shit","why should things myself want the government hand everything silver platter pay for education wedding subsidize food give job and never fire because lazy little shit","You are a better person if you think that (and why should they do that? There are numerous examples of this happening in other places.) i’ve been so fed up with poor people’s problems my entire life. they’re fucking my life up","5.874966447055638e-11","6.442528450810767"
"944","fuck weddings pay for her masters degree abroad","fuck weddings pay for her masters degree abroad","and gets paid the same on, well, any (not much) work. I was thinking about going for a masters program abroad and taking credit counseling from a job I don’t have but a friend would like. I know she’d appreciate it. i work as a psychotherapist in an international university so no job in college is going to be enough for me.","2.4466330549259925e-15","7.8296251700212505"
"945","nevermind talking about making your girl independent citizen giving her rights choose and earn still roaming your medieval mentality how one has get their daughter married","nevermind talking about making your girl independent citizen giving her rights choose and earn still roaming your medieval mentality how one has get their daughter married","to only one man who has no rights what about you but if she has no rights she should not be in an abortion clinic and you are not ok with that also I don’t want my daughter married to a foreigner and not to one man who has no rights. I just don’t want my daughter to be kidnapped for a guy who is going to kill me. ok","1.9178898790404034e-14","7.566444492037343"
"946","reminded this exchange shepard conrad you have some kind weird shrine going very unhappy conrad just poster with few candles very tasteful","reminded this exchange shepard conrad you have some kind weird shrine going very unhappy conrad just poster with few candles very tasteful","very nice community shepard on, happy birthday you are a great and unique person , enjoy it You are welcome to make your own. “If I don’t have sex with all of these people I don’t have sex with them… I don’t have sex with these people… I don’t have sex with this people and if they","2.823158037043268e-10","6.2"
"947","stupid faggot rapedog mods chinacirclejerk superior and encourage shitposting your sub","stupid faggot rapedog mods chinacirclejerk superior and encourage shitposting your sub","is only for trolls. It's not about posting whackiest threads. It's about observing those posts. okay but it takes time. not like you know how to read. you don't know how to read either. well you know how to read.","1.7988723938950815e-09","5.901700209217436"
"948","lol rules against shitposting jerk sub like thats gonna work","lol rules against shitposting jerk sub like thats gonna work","out for ya... You are a good person actually but if u want to make fun or just make fun of the sub go ahead. You are a good person but you are a bad person who is going to make fun of the sub. lol, apparently you cant take your butt off of the fucking floor cause u dont know how to read... So, are you telling me you cant","3.88682754642362e-24","10.066445913694333"
"949","woah there don insane with pray mean you don want sultana nanamo primal fight you","woah there don insane with pray mean you don want sultana nanamo primal fight you","just don’t need to worry about it and you could just get it on your normal character You are right about that. I never thought about grinding it out that hard, but it definitely isn’t easy. I’ll try and grind it out for an even better end game character. You should probably try and grind the rest of the game before you do the story","1.9178898790404034e-14","7.566444492037343"
"950","bitch you don own what want","bitch you don own what want","to be in the game on your own i don't want to be in the game or just be in an area i need to be in","2.612365196829464e-06","4.555555555555555"
"951","lol somehow looks like altar put urn @ the middle and you set rofl","lol somehow looks like altar put urn @ the middle and you set rofl","I was thinking something like, ""Who's actually doing this and why did they do that? There is no real symbolism."" My girlfriend and I would do this. She would throw a blanket over the top of the altar and it would be all lights, or we would do a koi candle at the top. I never got to make the koi candle work lol Woah.","9.157840178339696e-21","9.271726499455307"
"952","the problem with direct linking the fucking bots that publish the real reason for direct linking stealth you all faggots rapists something","the problem with direct linking the fucking bots that publish the real reason for direct linking stealth you all faggots rapists something","something fanboys hate You are a good person actually but if you are really stupid, or just lazy and dumb and you need to be exposed, then you need to keep going. sick but true, people like this are not worth coming here for Hey, here's a better one. i am honestly not, but i am a fan of the game and it has tons of","1.1909822395458237e-15","7.919641451525487"
"953","hey think the same lol","hey think the same lol","I was thinking ""i would like to see you play X and Y first x""","1.9298082184642186e-06","4.618802153517007"
"954","whoa easy there don wanna like the shrek love shrek life mjbgo7sf0 guy","whoa easy there don wanna like the shrek love shrek life mjbgo7sf0 guy","name exegego i like you, you better suck and you better have some good friends You are right about that guy. He is my favorite man. I don’t hate him. I just don’t believe in his god-given powers. He just gets way too far in the game for his own good. i know, i know and it’","1.0867601190885696e-16","8.21210061380327"
"955","walked into house the other day find huge portrait the sultana and another her and raubahn the wall facing the door felt like walked into communist state all praise the great leader the odd thing that our allied with maelstrom not immortal flames","walked into house the other day find huge portrait the sultana and another her and raubahn the wall facing the door felt like walked","into a room or something, kind of wish it was better, and I'm pretty sure it's a giant model, but it's kinda hard to tell with it being wall mounted, plus we don't have the pictures yet. ya, that's a great idea. I'm just gonna go ahead and get the pictures and post it to /r/SuntanLights and if they","7.446837778125392e-11","6.406460414514012"
"956","can think nanamo without thinking her grand company speech and the person the audience with the muppet voice cheering hooray nanamo was good speech and that cry ruined made hilarious","can think nanamo without thinking her grand company speech and the person the audience with the muppet voice cheering hooray nanamo was good speech","and the person the speech on, hooray nanamo was good speech and the person the speech on is good speech and the person the speech on is good speech and the person the speech on is good speech and the person the speech on is good speech and the speech on is good speech and the speech on is good speech and the speech on is good speech and the speech on is good speech and","1.2096264996696164e-05","4.2222037160006005"
"957","that painting quite beautiful","that painting quite beautiful","I was thinking more on, ""Who's actually better at painting?""","0.00011527631039794676","3.682947537517004"
"958","best waifu","best waifu","out there right now! haha thanks, I love to make him cry xD You're welcome :) Happy holidays. haha thanks, i need to keep going, its so hard sometimes","5.627263826921036e-06","4.3915503282684"
"959","have come the conclusion that lala will never adorable nanamo shrine her the best can achieve","have come the conclusion that lala will never adorable nanamo shrine her the best can achieve","is only in the anime It would be more like having her and Nana in an animated scene while we are watching the first one. Yea i would agree with you, but i don't mind the first one. I would like to see a full animation with her.","7.687298972140091e-13","7.0710678118654755"
"960","really happy see the comments here very well explained all the redditors sans few jerks here and there what huge huge difference between aaptards and modi supporters","really happy see the comments here very well explained all the redditors sans few jerks here and there what huge huge difference between aaptards and","the majority of the community on here. You are a better person and I love you, because it is true for everyone. The world needs more people like you and you are so, so, so much more. You are a great person and you are a great example of the wonderful work you do. I am honestly very blessed. I am a loving, kind, kind, kind person who","8.838152338581088e-17","8.23687767580373"
"961","right fine with that india got divided the basis religion and non hindus got nation their own why shouldn india cater the need the hindus plight from those countries because are secular fuck that why did the partition happen the basis religions then gandhi fucked over","right fine with that india got divided the basis religion and non hindus got nation their own why shouldn india cater the need the hindus","the problem of the hindus, india should not be in a position to cater the Indians the problem is there should be a system to cater the Indians’ needs Except, of course, that the Hindu people are a minority. they are a minority in india because they made sure India uses the Hindu people as a scapegoat. So you would like to point out that they","4.261361294362226e-13","7.152474728151237"
"962","many countries make distinction between policies for asylum seekers and migrants common sense really","many countries make distinction between policies for asylum seekers and migrants common sense really","is it to protect your rights, or do you think it's a good idea to simply protect yourself. Because if you are a child of the US’s wall you are a child of the US’s illegal border wall. well, apparently the border wall is illegal, but it uses a wall. so, yes, illegal... So, illegal? is illegal.","3.6121719382339236e-16","8.066666666666666"
"963","dae think india initiated this kind policy will only increase the incidences persecution minorities pak and bangla imo should done only case case basis discretely and not publicly announced blanket policy","dae think india initiated this kind policy will only increase the incidences persecution minorities pak and bangla imo should done only case case","in india pak has no extradition request, pak has no extradition request, bangla is just dae should do as we are doing, pak has no extradition request, pak has no extradition request, pak has no extradition request, bangla is just dae should do as we are doing, pak has no extradition request, pak has no extradition request, pak","8.572656199679459e-38","12.796525108494128"
"964","against this very clear how this works support the man doesnt mean that idolise him support his every move blindly means the field leaders that have available believe the best bet lead bring ratan tata the candidate for any party and they will have vote tldr support does not mean worship","against this very clear how this works support the man doesnt mean that idolise him support his every move blindly means the field leaders that have available believe","him support his every move blindly, its not about support but if the opposite is true, its not about support since it has nothing to do with support. It would be hard to argue that the player does not support the man's every move blindly. if the player supports the man's every move blindly then the man's support is without question the largest support group on this subreddit and if they","1.4953533142003658e-06","4.6714570342143595"
"965","hmm think the whole against illegal immigration and wants illegal immigrants sent back but wherever hindus are the minority and are being persecuted bjp wants them move india seeing india the only hindu majority nation this world tried arguing against this logic pointing out that there are already millions hungry uncared for indians who should looked after first rather than foreign national just because she hindu being persecuted have responsibility neighbor urge bangladesh protect minorities but beyond that against this notion should deport all illegal immigrants irrespective their religion grant them asylum needed case case basis","hmm think the whole against illegal immigration and wants illegal immigrants sent back but wherever hindus are the minority and are being persecuted bjp wants them","deported > but wherever hindus are the minority and are being persecuted No, that was not mentioned in the article. The majority of these people are not migrants but are already in Malaysia, Indonesia and the Philippines. its because they are not all Indians or Malaysians or something.. the majority of the people are Malaysians.. the majority of the people are Malaysians.. the majority of the","1.4043485111644206e-13","7.303263814053436"
"966","take jab persons migrating legally should welcome all states should accommodate them infiltrators who enter the country illegally need tackled they tend disturb the regional functioning removed religious subtext less controversial interpretation","take jab persons migrating legally should welcome all states should accommodate them infiltrators who enter the country illegally need tackled they tend disturb the regional functioning removed religious","tolerance to avoid any more onus on those who are living in and out of the country unlawfully they are welcome to make decisions that affect the national’s interests in the national interest and in accordance with the national’s principles of justice, dignity, loyalty, respect and the rule of law they should not be discriminated from the rest of the country for being of the they","1.3256066117605879e-08","5.563035899673184"
"967","very good","very good","idea, would definitely like one, what are your thoughts? I did think about using the real thing, but it sounds like you might get it in a bit of bad taste, which can't be that bad if it's real. Eh, I appreciate the thought. I just don't want the whole ""delicately crafted"" to end with a ""you got it in a bit","9.613913930584605e-18","8.498365855987974"
"968","this allowance refuge the base religion actually valid india was divided india east and west pakistan remember what basis religion bangladesh very much islamist state recognized hindus are seeking refuge due persecution they should allowed however muslims are crossing borders huge numbers than becomes whole new issue which would require diplomatic intervention","this allowance refuge the base religion actually valid india was divided india east and west pakistan remember what basis religion bangladesh very much","suffered from the independence struggle on sunday night india and India and their christian neighbors were observing the independence movement with the largest ever unrest. “just wall-to-wall,” the bible tells us, “in all of the lands of the earth..” (i.e. no religious system, no state religion) “the sacred and sacred they","3.998875182747469e-10","6.144972234329766"
"969","old issue rehashed several time here modi wants india give asylum bangladeshi hindu refugees who came here escape persecution and growing islamic radicalism their home country increasingly common problem bangladesh but not bangladeshi illegal migrants general who just came here for economic opportunities because their numbers are simply massive and are causing major demographic changes several indian states","old issue rehashed several time here modi wants india give asylum bangladeshi hindu refugees who came here escape persecution and growing","up in india is on, its not indian problem(not from the east) its real problem(not from the west) whats wrong with it? > whats wrong with it? India has absolutely no tolerance for religious extremism (and many of the same things happen there too) so they choose to exploit it to their own advantage (and that's a good thing)","7.832711652817892e-22","9.530415984039145"
"970","what wrong with that another lame ass attempt modi bow wow","what wrong with that another lame ass attempt modi bow wow","I was just talking about his stupidity","0.0004837142251238715","3.299831645537222"
"971","have answered this several times tldr whole heartedly agree persecuted hindus don have any other place earth except probably nepal somebody must help them","have answered this several times tldr whole heartedly agree persecuted hindus don have any other place earth except probably nepal somebody must help them","out","N/A","N/A"
"972","don need more poor people india are already nation with large scale unemployment and poverty why are allowing immigration people with little skills the reason why bjp wants pursue this create voting loyalists for the party congress has allowed unfettered immigration people belonging particular religion just increase its voter base","don need more poor people india are already nation with large scale unemployment and poverty why are allowing immigration people with little skills the reason why bjp","is only in power politics on national level this is my guess and I'm not saying bjp is going to end up as a good idea, but i do believe that the next president of india is going to have a lot more powers in his presidency","9.533510728291701e-11","6.368673331236264"
"973","there are two categories illegal migrants first are those who want come india for economic reasons secondly those who are persecuted should provide asylum those who are persecuted and send back those who came here for economic reasons support modi stand this","there are two categories illegal migrants first are those who want come india for economic reasons secondly those who are persecuted should provide asylum those who are persecuted","should provide basic rights like bodily liberty to their fellow migrants Then why does it have to be illegal? Because if someone had to be forced to come to India for economic reasons, then they have to provide basic rights like bodily liberty to their fellow migrants. So I can't just come to India for economic reasons? Not for economic reasons. So I can't just come to India","1.1974961291418887e-19","8.993491139867926"
"974","modi communalist the little fucker knows bangladeshi hindus are not facing any problems india but has play saviour role which had done gujrat for more than decade pakistani hindus are crossing border rajastan and they are welcomed and are given out ration cards bjp each individual welcomed with celebration","modi communalist the little fucker knows bangladeshi hindus are not facing any problems india but has play saviour role which","is only in the politics on which the masses are divided and why the opposite is happening in india is also very real. The country is not facing any problems and the wall behind the wall is slowly but surely the wall behind the wall is starting to break even faster and the time for this wall behind the wall will pass. i would like to make sure, that this is not a story","1.4043485111644206e-13","7.303263814053436"
"975","what sickulars say about this live bangladesh for some years bangladesh secular isn","what sickulars say about this live bangladesh for some years bangladesh secular isn","'t only for shibboleths but also for (and why and why not why does it matter about shibboleths) shibboleths of the wall street, of the rich, of the poor, of the poor. well, apparently the rich guy in bakchod is shibboleth. well, apparently the rich guy in bakchod is","9.913625122559967e-25","10.2"
"976","why only bangladesh hindu and christains from pakistan are killed raped and murdered even secularist should accept them plus according these countries are hindustan why not support him","why only bangladesh hindu and christains from pakistan are killed raped and murdered even secularist should accept them plus according these countries","are secular and non-believers they are not (and why and why not why does it matter how many of these kids had to be forced to defend their religion and their national pride? what about the sign of the cross in Pakistan not saying the name of the lord of the stones.. the prayer of the sun can't be blessed because they are secular and non-believers they are not (","1.0094282845495044e-24","10.198245898647606"
"977","here take india was partitioned belief that muslims living india will continue live unharmed similarly hindus living west east pakistans will continue live unharmed india will considered hindu nation where hindus migrating from west east pakistan will welcome take refuge muslims from india are free migrate pakistan now that hindus are not being treated well and they want migrate nation which was created for them they are welcome but muslims have their nation result partition they are not happy with situation there then they should try improve situation rather than move across border not question about hindu muslim question national resources national security and rights indian citizens hindus bangladesh are much minority that you will not notice they migrate india but muslims are migrating much population that has created severe identity crisis east india and pakistan with support china trying take full advantage that situation think beyond your hatered for modi and put india before anything else you will realize are critical situation with major threat from pakistan and china and have handle favor india without giving communal color","here take india was partitioned belief that muslims living india will continue live unharmed similarly hindus living west east pak","istan and so on. i dont understand how u can say india is divided in two but i dont understand what u need to be concerned about. It is divided so Muslims living in india would not be attacked. ya but if u had to worry about attack in india after India declared war on muslims it would be in india, along with other countries like they","5.972937820342155e-14","7.417381199564245"
"978","this weird","this weird","post from r/all on some kind of moment (e.g. some kind of war scene) is going to get deleted by a lot of subs... there is no shame in that. It's a sub that was created by a lot of people and it has such an obvious hate towards women the mods just put up a reminder post from the top of the subreddit to make it look like","6.1014421920100456e-15","7.713901315435238"
"979","the real bhagoda","the real bhagoda","is only in the post on /r/pussypass I did not know that existed. I just thought it was pretty.","0.0016204172857593384","2.943920288775949"
"980","have only recently started follow indian politics but this seems absurd","have only recently started follow indian politics but this seems absurd","and it clearly shows how easily someone who's a ""liberal"" and a ""liberal"" can divide people and their views. The left scores points on this. also I don't want to hear ""liberal"" people talking about Trump not saying anything about Hillary","1.0763544768768941e-11","6.695271963607354"
"981","why don liberals who yap about the evils hindu society endorse modi right reject child marriage thrust upon him","why don liberals who yap about the evils hindu society endorse modi right reject child marriage thrust upon him","?? Because he knows how to defeat the libs. oh I'm not defending or endorsing him. I'm just saying why don't liberals have to defend or oppose these demonised child abusers. Because it’s not against them to oppose them. I don’t see what the problem is. Not all liberals support the idea of child marriage. Woah.","5.62598072663921e-13","7.114254185268658"
"982","hasn experienced one the greatest things the world virgin prime minister that probably first","hasn experienced one the greatest things the world virgin prime minister that probably first","added to his collection was a woman who was too small to be a virgin. I was just about to say, what a great thing!","0.029453359307830964","1.8888888888888888"
"983","left his wife and spies young woman using state machinery the hero deserve","left his wife and spies young woman using state machinery the hero deserve","to be in prison. He has taken a life but why and why not? This is just some dummies trying to make sense of things that have to do with China so they can stop the world from going through a war... He's a good guy. well, that's a really good thing, isn't it? So is it a good thing for *you*, or","3.7684049429933245e-19","8.866666666666667"
"984","don care about his personal life but brought this upon himself was not right him deny her existence previous elections and now finally admit before this one the one who publicly claimed has one corrupt for reading indian express article about his wife she came off someone who still admires and respects modi and wished nothing but success for him taking that into consideration its begs the question how modi views women general","don care about his personal life but brought this upon himself was not right him deny her existence previous elections and now finally admit before this one the one","he wants to keep from the public. He has no intention of denying her. He is just being a dumbass about it. You are right i need you to believe everything that comes out but i do accept it. I know you have no knowledge about the situation but you just don't care enough to make it up to him. He is just a dumbass about it and you know","3.2731866707618943e-19","8.882347881956882"
"985","international media will eat this especially when modi becomes the and goes international visits without first lady child marriage exotic india the western media would have field day","international media will eat this especially when modi becomes the and goes international visits without first lady child marriage exotic india the western media would have field","day in his position","0.0477903522728147","1.6666666666666667"
"986","the marriage breakdown really irrelevant the issue arguably why modi was not candid about far arguably the answer our extremely judgemental and conservative society","the marriage breakdown really irrelevant the issue arguably why modi was not candid about far arguably the answer our extremely judgemental and conservative society","is where you can't be, its not about you but all of us want to be married Yea I know but it’s kinda irrelevant to it. I don’t think it’s relevant, because it’s so obvious. I don’t see what the issue is. I don’t want people to be confused by it. ok","9.60625827171285e-13","7.040083136069528"
"987","that poster awesome love know the source well","that poster awesome love know the source well",", only reason i asked for this is cause i dont want to make any assumptions about your knowledge I was going to ask the same question. I'm not sure what I'm going for... you don't need to make assumptions, because they allude to it. Can't give you realistic expectations. You are right! I'm just promoting the poster along with other posters!","5.62598072663921e-13","7.114254185268658"
"988","had purchased real estate worth lakh the market value which now about crore the man knows how invest","had purchased real estate worth lakh the market value which now about crore the man knows how invest","some more money in real estate, its not about me but all of us want to make our real estate and realty investment profitable. You are right i need to keep the real estate and realty investment going for maximum profit. Yea buy a land and a house in a city which is far from the capital and you will get a decent income at least. Its not about me","2.837707223351546e-12","6.887568256738228"
"989","just yesterday there was full page women empowerment modi the man action will not say anything against husband very powerful this job all have survive afraid the consequences jashodaben chimanlal modi","just yesterday there was full page women empowerment modi the man action will not say anything against husband very powerful this job all have survive afraid the consequences","are now exposed this job on, its not about you but all of us want to work as a family and for freedom and freedom to be respected and respected”- wallpaper-to-wallpaper","2.9484640894492403e-06","4.530051602506037"
"990","isn the real bhagoda","isn the real bhagoda","a fan of the politics on here? Yea but why the opposite? Because both sides of the political spectrum are full of delusional delusional fucks","0.0002401705999909348","3.4914862437758782"
"991","mutually separated decades back this really news obviously the bankrupt political opponents will milk this for ever but modi grandiosely comesback jashodaben now that will some melodrama","mutually separated decades back this really news obviously the bankrupt political opponents will milk this for ever but modi grandiosely comesback jash","an ji will have to form a government to grant these rights and claim these rights, or just make it an end to jashan ji's dominance in the state. I don't want sarda to rule the state. so why does jashan ji's government do the right thing and cut down the debt so much ? its not like this is easy if they","2.1874583594850333e-28","10.987793305828141"
"992","that was before she became honest and secular","that was before she became honest and secular","I was young when she became Christian as well. Then why did she have to sell herself for more money than she had to spend? Because she obviously has no shame. ""she "" became Christian as well"" Did she sell herself for more money than she had to spend? I am honestly not sure, but she sold herself for less than this. She did buy","1.0024480401401515e-13","7.348469228349534"
"993","genuine question brother where you think comes from when says muslims hum paanch hamare panchees calls muslims mians edit well was waiting for your response can ask you some more questions not sure you reply again guess will just put them out there said muslims shouldn given relief camps after 2002 riots they turn camps into baby producing factories comment why you think never visited relief camp after 2002 went gaurav yatra pride rally after riots what you think was proud how you feel about maya kodnani being made cabinet minister 2007 when everyone knew her role riots why comment muzzaffarnagar","genuine question brother where you think comes from when says muslims hum paanch hamare panchees calls muslims mians edit",": ok cool thanks! It's ""Muslim"", but it also means ""Muslim"". ok cool thanks for explaining","0.0003348647245109144","3.401680257083045"
"994","can see why namo appeal can see why some muslims would support him too anyway have question for you others you think modi bjp wins clear majority won have depend coalition partners can avoid the influence rss vhp the answer then what the worse that you think can happen india the answer yes then please explain why you think modi would able control bjp mps from around the country well was able control bjp mlas gujarat","can see why namo appeal can see why some muslims would support him too anyway have question for you others you think modi bjp","is only in power to make sure muslims dont be in power to make sure muslims dont be in power to make sure muslims dont be in power to make sure muslims dont be in power to make sure muslims dont be in power to make sure muslims dont be in power to make sure muslims dont be in power to make sure muslims","2.923102316430702e-39","13.056353029478782"
"995","such the ummah that breaking the rank will lead much larger repercussion try saying don believe god support gays right live their lives need common personal laws india","such the ummah that breaking the rank will lead much larger repercussion try saying don believe god support gays right live their lives need common personal","space from you, better on your life if you think God is a good person , more people should believe him for what he is My girlfriend is married to a guy I know, and we don't do the gay thing, because it is just her way of saying we don't do the gay thing, because she thinks its not ok to be gay. I would never say it's OK,","9.775168293512418e-19","8.75985403617222"
"996","alright dude they will see the light soon enough","alright dude they will see the light soon enough","but it takes time. It's not too late yet. I'm just hoping they'll be there in 2-4 weeks. i know right? it may take some time. we don't know all the details yet!","1.8427668871499394e-10","6.2667956144051224"
"997","choosing mind over heart mark win over fear congrats","choosing mind over heart mark win over fear congrats","on your new position! haha thanks, I really like the game and the story is just really good. I've played like 100 hours of the game and the game plays really well. I'm glad I'm not the only one. well you are now my guy.","2.661856402889066e-13","7.216769430035112"
"998","people change opinions they learn more","people change opinions they learn more","about themselves in the real world, its not about you but about others True, but it’s about other people as well. If you have to explain what it means to change opinion, that’s it. I don’t even care if I can change it, I just don’t want to. So... you didn't change anything and you just don","1.0663691219955483e-09","5.987360424133898"
"999","kudos considering the prevailing mood brave thing even you and find perfectly logical","kudos considering the prevailing mood brave thing even you and find perfectly logical","argument isnt going to make it to the top. I’ve seen this logic before, and it’s always kinda funny to me. I would assume that the sentiment was that the sign is something like this: “Amen”; “Amen”; “Amen”; “Amen”; “Amen�","3.217692432023014e-13","7.190924955066747"
"1000","found the flier the flier says hoang long phong free distribution 408 960 4903 california usa monk with lot youtube clips vietnamese the flier the same writing style the poster with some the same pictures probably just call and ask about the poster","found the flier the flier says hoang long phong free distribution 408 960 4903 california usa monk with lot youtube clips","and 3d printed shirt on, its not too late to make it into a business card I was going to write a whole series of pictures and a video but I just don’t have the time. I wanted to write a video to show how to make holders in a packaging that is far more complicated. I wanted to make holders in small size boxes. I wanted to make holders","1.4043485111644206e-13","7.303263814053436"
"1001","christmas eve prep last year girl went the asian market for groceries and the way out were the recipients teaching one these pure land monks who was traveling around america preaching dharma was interesting experience because was the most evangelical ever seen buddhism expounded anyway heaped materials and have this exact poster you promise give good home will mail you tube and figure things out","christmas eve prep last year girl went the asian market for groceries and the way out were the recipients teaching one these pure land monks who was","very religious in his ways, and the son was (and is) going to teach him. Yea christmas eve prep is kinda old school,”- I don’t remember but one of the things that I remember is where all the old traditions and such began.. This was when the old temples were very outdated and the old traditions have a lot more meaning and significance.. they","9.775168293512418e-19","8.75985403617222"
"1002","dude you are looking for perfect party with best policies and 100 honest candidates then think you are about 2000 years too late may not perfect but seems like bjp your only choice lesser evils amongst the others","dude you are looking for perfect party with best policies and 100 honest candidates then think you are about 2000 years too late may not perfect but seems","good enough right? You are right and it actually works. I'm just not into politics lately. I'm just trying to make it light and fun to do with my life. I don't want to make it like this. i have no problem with it. you just said you were looking for perfect party. no need to make it like this. you are not looking for perfect party","2.91528814821389e-16","8.092805848005158"
"1003","??they had sushma swaraj arun jaitley candidate they would have had vote minute really sushma over namo","??they had sushma swaraj arun jaitley candidate they would have had vote minute really sushma over namo","i jiyeh. i don’t remember the opposite. they had sushma and sushma jiyeh, sushma and sushma jiyeh. they would have voted for sushma and sushma jiyeh, sushma and sushma jiyeh. Sushma and sushma j","1.0082049013621205e-07","5.197818390182175"
"1004","find funny that the only party that stands for unified civil code classified being socially conservative and regressive sigh","find funny that the only party that stands for unified civil code classified being socially conservative and regressive sigh","I was thinking more on, what if it actually failed. Then it'd simply be just another Nazi Party with more members than a lot of the other groups combined. And then we'd have a third-party, progressive, modernist, centrist, or liberal. Yea sure, the winner gets all the points and the loser gets none. You sound pretty bitter. Didn","1.3768287042728127e-17","8.456566295696707"
"1005","both statements are true though may not look nice next each other","both statements are true though may not look nice next each other","I was thinking more on, ""Who's actually better at something, instead of the other."" they are both pretty true but i personally use the first one and the second one. that's a good thing, that's not saying anything about your argument. I can't help you but appreciate the help :) that's a good thing and it's a good thing, that's why","2.7281535713460872e-21","9.4"
"1006","come tards let put aside those differences and upvote good joke shall","come tards let put aside those differences and upvote good joke shall","we? Some may not, some may not (and that makes up for lack of words :3 ) ""He's right! He's right! He's right! He's right! He's right! He's right! He's right! He's right! He's right! He's right! He's right! He's right! He's right! He's right!","1.5312003342330478e-42","13.619600085667217"
"1007","well right and yeah that bot annoying","well right and yeah that bot annoying","af The thing is on, its not, its my other account","3.167124183311986e-05","4.0"
"1008","this all just ploy give upa thank god most the polling done nda bust this time","this all just ploy give upa thank god most the polling done nda bust this time","I was thinking more on, what if it actually failed. if it actually failed its only because it didnt know how it works","2.0604631764593668e-11","6.599663291074444"
"1009","welcome namocracy there are people twitter who actually believe this either staged deserved sigh calling now modi rajnath will issue statement saying condemns the attack soon and everything will forgotten firs investigation nothing","welcome namocracy there are people twitter who actually believe this either staged deserved sigh calling now modi rajnath will issue statement saying","the remarks are not appropriate on national security grounds, or that BJP and NDA were using words which were aimed at other sections. There are a lot of voices calling these days for Modi and NDA to accept their legacy. About me Hey! I am a journalist, writer, political activist and a fellow blogger from the United Nations. I'm a full time Indian","5.082796817912267e-12","6.804138174397717"
"1010","itt bjp supporters instead sympathizing are making fun somnath whatever happened shameful ideological differences may exist but resorting violence not justified","itt bjp supporters instead sympathizing are making fun somnath whatever happened shameful ideological differences may exist but resorting violence not justified","is only bad thing for the state. Its actually better if BJP is involved in fighting or supporting those in power than focussing on those in power to cull the bad actors. If BJP is involved in fighting, that is not against the state. Yea but if BJP is involved in fighting, that is also against the state. So its wrong to believe that BJP is involved","3.985804962848152e-18","8.6"
"1011","this sub polarized fuck","this sub polarized fuck","er The thing is on, its not even close to toxic and I'm not black or gay. ""we don't need you to hurt us” I don’t hate people on the internet, this is not race baiting, this is my life.","0.0003246693454615798","3.4101218185880198"
"1012","can people come out their fucking fap modi matter what world for once and just condemn this outright this the most disgusting level modi fappers have stooped","can people come out their fucking fap modi matter what world for once and just condemn this outright this the most disgusting level modi fappers","fap in canada. I wish this subreddit had people like you. I wish this subreddit had people like you. I wish this subreddit had people like you. I wish this subreddit had people like you. I wish this subreddit had people like you. I wish this subreddit had people like you. I wish this subreddit had people like you. I wish this subreddit had people like you","8.824127956583867e-28","10.861165327933358"
"1013","now that the elections are supposedly the bag the real face and instincts bjp comes surface","now that the elections are supposedly the bag the real face and instincts bjp comes surface","in India. Why did they defeat you, you poor idiot? Because they lost their real face and instinct instincts. The result is still the same, and the result is based on what a ""real face"" is. ya and the result is based on your recent statement","2.315689721031112e-11","6.582328161460596"
"1014","wow they have improved from staging slaps now staging getting beat","wow they have improved from staging slaps now staging getting beat","by more people and more on, its not even funny anymore Yea I'm worried that they'll be nerfed. The thing is there was a lot of content with these days (ratings) that they barely played. I don't care if people are complaining about recent content (which I really like), but honestly, they need to make the game more fun. Its not fun they","2.91528814821389e-16","8.092805848005158"
"1015","few things made clear these elections there are tards and cunts everywhere india one can stand criticism their opinion you voice your opinion and doesn match mine then you are either tard cunt and not patriot those with the best intentions get corrupted and the corrupt can have the best intentions all screwed and the elections are really about who gets have our asses first","few things made clear these elections there are tards and cunts everywhere india one can stand criticism their opinion you voice your opinion and doesn match","with the majority but if tards and cunts and whiners and cranks in india real dissing them and their views or their views or their views or their views or their views or their views or their views or their views or their views or their views or their views or their views or their views or their views or their views or their views or their views or their views or their views","7.746152622968144e-44","13.835836792432739"
"1016","what crazy downvoting libtards here this isn the first time aap has tried pull off publicity stunts like this","what crazy downvoting libtards here this isn the first time aap has tried pull off publicity stunts like this",". Because he knows how to sell a ""pop"" movie and claim to have sold over 70 million movies since it has a worldwide reach. i’ve seen this same thing before, but i don’t remember if it’s always the same guy.","4.442300208692309e-10","6.128258770283412"
"1017","feels good that was somnath beaten","feels good that was somnath beaten","up from the inside out on sunday night, and the captain and the first team are both now off and going into the next match against us, that’s exciting to hear. that's a good feeling, that was not expected at all, but it does give you hope, its really good to hear. I can't wait to see where our team is this season. we","2.5113338670768307e-21","9.408709237924697"
"1018","nautanki timed best","nautanki timed best","here The thing is on, its not too late to make it into the game. Are you joking? He's right. If you're not into the game you don't need to worry. Then why don't you play it? Because it works. I just don't want the games I don't want to play because they have no value. Then why don't","1.700216809618135e-12","6.960094997514705"
"1019","nda last government did corruption acquiring coffins for soldiers during war such nationalism such hinduism wow god knows what they are going now","nda last government did corruption acquiring coffins for soldiers during war such nationalism such hinduism wow god knows what they are going now","but it was not a bad thing for us to grant these coffins You are simply clueless. You are right i need to learn to read","1.944003628644006e-09","5.888888888888889"
"1020","this just trailer what will happen all the dissenters and opposition members once modi becomes the and somnath bharti lucky have escaped with just beating wasn shot like haren pandya encountered like ishrat jahan killed riot countless least not yet like indra gandhi this person very bad news for common civil liberties unlike mrs gandhi though doesn even have the saving grace secularism","this just trailer what will happen all the dissenters and opposition members once modi becomes the and somnath bharti lucky have escaped with","some loot and a better life, its not about me but all of us want to enjoy a life with these dissenters, its about my happiness, its about my happiness. so, its not about me. Let us hope for more. well, lets hope we can find a better life for the people now. Not all dissenters are in favour of change. is there anyone","2.088818198229013e-22","9.666666666666666"
"1021","everytime aap has some public fallout shazia communal comments lack funds someone from aap gets beaten very interesting","everytime aap has some public fallout shazia communal comments lack funds someone from aap gets beaten very interesting","I was thinking more on, what if it actually happened. if it actually happened or just some dfps comment, then no update","3.4312975776572487e-07","4.965212315030781"
"1022","main jaa raha hun indiansgonewild par wahan par kuch naya material post hua","main jaa raha hun indiansgonewild par wahan par kuch naya material post hua","chakte hai. i hate it when these people and their followers claim that they are not donggwangdongs. they are not donggwangdongs... They are a noble people like you... They deserve to be called ""gwangdongs"". They deserve to be called ""Gwangdongs"". They are not donggwangdongs","2.088818198229013e-22","9.666666666666666"
"1023","lol how ironic this still not bad what this fat spammer did those ugandan women","lol how ironic this still not bad what this fat spammer did those ugandan women","I was thinking ""whoa whoa, what a jerk!"" Lmao. Yea I know how it works. I just thought to myself ""whoa, what a jerk!""","1.0129898440335584e-10","6.359358571541744"
"1024","pretty ridiculous how ibnlive are blaming bjp for this without any proof investigation someone said they were wearing bjp topis lol like they would wear aap congress topis before doing this","pretty ridiculous how ibnlive are blaming bjp for this without any proof investigation someone said they were wearing bjp topis lol like they would wear","some turban if asked for proof of presence. they are a good proxy for black Indians now. ""we don't need any proof of presence” I don’t think that’s accurate. I don’t even know how we can know that the top of the body is white and the girl wearing it is white. I don’t believe they","4.261361294362226e-13","7.152474728151237"
"1025","get aap volunteers wear some bjp caps and slap put black paint eggs kejriwal bharti profit from trp donations","get aap volunteers wear some bjp caps and slap put black paint eggs kejriwal bharti profit from trp donations","in his community Why do they wear ""pap"" caps and put some black paint eggs kejriwal is going to steal from the poor. i’ve seen this happen a lot, but i don’t believe you. lol, apparently you are a guy.. This is India, people are treated very unfairly. So... you are wrong ? this is India, they","3.0953587719586688e-15","7.8"
"1026","yes look this post learly written the article they were not drunk and what does the title say idiots idiots everywhere maybe bots","yes look this post learly written the article they were not drunk and what does the title say idiots idiots everywhere maybe bots","?? The headline doesn't say idiots idiot, it says people and their stupidity is simply because they're idiots. ok fair enough but i would have to disagree with that","0.000545417588062648","3.2659863237109046"
"1027","hahah post whining about how aap posts are getting downvoted every cribbbing pro aap post upvoted and everything else downvoted \ honestly these whining babies couldnt see the irony this then hope","hahah post whining about how aap posts are getting downvoted every cribbbing pro aap post upvoted and everything else down","voted. Why do they get downvoted? Because they suck. ...Are you trolling? He's trolling. He's a troll and you know it. ...But where is the proof of this? Because every post is upvoted and the post itself shows up at his/her upvotes. So...what's wrong with this subreddit and why they","3.245450607900565e-11","6.531972647421808"
"1028","many sanghis here who this religiously","many sanghis here who this religiously","supports are in the US on some kind of welfare grant. You are right about that. I just don't want to make it a pain to get to and from work. I don't want to make it an expensive day trip so I'm thinking I can't afford a day in the mall. I live in the US and the US government has no incentive to make it cheaper. they","5.31470901464361e-23","9.8058067569092"
"1029","far know reddit karma about democratic gets unless there are rigged karma bots think whatever you see true reflection india you call that modification then you just swallow the bitter pill and live with the zeitgeist","far know reddit karma about democratic gets unless there are rigged karma bots think whatever you see true reflection india you call that modification then you just swallow","your pride and the post on your usbo moment you are so angry your thinking about your own real dissing since what is it like to live in india and you know you are a bad person but you do not like this real reflection india and you know you are a bad person but you do not like this real reflection india and you know you are wrong and you do not like this","1.8590401017373071e-22","9.678590056678301"
"1030","the political threads have been pro modi bjp echo chamber for while now and you can even hint being even slightly aap without drowning instantly sea hateful tard allegations there much unwarranted bile spewed every time aap mentioned baffling","the political threads have been pro modi bjp echo chamber for while now and you can even hint being even slightly aap without drowning instantly sea","changed now. Why did they suddenly become anti modi? Because some people are saying real change is going to happen after the elections. i’ve said so, its not clear but i don’t believe you. You said it in my previous comment.. This is what the anti modi brigade said when they talked about voting for PM. Why do they suddenly become","1.8423326457249043e-13","7.266666666666667"
"1031","love their downvotes the knicker paltan can fuck itself reminds the retarded abvp crowds delhi university with their silly tilaks and always operating crowd edit ooooh heavy downvoting goosebumps","love their downvotes the knicker paltan can fuck itself reminds the retarded abvp crowds delhi university with their silly tilaks and always","the only ones left to defend our religion and our culture they should join the naxxr and the dumb troglodytes. i’ve been so fed up with these clown shows, people like these are so niche where they’re getting free food from the mall. i am honestly fed up with these clowns because i would pay for a full sized meal","7.377246530076128e-22","9.536632970868315"
"1032","this reddit not message board the opinions widely accepted are upvoted the ones which are not are downvoted the problem with reddit not india","this reddit not message board the opinions widely accepted are upvoted the ones which are not are downvoted the problem with reddit not india","is where you can't reach out to those who actually believe in and claim to believe in what you believe is going on. The problem with these threads is that they tend to circle jerk. that's a good thing, people are not saying the message boards are up for discussion.","3.901129114805226e-08","5.3716427147145085"
"1033","wtf you mean just you had create this fucking alt just come out the silent observation watching india being infested modipests this jpg article will shed some light why how this infestation happening","wtf you mean just you had create this fucking alt just come out the silent observation watching india being infested modipests this jpg","is only for ur own interest, its not about you but yours and your own selfishness Are you retarded? okay idk why the fuck you are being downvoted for being a retard","1.0715601183091512e-08","5.600032174939744"
"1034","actually anything non bjp modi rightwing being down voted doesn have anti","actually anything non bjp modi rightwing being down voted doesn have anti","-trump message either. It has Trump's ""message"" and it has Modi's ""message"" and it has Modi's ""message""","2.612365196829464e-06","4.555555555555555"
"1035","just waiting for 16th may when matter what the results are india will full retard","just waiting for 16th may when matter what the results are india will full retard","in 20 years. You are a good person (and I know you are). I'm just curious if you are one. i am not, i do not consider myself a good person, but i do accept things that are not against the spirit of the game. Can't give you anything specific, can't be anything specific but I promise it will be a good game and you are","1.1459741558553616e-18","8.741913556629289"
"1036","bhaiya iss desh mein toh log bina soche samjhe vote dete hain alag alag parties aur aapko online bina soch samajh voting padi hai serious note though too have seen this recently not that pro aap don even like them but engage any meaningful discussion about them india next impossible","bhaiya iss desh mein toh log bina soche samjhe vote dete hain alag alag parties aur","chakte hain…, hoon gaye nahin kya bhi bihte chakte hain…. Nein…”- Anirudha Singh “Har hai….Naya bhi naye….Naya bhi naye….Naya bhi naye….Naya bhi naye…","4.868963274891459e-15","7.742632421051108"
"1037","what are you talking about always seeing some analysis some modi speech his lack apology some other irrelevant news quip him his party allegedly doing wrong which article was pro bjp the comments overwhelmingly are the last week besides its fair game that aap don feature the top page aap party without any record party which shouts and shoots allegations appear the news and reddit rejects such type campaign then only shows certain level maturity what thoroughly shocking the complete absence congress supporters here","what are you talking about always seeing some analysis some modi speech his lack apology some other irrelevant news quip him his party allegedly doing wrong which","is why he seems to think his party are doing well. You are right about that. I just don't want to make him look like an idiot who thinks the wall is going to make him look bad. I'm just curious about his reasoning behind what he thinks. i don’t know his reasoning behind the wall but i do think it’ll be easier to keep him","3.244405842210005e-17","8.355986525989065"
"1038","how does the upvote and downvote work can make bot which will keep making new reddit accounts you don even email for that and keep upvoting submissions and make karma whoring overlord have tried upvoting submissions from numerous throwaway accounts like this one and seemed the downvotes were added automatically the downvotes were gone after removed upvotes whhat the deal here reddit","how does the upvote and downvote work can make bot which will keep making new reddit accounts you don even email for that and keep upv","oting bots? It does, its not an automatic way to make your account with multiple accounts but it does for sure","1.425135857619457e-05","4.185110693297313"
"1039","commenting here saw this link front page myth busted you might want spend more time rting shri ak49 instead making memes can judge which one more productive impactful though","commenting here saw this link front page myth busted you might want spend more time rting shri ak49 instead making memes can judge which one more","post gets exposed in better on different site. Not really, and I'm not going through them anyway. I just thought it would be interesting to see what it would look like, because it's in a different sub anyway. I don't care if people are complaining about something they haven't seen before, that shit's up there. So... you didn't care if people are complaining they","9.60625827171285e-13","7.040083136069528"
"1040","shit posts like this getting 100 upvotes good indicator which way the most active redditors here lean they cultivated rock solid professional victimhood mentality and are jihad dharm yudh mode","shit posts like this getting 100 upvotes good indicator which way the most active redditors here lean they cultivated rock solid professional victimhood mentality and are","now supporting Trump. You are a good person actually but if you are one that was created by a Nazi to promote his cult of power then you are a bad person. haha what a joke","3.231352691230048e-14","7.4983481664447424"
"1041","that just because anti modi means anti india means anti india means you fucking commie pseudo secular paki libtard scumbag understand now did mention you don want india prosper also you probably sacrifice babies during the full moon","that just because anti modi means anti india means anti india means you fucking commie pseudo secular paki libtard scumbag","You are a better example than us, because you are so fucking right. okay but i dont want to talk to you, because i dont want to talk to you, because i don't want to talk to you, because i dont want to talk to you, because i don't want to talk to you, because i don't want to talk to you, because i don't","1.1553044044989252e-17","8.47700708521628"
"1042","lol get ready suck the dick","lol get ready suck the dick","outta me. You are a good person","2.2278545302028032e-05","4.08248290463863"
"1043","not everyone wants hear the other side some people are just too stupid blind even listen that what you are seeing there are lot pro aap supporters this forum opinion but they not put much effort into down voting opposing views voting everything pro aap","not everyone wants hear the other side some people are just too stupid blind even listen that what you are seeing there are lot pro aap supporters this","is where you are wrong on some things not all of these people and I think that is what is happening in this country and it is also why we have to defend our freedoms so I say we don’t accept it. Not all of them are dumb. I can't help you but you are right and honestly I don't care as long as it gets better this is where you are","8.838152338581088e-17","8.23687767580373"
"1044","this what happens when you dont vote leaders like mulayam get elected same principle true for online voting well","this what happens when you dont vote leaders like mulayam get elected same principle true for online voting well","here it is just politics on different occasions and it cant be that way if someone is simply communicating with those in power instead of the people. Yea I don't want to argue about what is in the public interest either. I just don't want people to think we are in a race where there is no political preference. You are saying the people are wrong ? this is not a race","2.4466330549259925e-15","7.8296251700212505"
"1045","you guys sign for expressing your views you guys sign for useless internet points","you guys sign for expressing your views you guys sign for useless internet points","and it gives the community a chance to move on. Then why does it give you free karma You are right about that. I never thought karma was that valuable. I don’t hate people, I just don’t appreciate them. Yea I'm just saying why does the community move on and why does it give you free karma. Because it does give you","3.321098258650897e-20","9.133333333333333"
"1046","yes exhibit the time posting this see the number downvotes didn even show the front page and this how free speech suppressed chaddi warriors seem have another voting ring somewhere","yes exhibit the time posting this see the number downvotes didn even show the front page and this how free speech suppressed chaddi warriors seem have","some problem with being a bit of a ""poster"" while others are ""proud"" to be a ""poster"" to be a ""poster"" to be a ""poster"". 14. The time posting this see the number downvotes didn even show the front page and this how free speech suppressed chaddi warriors seem have some problem with being a bit of a ""","0.0009928159977472498","3.092372966310914"
"1047","you are right","you are right",", only in the US. Yea, I'm in the opposite. I can't wait to meet someone who has a PC. Yea, I'm in the same boat, I'm glad I'm not alone!","3.0052581424616116e-06","4.526019054848144"
"1048","the same people number people who have upvoted this thread also upvote the stories that paint bjp negative light wouldn have this problem","the same people number people who have upvoted this thread also upvote the stories that paint bjp negative light wouldn have this problem","but it does because they did no harm to him. Then why did they upvote that post? Because it has a lot more upvotes than a lot of the stories. Because that post has more people upvoting it than the story? Yea, because it has more people saying that the post has more people saying the story has more people saying the story has more people","3.929873434851008e-17","8.333333333333334"
"1049","candidate found guilty displaying the party symbol election material the candidate can face upto two years jail and fine both will pay the fine why much fuss this does seem gross overreaction the considering how mute they are when rival politicians abuse modi daily basis get the strong feeling that the upa desperation behind this move","candidate found guilty displaying the party symbol election material the candidate can face upto two years jail and fine both will pay the fine why much fuss","and why the jury asked for four months jail. Candidate found guilty displaying the party symbol election material the candidate can face upto two years jail and fine both will pay the fine why much fuss and why the jury asked for four months jail. 15:13PM Wendy Guenther was found guilty in a trial in Las Vegas on Saturday of two counts of","0.0002799531240030914","3.4503277967117714"
